-- phpMyAdmin SQL Dump
-- version 5.2.2
-- https://www.phpmyadmin.net/
--
-- Host: localhost:3306
-- Generation Time: Jul 07, 2025 at 04:31 PM
-- Server version: 10.6.22-MariaDB-cll-lve
-- PHP Version: 8.3.22

SET SQL_MODE = "NO_AUTO_VALUE_ON_ZERO";
START TRANSACTION;
SET time_zone = "+00:00";


/*!40101 SET @OLD_CHARACTER_SET_CLIENT=@@CHARACTER_SET_CLIENT */;
/*!40101 SET @OLD_CHARACTER_SET_RESULTS=@@CHARACTER_SET_RESULTS */;
/*!40101 SET @OLD_COLLATION_CONNECTION=@@COLLATION_CONNECTION */;
/*!40101 SET NAMES utf8mb4 */;

--
-- Database: `igacorke_npbc`
--

-- --------------------------------------------------------

--
-- Table structure for table `administrators`
--

CREATE TABLE `administrators` (
  `id` int(11) NOT NULL,
  `first_name` varchar(50) NOT NULL,
  `other_name` varchar(50) DEFAULT NULL,
  `surname` varchar(50) NOT NULL,
  `phone_number` varchar(12) NOT NULL CHECK (`phone_number` regexp '^[0-9]{4} [0-9]{6}$'),
  `email` varchar(100) DEFAULT NULL,
  `date_of_birth` date DEFAULT NULL,
  `nationality` varchar(50) DEFAULT 'Kenyan',
  `id_type` enum('National ID','Passport') NOT NULL,
  `id_number` varchar(20) NOT NULL,
  `church_name` varchar(100) NOT NULL,
  `church_position` varchar(50) DEFAULT NULL,
  `role` enum('Admin','Clerk','Coordinator') NOT NULL,
  `username` varchar(50) NOT NULL,
  `password` varchar(255) NOT NULL,
  `created_at` timestamp NOT NULL DEFAULT current_timestamp(),
  `created_by` int(11) DEFAULT NULL,
  `updated_at` timestamp NULL DEFAULT NULL,
  `updated_by` int(11) DEFAULT NULL,
  `deleted_at` timestamp NULL DEFAULT NULL,
  `deleted_by` int(11) DEFAULT NULL
) ENGINE=InnoDB DEFAULT CHARSET=utf8mb4 COLLATE=utf8mb4_general_ci;

--
-- Dumping data for table `administrators`
--

INSERT INTO `administrators` (`id`, `first_name`, `other_name`, `surname`, `phone_number`, `email`, `date_of_birth`, `nationality`, `id_type`, `id_number`, `church_name`, `church_position`, `role`, `username`, `password`, `created_at`, `created_by`, `updated_at`, `updated_by`, `deleted_at`, `deleted_by`) VALUES
(1, 'Super', 'A', 'Admin', '0792 508609', 'npbcadmin@igac.or.ke', '2010-01-01', 'Kenyan', 'National ID', '11122223333', 'IGAC Uthiru', 'None', 'Admin', 'admin', '$2a$10$Urszt1pIKiugd8DYgN0VwOBGtkdjN8KL30mWzlnOTlWIpe1dGhnQu', '2025-04-28 09:20:17', NULL, '2025-05-03 14:03:02', 1, NULL, NULL),
(8, 'Brian', 'Chege', 'Njoroge', '0712 758719', 'chegebrian802@gmail.com', '2002-12-07', 'Kenyan', 'National ID', '39557694', 'IGAC Uthiru', 'Admin', 'Admin', 'chegebrian802@gmail.com', '$2y$10$kIc21G/vIIzR7DfGYsVpc.Oj.nY35HtcGvFS.EnO5Sf.Nr0IRwNdW', '2025-05-06 12:01:39', 1, NULL, NULL, NULL, NULL),
(9, 'Joel', 'Cornelius', 'Runyu', '0717 013968', 'joelrunyu@gmail.com', '0000-00-00', 'Kenyan', 'National ID', '34905481', 'IGAC Uthiru', 'Offertory Clerk', 'Admin', 'JCrunyu', '$2y$10$mJXQNLiFqA5/zMkwmyLRfONONhaNC.8ICUb6P99iYqdaXi2uG1zqC', '2025-05-06 12:03:40', 1, NULL, NULL, NULL, NULL),
(10, 'Abel', 'Nyapinda', 'Opunga', '0725 106016', 'opungaaccabel@gmai.com', '2025-05-01', 'Kenyan', 'National ID', '23031001', 'IGAC Uthiru', 'Clergy', 'Coordinator', 'aopunga', '$2y$10$t/JwbYzrmECOKCnpHD0dle/NQHMFsWg8cHiyc5.tZFDjI.VlX/Wly', '2025-05-06 16:45:33', 1, NULL, NULL, NULL, NULL);

-- --------------------------------------------------------

--
-- Table structure for table `assignments`
--

CREATE TABLE `assignments` (
  `id` int(11) NOT NULL,
  `student_id` int(11) DEFAULT NULL,
  `unit_id` int(11) DEFAULT NULL,
  `submission_date` date NOT NULL,
  `submitted_to_college_date` date DEFAULT NULL,
  `file_path` varchar(255) DEFAULT NULL,
  `deleted_at` datetime DEFAULT NULL,
  `deleted_by` int(11) DEFAULT NULL,
  `created_at` timestamp NOT NULL DEFAULT current_timestamp(),
  `created_by` int(11) DEFAULT NULL,
  `updated_at` timestamp NULL DEFAULT NULL,
  `updated_by` int(11) DEFAULT NULL
) ENGINE=InnoDB DEFAULT CHARSET=utf8mb4 COLLATE=utf8mb4_general_ci;

-- --------------------------------------------------------

--
-- Table structure for table `attendance`
--

CREATE TABLE `attendance` (
  `id` int(11) NOT NULL,
  `session_id` int(11) DEFAULT NULL,
  `student_id` int(11) DEFAULT NULL,
  `attended_at` timestamp NOT NULL DEFAULT current_timestamp(),
  `recorded_by` int(11) DEFAULT NULL,
  `updated_at` datetime DEFAULT NULL,
  `updated_by` int(11) DEFAULT NULL,
  `deleted_at` datetime DEFAULT NULL,
  `deleted_by` int(11) DEFAULT NULL
) ENGINE=InnoDB DEFAULT CHARSET=utf8mb4 COLLATE=utf8mb4_general_ci;

--
-- Dumping data for table `attendance`
--

INSERT INTO `attendance` (`id`, `session_id`, `student_id`, `attended_at`, `recorded_by`, `updated_at`, `updated_by`, `deleted_at`, `deleted_by`) VALUES
(46, 12, 64, '2025-05-28 15:21:32', 9, NULL, NULL, NULL, NULL),
(47, 12, 66, '2025-05-28 15:21:32', 9, NULL, NULL, NULL, NULL),
(48, 12, 67, '2025-05-28 15:21:32', 9, NULL, NULL, NULL, NULL),
(49, 12, 69, '2025-05-28 15:21:32', 9, NULL, NULL, NULL, NULL),
(50, 12, 70, '2025-05-28 15:21:32', 9, NULL, NULL, NULL, NULL),
(51, 12, 71, '2025-05-28 15:21:32', 9, NULL, NULL, NULL, NULL),
(52, 12, 113, '2025-05-28 15:21:32', 9, NULL, NULL, NULL, NULL),
(53, 12, 114, '2025-05-28 15:21:32', 9, NULL, NULL, NULL, NULL),
(54, 12, 115, '2025-05-28 15:21:32', 9, NULL, NULL, NULL, NULL),
(55, 12, 116, '2025-05-28 15:21:32', 9, NULL, NULL, NULL, NULL),
(56, 13, 28, '2025-06-19 09:08:10', 9, NULL, NULL, NULL, NULL),
(57, 13, 96, '2025-06-19 09:08:10', 9, NULL, NULL, NULL, NULL),
(58, 13, 51, '2025-06-19 09:08:10', 9, NULL, NULL, NULL, NULL),
(59, 13, 52, '2025-06-19 09:08:10', 9, NULL, NULL, NULL, NULL),
(60, 13, 108, '2025-06-19 09:08:10', 9, NULL, NULL, NULL, NULL),
(61, 13, 103, '2025-06-19 09:08:10', 9, NULL, NULL, NULL, NULL),
(62, 13, 105, '2025-06-19 09:08:10', 9, NULL, NULL, NULL, NULL),
(63, 13, 53, '2025-06-19 09:08:10', 9, NULL, NULL, NULL, NULL),
(64, 13, 104, '2025-06-19 09:08:10', 9, NULL, NULL, NULL, NULL),
(65, 13, 55, '2025-06-19 09:08:10', 9, NULL, NULL, NULL, NULL),
(66, 13, 102, '2025-06-19 09:08:10', 9, NULL, NULL, NULL, NULL),
(67, 14, 56, '2025-06-19 10:33:28', 9, NULL, NULL, NULL, NULL),
(68, 14, 57, '2025-06-19 10:33:28', 9, NULL, NULL, NULL, NULL),
(69, 14, 58, '2025-06-19 10:33:28', 9, NULL, NULL, NULL, NULL),
(70, 14, 59, '2025-06-19 10:33:28', 9, NULL, NULL, NULL, NULL),
(71, 14, 60, '2025-06-19 10:33:28', 9, NULL, NULL, NULL, NULL),
(72, 14, 61, '2025-06-19 10:33:28', 9, NULL, NULL, NULL, NULL),
(73, 14, 62, '2025-06-19 10:33:28', 9, NULL, NULL, NULL, NULL),
(74, 14, 63, '2025-06-19 10:33:28', 9, NULL, NULL, NULL, NULL),
(75, 14, 91, '2025-06-19 10:33:28', 9, NULL, NULL, NULL, NULL),
(76, 14, 92, '2025-06-19 10:33:28', 9, NULL, NULL, NULL, NULL),
(77, 14, 93, '2025-06-19 10:33:28', 9, NULL, NULL, NULL, NULL),
(78, 14, 94, '2025-06-19 10:33:28', 9, NULL, NULL, NULL, NULL),
(79, 14, 95, '2025-06-19 10:33:28', 9, NULL, NULL, NULL, NULL),
(80, 14, 98, '2025-06-19 10:33:28', 9, NULL, NULL, NULL, NULL),
(81, 14, 99, '2025-06-19 10:33:28', 9, NULL, NULL, NULL, NULL),
(82, 14, 100, '2025-06-19 10:33:28', 9, NULL, NULL, NULL, NULL),
(83, 14, 109, '2025-06-19 10:33:28', 9, NULL, NULL, NULL, NULL),
(84, 14, 110, '2025-06-19 10:33:28', 9, NULL, NULL, NULL, NULL),
(85, 14, 111, '2025-06-19 10:33:28', 9, NULL, NULL, NULL, NULL),
(86, 14, 112, '2025-06-19 10:33:28', 9, NULL, NULL, NULL, NULL),
(87, 14, 117, '2025-06-19 13:42:57', 9, NULL, NULL, NULL, NULL),
(88, 14, 125, '2025-06-19 13:42:57', 9, NULL, NULL, NULL, NULL),
(89, 15, 66, '2025-06-20 08:44:07', 9, NULL, NULL, NULL, NULL),
(90, 15, 67, '2025-06-20 08:44:07', 9, NULL, NULL, NULL, NULL),
(91, 15, 68, '2025-06-20 08:44:07', 9, NULL, NULL, NULL, NULL),
(92, 15, 70, '2025-06-20 08:44:07', 9, NULL, NULL, NULL, NULL),
(93, 15, 113, '2025-06-20 08:44:07', 9, NULL, NULL, NULL, NULL),
(94, 15, 116, '2025-06-20 08:44:07', 9, NULL, NULL, NULL, NULL),
(95, 15, 118, '2025-06-20 08:47:32', 9, NULL, NULL, NULL, NULL),
(96, 15, 121, '2025-06-20 08:47:32', 9, NULL, NULL, NULL, NULL),
(97, 15, 122, '2025-06-20 08:47:32', 9, NULL, NULL, NULL, NULL),
(98, 15, 123, '2025-06-20 08:47:32', 9, NULL, NULL, NULL, NULL),
(99, 15, 124, '2025-06-20 08:47:32', 9, NULL, NULL, NULL, NULL),
(100, 16, 56, '2025-06-20 09:29:00', 9, NULL, NULL, NULL, NULL),
(101, 16, 57, '2025-06-20 09:29:00', 9, NULL, NULL, NULL, NULL),
(102, 16, 58, '2025-06-20 09:29:00', 9, NULL, NULL, NULL, NULL),
(103, 16, 59, '2025-06-20 09:29:00', 9, NULL, NULL, NULL, NULL),
(104, 16, 60, '2025-06-20 09:29:00', 9, NULL, NULL, NULL, NULL),
(105, 16, 61, '2025-06-20 09:29:00', 9, NULL, NULL, NULL, NULL),
(106, 16, 62, '2025-06-20 09:29:00', 9, NULL, NULL, NULL, NULL),
(107, 16, 63, '2025-06-20 09:29:00', 9, NULL, NULL, NULL, NULL),
(108, 16, 92, '2025-06-20 09:29:00', 9, NULL, NULL, NULL, NULL),
(109, 16, 94, '2025-06-20 09:29:00', 9, NULL, NULL, NULL, NULL),
(110, 16, 95, '2025-06-20 09:29:00', 9, NULL, NULL, NULL, NULL),
(111, 16, 98, '2025-06-20 09:29:00', 9, NULL, NULL, NULL, NULL),
(112, 16, 99, '2025-06-20 09:29:00', 9, NULL, NULL, NULL, NULL),
(113, 16, 100, '2025-06-20 09:29:00', 9, NULL, NULL, NULL, NULL),
(114, 16, 109, '2025-06-20 09:29:00', 9, NULL, NULL, NULL, NULL),
(115, 16, 110, '2025-06-20 09:29:00', 9, NULL, NULL, NULL, NULL),
(116, 16, 111, '2025-06-20 09:29:00', 9, NULL, NULL, NULL, NULL),
(117, 16, 112, '2025-06-20 09:29:00', 9, NULL, NULL, NULL, NULL),
(118, 16, 117, '2025-06-20 09:29:00', 9, NULL, NULL, NULL, NULL),
(119, 16, 125, '2025-06-20 09:29:00', 9, NULL, NULL, NULL, NULL),
(120, 17, 66, '2025-06-20 12:36:09', 9, NULL, NULL, NULL, NULL),
(121, 17, 67, '2025-06-20 12:36:09', 9, NULL, NULL, NULL, NULL),
(122, 17, 68, '2025-06-20 12:36:09', 9, NULL, NULL, NULL, NULL),
(123, 17, 70, '2025-06-20 12:36:09', 9, NULL, NULL, NULL, NULL),
(124, 17, 113, '2025-06-20 12:36:09', 9, NULL, NULL, NULL, NULL),
(125, 17, 114, '2025-06-20 12:36:09', 9, NULL, NULL, NULL, NULL),
(126, 17, 115, '2025-06-20 12:36:09', 9, NULL, NULL, NULL, NULL),
(127, 17, 116, '2025-06-20 12:36:09', 9, NULL, NULL, NULL, NULL),
(128, 17, 118, '2025-06-20 12:36:09', 9, NULL, NULL, NULL, NULL),
(129, 17, 122, '2025-06-20 12:36:09', 9, NULL, NULL, NULL, NULL),
(130, 18, 56, '2025-06-20 12:46:44', 9, NULL, NULL, NULL, NULL),
(131, 18, 57, '2025-06-20 12:46:44', 9, NULL, NULL, NULL, NULL),
(132, 18, 58, '2025-06-20 12:46:44', 9, NULL, NULL, NULL, NULL),
(133, 18, 59, '2025-06-20 12:46:44', 9, NULL, NULL, NULL, NULL),
(134, 18, 60, '2025-06-20 12:46:44', 9, NULL, NULL, NULL, NULL),
(135, 18, 61, '2025-06-20 12:46:44', 9, NULL, NULL, NULL, NULL),
(136, 18, 62, '2025-06-20 12:46:44', 9, NULL, NULL, NULL, NULL),
(137, 18, 91, '2025-06-20 12:46:44', 9, NULL, NULL, NULL, NULL),
(138, 18, 92, '2025-06-20 12:46:44', 9, NULL, NULL, NULL, NULL),
(139, 18, 94, '2025-06-20 12:46:44', 9, NULL, NULL, NULL, NULL),
(140, 18, 95, '2025-06-20 12:46:44', 9, NULL, NULL, NULL, NULL),
(141, 18, 98, '2025-06-20 12:46:44', 9, NULL, NULL, NULL, NULL),
(142, 18, 99, '2025-06-20 12:46:44', 9, NULL, NULL, NULL, NULL),
(143, 18, 100, '2025-06-20 12:46:44', 9, NULL, NULL, NULL, NULL),
(144, 18, 109, '2025-06-20 12:46:44', 9, NULL, NULL, NULL, NULL),
(145, 18, 110, '2025-06-20 12:46:44', 9, NULL, NULL, NULL, NULL),
(146, 18, 111, '2025-06-20 12:46:44', 9, NULL, NULL, NULL, NULL),
(147, 18, 112, '2025-06-20 12:46:44', 9, NULL, NULL, NULL, NULL),
(148, 18, 117, '2025-06-20 12:46:44', 9, NULL, NULL, NULL, NULL),
(149, 18, 125, '2025-06-20 12:46:44', 9, NULL, NULL, NULL, NULL),
(150, 18, 126, '2025-06-20 12:50:20', 9, NULL, NULL, NULL, NULL),
(151, 19, 28, '2025-06-20 14:09:12', 9, NULL, NULL, NULL, NULL),
(152, 19, 51, '2025-06-20 14:09:12', 9, NULL, NULL, NULL, NULL),
(153, 19, 52, '2025-06-20 14:09:12', 9, NULL, NULL, NULL, NULL),
(154, 19, 53, '2025-06-20 14:09:12', 9, NULL, NULL, NULL, NULL),
(155, 19, 55, '2025-06-20 14:09:12', 9, NULL, NULL, NULL, NULL),
(156, 19, 96, '2025-06-20 14:09:12', 9, NULL, NULL, NULL, NULL),
(157, 19, 97, '2025-06-20 14:09:12', 9, NULL, NULL, NULL, NULL),
(158, 19, 102, '2025-06-20 14:09:12', 9, NULL, NULL, NULL, NULL),
(159, 19, 103, '2025-06-20 14:09:12', 9, NULL, NULL, NULL, NULL),
(160, 19, 104, '2025-06-20 14:09:12', 9, NULL, NULL, NULL, NULL),
(161, 19, 105, '2025-06-20 14:09:12', 9, NULL, NULL, NULL, NULL),
(162, 19, 106, '2025-06-20 14:09:12', 9, NULL, NULL, NULL, NULL),
(163, 19, 107, '2025-06-20 14:09:12', 9, NULL, NULL, NULL, NULL),
(164, 19, 108, '2025-06-20 14:09:12', 9, NULL, NULL, NULL, NULL),
(165, 19, 101, '2025-06-20 14:09:12', 9, NULL, NULL, NULL, NULL),
(166, 19, 128, '2025-06-20 14:12:46', 9, NULL, NULL, NULL, NULL),
(167, 20, 28, '2025-06-26 07:36:42', 9, NULL, NULL, NULL, NULL),
(168, 20, 51, '2025-06-26 07:36:42', 9, NULL, NULL, NULL, NULL),
(169, 20, 52, '2025-06-26 07:36:42', 9, NULL, NULL, NULL, NULL),
(170, 20, 53, '2025-06-26 07:36:42', 9, NULL, NULL, NULL, NULL),
(171, 20, 54, '2025-06-26 07:36:42', 9, NULL, NULL, NULL, NULL),
(172, 20, 55, '2025-06-26 07:36:42', 9, NULL, NULL, NULL, NULL),
(173, 20, 96, '2025-06-26 07:36:42', 9, NULL, NULL, NULL, NULL),
(174, 20, 97, '2025-06-26 07:36:42', 9, NULL, NULL, NULL, NULL),
(175, 20, 102, '2025-06-26 07:36:42', 9, NULL, NULL, NULL, NULL),
(176, 20, 103, '2025-06-26 07:36:42', 9, NULL, NULL, NULL, NULL),
(177, 20, 104, '2025-06-26 07:36:42', 9, NULL, NULL, NULL, NULL),
(178, 20, 105, '2025-06-26 07:36:42', 9, NULL, NULL, NULL, NULL),
(179, 20, 106, '2025-06-26 07:36:42', 9, NULL, NULL, NULL, NULL),
(180, 20, 107, '2025-06-26 07:36:42', 9, NULL, NULL, NULL, NULL),
(181, 20, 108, '2025-06-26 07:36:42', 9, NULL, NULL, NULL, NULL),
(182, 20, 101, '2025-06-26 07:36:42', 9, NULL, NULL, NULL, NULL),
(183, 21, 64, '2025-06-26 08:20:04', 9, NULL, NULL, NULL, NULL),
(184, 21, 66, '2025-06-26 08:20:04', 9, NULL, NULL, NULL, NULL),
(185, 21, 67, '2025-06-26 08:20:04', 9, NULL, NULL, NULL, NULL),
(186, 21, 68, '2025-06-26 08:20:04', 9, NULL, NULL, NULL, NULL),
(187, 21, 69, '2025-06-26 08:20:04', 9, NULL, NULL, NULL, NULL),
(188, 21, 70, '2025-06-26 08:20:04', 9, NULL, NULL, NULL, NULL),
(189, 21, 114, '2025-06-26 08:20:04', 9, NULL, NULL, NULL, NULL),
(190, 21, 115, '2025-06-26 08:20:04', 9, NULL, NULL, NULL, NULL),
(191, 21, 116, '2025-06-26 08:20:04', 9, NULL, NULL, NULL, NULL),
(192, 21, 118, '2025-06-26 08:20:04', 9, NULL, NULL, NULL, NULL),
(193, 21, 122, '2025-06-26 08:20:04', 9, NULL, NULL, NULL, NULL),
(194, 22, 56, '2025-06-26 08:32:12', 9, NULL, NULL, NULL, NULL),
(195, 22, 57, '2025-06-26 08:32:12', 9, NULL, NULL, NULL, NULL),
(196, 22, 58, '2025-06-26 08:32:12', 9, NULL, NULL, NULL, NULL),
(197, 22, 59, '2025-06-26 08:32:12', 9, NULL, NULL, NULL, NULL),
(198, 22, 60, '2025-06-26 08:32:12', 9, NULL, NULL, NULL, NULL),
(199, 22, 62, '2025-06-26 08:32:12', 9, NULL, NULL, NULL, NULL),
(200, 22, 63, '2025-06-26 08:32:12', 9, NULL, NULL, NULL, NULL),
(201, 22, 91, '2025-06-26 08:32:12', 9, NULL, NULL, NULL, NULL),
(202, 22, 92, '2025-06-26 08:32:12', 9, NULL, NULL, NULL, NULL),
(203, 22, 94, '2025-06-26 08:32:12', 9, NULL, NULL, NULL, NULL),
(204, 22, 95, '2025-06-26 08:32:12', 9, NULL, NULL, NULL, NULL),
(205, 22, 98, '2025-06-26 08:32:12', 9, NULL, NULL, NULL, NULL),
(206, 22, 99, '2025-06-26 08:32:12', 9, NULL, NULL, NULL, NULL),
(207, 22, 100, '2025-06-26 08:32:12', 9, NULL, NULL, NULL, NULL),
(208, 22, 109, '2025-06-26 08:32:12', 9, NULL, NULL, NULL, NULL),
(209, 22, 110, '2025-06-26 08:32:12', 9, NULL, NULL, NULL, NULL),
(210, 22, 111, '2025-06-26 08:32:12', 9, NULL, NULL, NULL, NULL),
(211, 22, 112, '2025-06-26 08:32:12', 9, NULL, NULL, NULL, NULL),
(212, 22, 117, '2025-06-26 08:32:12', 9, NULL, NULL, NULL, NULL),
(213, 22, 125, '2025-06-26 08:32:12', 9, NULL, NULL, NULL, NULL),
(214, 23, 64, '2025-06-26 10:40:49', 9, NULL, NULL, NULL, NULL),
(215, 23, 66, '2025-06-26 10:40:49', 9, NULL, NULL, NULL, NULL),
(216, 23, 67, '2025-06-26 10:40:49', 9, NULL, NULL, NULL, NULL),
(217, 23, 68, '2025-06-26 10:40:49', 9, NULL, NULL, NULL, NULL),
(218, 23, 69, '2025-06-26 10:40:49', 9, NULL, NULL, NULL, NULL),
(219, 23, 70, '2025-06-26 10:40:49', 9, NULL, NULL, NULL, NULL),
(220, 23, 71, '2025-06-26 10:40:49', 9, NULL, NULL, NULL, NULL),
(221, 23, 113, '2025-06-26 10:40:49', 9, NULL, NULL, NULL, NULL),
(222, 23, 114, '2025-06-26 10:40:49', 9, NULL, NULL, NULL, NULL),
(223, 23, 115, '2025-06-26 10:40:49', 9, NULL, NULL, NULL, NULL),
(224, 23, 116, '2025-06-26 10:40:49', 9, NULL, NULL, NULL, NULL),
(225, 23, 122, '2025-06-26 10:40:49', 9, NULL, NULL, NULL, NULL),
(226, 23, 133, '2025-06-26 10:56:09', 9, NULL, NULL, NULL, NULL),
(227, 25, 28, '2025-06-26 11:11:54', 9, NULL, NULL, NULL, NULL),
(228, 25, 51, '2025-06-26 11:11:54', 9, NULL, NULL, NULL, NULL),
(229, 25, 52, '2025-06-26 11:11:54', 9, NULL, NULL, NULL, NULL),
(230, 25, 53, '2025-06-26 11:11:54', 9, NULL, NULL, NULL, NULL),
(231, 25, 54, '2025-06-26 11:11:54', 9, NULL, NULL, NULL, NULL),
(232, 25, 55, '2025-06-26 11:11:54', 9, NULL, NULL, NULL, NULL),
(233, 25, 96, '2025-06-26 11:11:54', 9, NULL, NULL, NULL, NULL),
(234, 25, 97, '2025-06-26 11:11:54', 9, NULL, NULL, NULL, NULL),
(235, 25, 102, '2025-06-26 11:11:54', 9, NULL, NULL, NULL, NULL),
(236, 25, 103, '2025-06-26 11:11:54', 9, NULL, NULL, NULL, NULL),
(237, 25, 104, '2025-06-26 11:11:54', 9, NULL, NULL, NULL, NULL),
(238, 25, 105, '2025-06-26 11:11:54', 9, NULL, NULL, NULL, NULL),
(239, 25, 106, '2025-06-26 11:11:54', 9, NULL, NULL, NULL, NULL),
(240, 25, 108, '2025-06-26 11:11:54', 9, NULL, NULL, NULL, NULL),
(241, 25, 101, '2025-06-26 11:11:54', 9, NULL, NULL, NULL, NULL),
(242, 25, 128, '2025-06-26 11:11:54', 9, NULL, NULL, NULL, NULL),
(243, 24, 56, '2025-06-26 11:13:45', 9, NULL, NULL, NULL, NULL),
(244, 24, 57, '2025-06-26 11:13:45', 9, NULL, NULL, NULL, NULL),
(245, 24, 58, '2025-06-26 11:13:45', 9, NULL, NULL, NULL, NULL),
(246, 24, 59, '2025-06-26 11:13:45', 9, NULL, NULL, NULL, NULL),
(247, 24, 60, '2025-06-26 11:13:45', 9, NULL, NULL, NULL, NULL),
(248, 24, 61, '2025-06-26 11:13:45', 9, NULL, NULL, NULL, NULL),
(249, 24, 62, '2025-06-26 11:13:45', 9, NULL, NULL, NULL, NULL),
(250, 24, 63, '2025-06-26 11:13:45', 9, NULL, NULL, NULL, NULL),
(251, 24, 92, '2025-06-26 11:13:45', 9, NULL, NULL, NULL, NULL),
(252, 24, 94, '2025-06-26 11:13:45', 9, NULL, NULL, NULL, NULL),
(253, 24, 95, '2025-06-26 11:13:45', 9, NULL, NULL, NULL, NULL),
(254, 24, 98, '2025-06-26 11:13:45', 9, NULL, NULL, NULL, NULL),
(255, 24, 99, '2025-06-26 11:13:45', 9, NULL, NULL, NULL, NULL),
(256, 24, 100, '2025-06-26 11:13:45', 9, NULL, NULL, NULL, NULL),
(257, 24, 109, '2025-06-26 11:13:45', 9, NULL, NULL, NULL, NULL),
(258, 24, 110, '2025-06-26 11:13:45', 9, NULL, NULL, NULL, NULL),
(259, 24, 111, '2025-06-26 11:13:45', 9, NULL, NULL, NULL, NULL),
(260, 24, 112, '2025-06-26 11:13:45', 9, NULL, NULL, NULL, NULL),
(261, 24, 117, '2025-06-26 11:13:45', 9, NULL, NULL, NULL, NULL),
(262, 24, 125, '2025-06-26 11:13:45', 9, NULL, NULL, NULL, NULL),
(263, 26, 64, '2025-06-26 11:33:21', 9, NULL, NULL, NULL, NULL),
(264, 26, 66, '2025-06-26 11:33:21', 9, NULL, NULL, NULL, NULL),
(265, 26, 67, '2025-06-26 11:33:21', 9, NULL, NULL, NULL, NULL),
(266, 26, 68, '2025-06-26 11:33:21', 9, NULL, NULL, NULL, NULL),
(267, 26, 69, '2025-06-26 11:33:21', 9, NULL, NULL, NULL, NULL),
(268, 26, 70, '2025-06-26 11:33:21', 9, NULL, NULL, NULL, NULL),
(269, 26, 71, '2025-06-26 11:33:21', 9, NULL, NULL, NULL, NULL),
(270, 26, 113, '2025-06-26 11:33:21', 9, NULL, NULL, NULL, NULL),
(271, 26, 114, '2025-06-26 11:33:21', 9, NULL, NULL, NULL, NULL),
(272, 26, 115, '2025-06-26 11:33:21', 9, NULL, NULL, NULL, NULL),
(273, 26, 116, '2025-06-26 11:33:21', 9, NULL, NULL, NULL, NULL),
(274, 26, 123, '2025-06-26 11:33:21', 9, NULL, NULL, NULL, NULL),
(275, 27, 56, '2025-06-26 11:50:05', 9, NULL, NULL, NULL, NULL),
(276, 27, 57, '2025-06-26 11:50:05', 9, NULL, NULL, NULL, NULL),
(277, 27, 58, '2025-06-26 11:50:05', 9, NULL, NULL, NULL, NULL),
(278, 27, 59, '2025-06-26 11:50:05', 9, NULL, NULL, NULL, NULL),
(279, 27, 60, '2025-06-26 11:50:05', 9, NULL, NULL, NULL, NULL),
(280, 27, 61, '2025-06-26 11:50:05', 9, NULL, NULL, NULL, NULL),
(281, 27, 62, '2025-06-26 11:50:05', 9, NULL, NULL, NULL, NULL),
(282, 27, 63, '2025-06-26 11:50:05', 9, NULL, NULL, NULL, NULL),
(283, 27, 91, '2025-06-26 11:50:05', 9, NULL, NULL, NULL, NULL),
(284, 27, 92, '2025-06-26 11:50:05', 9, NULL, NULL, NULL, NULL),
(285, 27, 93, '2025-06-26 11:50:05', 9, NULL, NULL, NULL, NULL),
(286, 27, 94, '2025-06-26 11:50:05', 9, NULL, NULL, NULL, NULL),
(287, 27, 95, '2025-06-26 11:50:05', 9, NULL, NULL, NULL, NULL),
(288, 27, 99, '2025-06-26 11:50:05', 9, NULL, NULL, NULL, NULL),
(289, 27, 100, '2025-06-26 11:50:05', 9, NULL, NULL, NULL, NULL),
(290, 27, 109, '2025-06-26 11:50:05', 9, NULL, NULL, NULL, NULL),
(291, 27, 110, '2025-06-26 11:50:05', 9, NULL, NULL, NULL, NULL),
(292, 27, 111, '2025-06-26 11:50:05', 9, NULL, NULL, NULL, NULL),
(293, 27, 112, '2025-06-26 11:50:05', 9, NULL, NULL, NULL, NULL),
(294, 27, 117, '2025-06-26 11:50:05', 9, NULL, NULL, NULL, NULL),
(295, 27, 125, '2025-06-26 11:50:05', 9, NULL, NULL, NULL, NULL),
(296, 28, 28, '2025-06-26 12:00:41', 9, NULL, NULL, NULL, NULL),
(297, 28, 51, '2025-06-26 12:00:41', 9, NULL, NULL, NULL, NULL),
(298, 28, 52, '2025-06-26 12:00:41', 9, NULL, NULL, NULL, NULL),
(299, 28, 53, '2025-06-26 12:00:41', 9, NULL, NULL, NULL, NULL),
(300, 28, 54, '2025-06-26 12:00:41', 9, NULL, NULL, NULL, NULL),
(301, 28, 55, '2025-06-26 12:00:41', 9, NULL, NULL, NULL, NULL),
(302, 28, 97, '2025-06-26 12:00:41', 9, NULL, NULL, NULL, NULL),
(303, 28, 102, '2025-06-26 12:00:41', 9, NULL, NULL, NULL, NULL),
(304, 28, 103, '2025-06-26 12:00:41', 9, NULL, NULL, NULL, NULL),
(305, 28, 104, '2025-06-26 12:00:41', 9, NULL, NULL, NULL, NULL),
(306, 28, 105, '2025-06-26 12:00:41', 9, NULL, NULL, NULL, NULL),
(307, 28, 106, '2025-06-26 12:00:41', 9, NULL, NULL, NULL, NULL),
(308, 28, 107, '2025-06-26 12:00:41', 9, NULL, NULL, NULL, NULL),
(309, 28, 108, '2025-06-26 12:00:41', 9, NULL, NULL, NULL, NULL),
(310, 28, 101, '2025-06-26 12:00:41', 9, NULL, NULL, NULL, NULL),
(311, 29, 28, '2025-06-26 12:11:01', 9, NULL, NULL, NULL, NULL),
(312, 29, 51, '2025-06-26 12:11:01', 9, NULL, NULL, NULL, NULL),
(313, 29, 52, '2025-06-26 12:11:01', 9, NULL, NULL, NULL, NULL),
(314, 29, 53, '2025-06-26 12:11:01', 9, NULL, NULL, NULL, NULL),
(315, 29, 54, '2025-06-26 12:11:01', 9, NULL, NULL, NULL, NULL),
(316, 29, 55, '2025-06-26 12:11:01', 9, NULL, NULL, NULL, NULL),
(317, 29, 96, '2025-06-26 12:11:01', 9, NULL, NULL, NULL, NULL),
(318, 29, 97, '2025-06-26 12:11:01', 9, NULL, NULL, NULL, NULL),
(319, 29, 102, '2025-06-26 12:11:01', 9, NULL, NULL, NULL, NULL),
(320, 29, 103, '2025-06-26 12:11:01', 9, NULL, NULL, NULL, NULL),
(321, 29, 104, '2025-06-26 12:11:01', 9, NULL, NULL, NULL, NULL),
(322, 29, 105, '2025-06-26 12:11:01', 9, NULL, NULL, NULL, NULL),
(323, 29, 106, '2025-06-26 12:11:01', 9, NULL, NULL, NULL, NULL),
(324, 29, 107, '2025-06-26 12:11:01', 9, NULL, NULL, NULL, NULL),
(325, 29, 108, '2025-06-26 12:11:01', 9, NULL, NULL, NULL, NULL),
(326, 29, 101, '2025-06-26 12:11:01', 9, NULL, NULL, NULL, NULL),
(327, 30, 64, '2025-07-04 08:46:37', 9, NULL, NULL, NULL, NULL),
(328, 30, 66, '2025-07-04 08:46:37', 9, NULL, NULL, NULL, NULL),
(329, 30, 67, '2025-07-04 08:46:37', 9, NULL, NULL, NULL, NULL),
(330, 30, 69, '2025-07-04 08:46:37', 9, NULL, NULL, NULL, NULL),
(331, 30, 70, '2025-07-04 08:46:37', 9, NULL, NULL, NULL, NULL),
(332, 30, 71, '2025-07-04 08:46:37', 9, NULL, NULL, NULL, NULL),
(333, 30, 113, '2025-07-04 08:46:37', 9, NULL, NULL, NULL, NULL),
(334, 30, 114, '2025-07-04 08:46:37', 9, NULL, NULL, NULL, NULL),
(335, 30, 115, '2025-07-04 08:46:37', 9, NULL, NULL, NULL, NULL),
(336, 30, 116, '2025-07-04 08:46:37', 9, NULL, NULL, NULL, NULL),
(337, 31, 56, '2025-07-04 08:56:45', 9, NULL, NULL, NULL, NULL),
(338, 31, 57, '2025-07-04 08:56:45', 9, NULL, NULL, NULL, NULL),
(339, 31, 58, '2025-07-04 08:56:45', 9, NULL, NULL, NULL, NULL),
(340, 31, 59, '2025-07-04 08:56:45', 9, NULL, NULL, NULL, NULL),
(341, 31, 60, '2025-07-04 08:56:45', 9, NULL, NULL, NULL, NULL),
(342, 31, 61, '2025-07-04 08:56:45', 9, NULL, NULL, NULL, NULL),
(343, 31, 62, '2025-07-04 08:56:45', 9, NULL, NULL, NULL, NULL),
(344, 31, 63, '2025-07-04 08:56:45', 9, NULL, NULL, NULL, NULL),
(345, 31, 91, '2025-07-04 08:56:45', 9, NULL, NULL, NULL, NULL),
(346, 31, 92, '2025-07-04 08:56:45', 9, NULL, NULL, NULL, NULL),
(347, 31, 93, '2025-07-04 08:56:45', 9, NULL, NULL, NULL, NULL),
(348, 31, 94, '2025-07-04 08:56:45', 9, NULL, NULL, NULL, NULL),
(349, 31, 95, '2025-07-04 08:56:45', 9, NULL, NULL, NULL, NULL),
(350, 31, 98, '2025-07-04 08:56:45', 9, NULL, NULL, NULL, NULL),
(351, 31, 99, '2025-07-04 08:56:45', 9, NULL, NULL, NULL, NULL),
(352, 31, 100, '2025-07-04 08:56:45', 9, NULL, NULL, NULL, NULL),
(353, 31, 109, '2025-07-04 08:56:45', 9, NULL, NULL, NULL, NULL),
(354, 31, 110, '2025-07-04 08:56:45', 9, NULL, NULL, NULL, NULL),
(355, 31, 111, '2025-07-04 08:56:45', 9, NULL, NULL, NULL, NULL),
(356, 31, 112, '2025-07-04 08:56:45', 9, NULL, NULL, NULL, NULL),
(357, 31, 117, '2025-07-04 08:56:45', 9, NULL, NULL, NULL, NULL),
(358, 31, 125, '2025-07-04 08:56:45', 9, NULL, NULL, NULL, NULL),
(359, 32, 28, '2025-07-04 09:17:10', 9, NULL, NULL, NULL, NULL),
(360, 32, 51, '2025-07-04 09:17:10', 9, NULL, NULL, NULL, NULL),
(361, 32, 52, '2025-07-04 09:17:10', 9, NULL, NULL, NULL, NULL),
(362, 32, 53, '2025-07-04 09:17:10', 9, NULL, NULL, NULL, NULL),
(363, 32, 54, '2025-07-04 09:17:10', 9, NULL, NULL, NULL, NULL),
(364, 32, 55, '2025-07-04 09:17:10', 9, NULL, NULL, NULL, NULL),
(365, 32, 96, '2025-07-04 09:17:10', 9, NULL, NULL, NULL, NULL),
(366, 32, 97, '2025-07-04 09:17:10', 9, NULL, NULL, NULL, NULL),
(367, 32, 102, '2025-07-04 09:17:10', 9, NULL, NULL, NULL, NULL),
(368, 32, 103, '2025-07-04 09:17:10', 9, NULL, NULL, NULL, NULL),
(369, 32, 104, '2025-07-04 09:17:10', 9, NULL, NULL, NULL, NULL),
(370, 32, 105, '2025-07-04 09:17:10', 9, NULL, NULL, NULL, NULL),
(371, 32, 106, '2025-07-04 09:17:10', 9, NULL, NULL, NULL, NULL),
(372, 32, 107, '2025-07-04 09:17:10', 9, NULL, NULL, NULL, NULL),
(373, 32, 108, '2025-07-04 09:17:10', 9, NULL, NULL, NULL, NULL),
(374, 32, 101, '2025-07-04 09:17:10', 9, NULL, NULL, NULL, NULL);

-- --------------------------------------------------------

--
-- Table structure for table `audit_trail`
--

CREATE TABLE `audit_trail` (
  `id` int(11) NOT NULL,
  `user_id` int(11) DEFAULT NULL,
  `action` varchar(50) NOT NULL,
  `table_name` varchar(50) DEFAULT NULL,
  `record_id` int(11) DEFAULT NULL,
  `details` text DEFAULT NULL,
  `action_time` timestamp NOT NULL DEFAULT current_timestamp()
) ENGINE=InnoDB DEFAULT CHARSET=utf8mb4 COLLATE=utf8mb4_general_ci;

--
-- Dumping data for table `audit_trail`
--

INSERT INTO `audit_trail` (`id`, `user_id`, `action`, `table_name`, `record_id`, `details`, `action_time`) VALUES
(187, 1, 'Updated Administrator', 'administrators', 1, 'Username: admin', '2025-05-03 14:03:02'),
(188, 1, 'Added Administrator', 'administrators', 8, 'Username: chegebrian802@gmail.com', '2025-05-06 12:01:39'),
(189, 1, 'Added Administrator', 'administrators', 9, 'Username: JCrunyu', '2025-05-06 12:03:40'),
(190, 1, 'Added Student', 'students', 28, 'Student: NPBC/IGACU/2023/0001', '2025-05-06 12:32:55'),
(191, 1, 'Enrolled Student', 'enrollments', 28, 'Student ID: 28, Level ID: 3, Academic Year: 2025', '2025-05-06 14:21:31'),
(192, 1, 'Enrolled Student', 'enrollments', 29, 'Student ID: 51, Level ID: 3, Academic Year: 2025', '2025-05-06 14:22:01'),
(193, 1, 'Enrolled Student', 'enrollments', 30, 'Student ID: 52, Level ID: 3, Academic Year: 2025', '2025-05-06 14:22:17'),
(194, 1, 'Updated Unit', 'units', 37, 'Code: GED1141, Name: Principles of Study', '2025-05-06 14:37:39'),
(195, 1, 'Added Administrator', 'administrators', 10, 'Username: aopunga', '2025-05-06 16:45:33'),
(196, 1, 'Updated Unit', 'units', 38, 'Code: BIBI1102, Name: Introduction to the Old Testament', '2025-05-06 17:17:37'),
(197, 1, 'Updated Unit', 'units', 39, 'Code: THE2142, Name: Soteriology', '2025-05-06 17:19:57'),
(198, 1, 'Updated Unit', 'units', 42, 'Code: THE1164, Name: God and Angels', '2025-05-06 17:22:16'),
(199, 1, 'Updated Unit', 'units', 42, 'Code: THE1164, Name: God and Angels', '2025-05-06 17:22:29'),
(200, 1, 'Updated Unit', 'units', 43, 'Code: MIN2381, Name: Christian Counseling', '2025-05-06 17:23:45'),
(201, 1, 'Updated Unit', 'units', 43, 'Code: MIN2381, Name: Christian Counseling', '2025-05-06 17:23:53'),
(202, 1, 'Updated Unit', 'units', 43, 'Code: MIN2381, Name: Christian Counseling', '2025-05-06 17:24:26'),
(203, 1, 'Updated Unit', 'units', 43, 'Code: MIN2381, Name: Christian Counseling', '2025-05-06 17:25:01'),
(204, 1, 'Updated Unit', 'units', 44, 'Code: BIB1243, Name: Genesis', '2025-05-06 17:58:03'),
(205, 1, 'Updated Unit', 'units', 44, 'Code: BIB1243, Name: Genesis', '2025-05-06 17:58:03'),
(206, 1, 'Updated Unit', 'units', 44, 'Code: BIB1243, Name: Genesis', '2025-05-09 11:09:18'),
(207, 1, 'Updated Unit', 'units', 40, 'Code: BIB1262, Name: Hermeneutics', '2025-05-09 11:10:26'),
(208, 1, 'Updated Unit', 'units', 40, 'Code: BIB1262, Name: Hermeneutics', '2025-05-09 11:10:59'),
(209, 1, 'Updated Unit', 'units', 41, 'Code: MIN1363, Name: Homiletics', '2025-05-09 11:12:02'),
(210, 1, 'Updated Unit', 'units', 45, 'Code: BIB2105, Name: Introduction to New Testament', '2025-05-09 11:15:04'),
(211, 1, 'Updated Unit', 'units', 46, 'Code: BIB2345, Name: Romans and Galatians', '2025-05-09 11:15:57'),
(212, 1, 'Updated Unit', 'units', 47, 'Code: THE2342, Name: Eschatology', '2025-05-09 11:16:47'),
(213, 1, 'Updated Unit', 'units', 48, 'Code: MIN1166, Name: Evangelism and Discipleship', '2025-05-09 11:19:56'),
(214, 1, 'Updated Unit', 'units', 49, 'Code: MIN1341, Name: Ministry to Children', '2025-05-09 11:22:10'),
(215, 1, 'Updated Unit', 'units', 50, 'Code: GED1342, Name: Chrisian Ethics', '2025-05-09 11:23:47'),
(216, 1, 'Updated Unit', 'units', 51, 'Code: GED1261, Name: Communication Skills', '2025-05-09 11:25:37'),
(217, 1, 'Updated Unit', 'units', 52, 'Code: THE1344, Name: Christology', '2025-05-09 11:26:38'),
(218, 1, 'Updated Unit', 'units', 53, 'Code: MIN3105, Name: Missiology', '2025-05-09 11:27:26'),
(219, 1, 'Updated Unit', 'units', 54, 'Code: GED1366, Name: Church History 1', '2025-05-09 11:28:27'),
(220, 1, 'Updated Unit', 'units', 55, 'Code: THE1145, Name: Bibliology', '2025-05-09 11:29:03'),
(221, 1, 'Updated Unit', 'units', 56, 'Code: THE1244, Name: Anthropology and Hamartiology', '2025-05-09 11:30:06'),
(222, 1, 'Updated Unit', 'units', 57, 'Code: THE2246, Name: Ecclesiology', '2025-05-09 11:30:45'),
(223, 1, 'Updated Unit', 'units', 58, 'Code: MIN2184, Name: Pastoral Care and Ministry', '2025-05-09 11:31:27'),
(224, 1, 'Updated Unit', 'units', 59, 'Code: GED2185, Name: Comparative Religions', '2025-05-09 11:32:08'),
(225, 1, 'Updated Unit', 'units', 60, 'Code: GED2166, Name: Church History 2', '2025-05-09 11:32:49'),
(226, 1, 'Updated Unit', 'units', 61, 'Code: BIB1246, Name: Acts', '2025-05-09 11:33:51'),
(227, 1, 'Added Unit', 'units', 73, 'Code: MIN2262, Name: Christian Marriage and Family', '2025-05-09 11:43:42'),
(228, 1, 'Added Unit', 'units', 74, 'Code: GED2213, Name: Church Leadership, Management & Governance', '2025-05-09 11:44:34'),
(229, 1, 'Added Unit', 'units', 75, 'Code: GED1141, Name: Principles of Research Methods', '2025-05-09 11:45:06'),
(230, 1, 'Added Unit', 'units', 76, 'Code: THE2245, Name: Pneumatology', '2025-05-09 11:45:34'),
(231, 1, 'Added Unit', 'units', 77, 'Code: GED2246, Name: Writing Better English', '2025-05-09 11:46:30'),
(232, 1, 'Added Unit', 'units', 78, 'Code: BIB2341, Name: Corinthians', '2025-05-09 11:46:54'),
(233, 1, 'Added Unit', 'units', 79, 'Code: MIN2383, Name: Church Ceremonies and Ordinances', '2025-05-09 11:47:24'),
(234, 1, 'Added Unit', 'units', 80, 'Code: BIB2344, Name: Wisdom Literature', '2025-05-09 11:47:50'),
(235, 1, 'Added Unit', 'units', 81, 'Code: GED2141, Name: Principles of Teaching', '2025-05-09 11:48:17'),
(236, 1, 'Added Unit', 'units', 82, 'Code: GED2386, Name: New Religious Movements', '2025-05-09 11:48:49'),
(237, 1, 'Enrolled Student', 'enrollments', 31, 'Student ID: 53, Level ID: 3, Academic Year: 2025', '2025-05-09 12:56:21'),
(238, 1, 'Enrolled Student', 'enrollments', 32, 'Student ID: 54, Level ID: 3, Academic Year: 2025', '2025-05-09 12:57:00'),
(239, 1, 'Enrolled Student', 'enrollments', 33, 'Student ID: 55, Level ID: 3, Academic Year: 2025', '2025-05-09 12:57:23'),
(240, 1, 'Enrolled Student', 'enrollments', 34, 'Student ID: 96, Level ID: 3, Academic Year: 2025', '2025-05-09 12:57:46'),
(241, 1, 'Enrolled Student', 'enrollments', 35, 'Student ID: 56, Level ID: 2, Academic Year: 2025', '2025-05-09 12:58:02'),
(242, 1, 'Enrolled Student', 'enrollments', 36, 'Student ID: 57, Level ID: 2, Academic Year: 2025', '2025-05-09 12:58:19'),
(243, 1, 'Enrolled Student', 'enrollments', 37, 'Student ID: 58, Level ID: 2, Academic Year: 2025', '2025-05-09 12:58:42'),
(244, 1, 'Enrolled Student', 'enrollments', 38, 'Student ID: 59, Level ID: 2, Academic Year: 2025', '2025-05-09 12:58:58'),
(245, 1, 'Enrolled Student', 'enrollments', 39, 'Student ID: 60, Level ID: 2, Academic Year: 2025', '2025-05-09 12:59:44'),
(246, 1, 'Enrolled Student', 'enrollments', 40, 'Student ID: 61, Level ID: 2, Academic Year: 2025', '2025-05-09 12:59:59'),
(247, 1, 'Enrolled Student', 'enrollments', 41, 'Student ID: 62, Level ID: 2, Academic Year: 2025', '2025-05-09 13:00:16'),
(248, 1, 'Enrolled Student', 'enrollments', 42, 'Student ID: 63, Level ID: 2, Academic Year: 2025', '2025-05-09 13:00:40'),
(249, 1, 'Enrolled Student', 'enrollments', 43, 'Student ID: 91, Level ID: 2, Academic Year: 2025', '2025-05-09 13:01:06'),
(250, 1, 'Enrolled Student', 'enrollments', 44, 'Student ID: 92, Level ID: 2, Academic Year: 2025', '2025-05-09 13:01:25'),
(251, 1, 'Enrolled Student', 'enrollments', 45, 'Student ID: 93, Level ID: 3, Academic Year: 2025', '2025-05-09 13:01:44'),
(252, 1, 'Enrolled Student', 'enrollments', 46, 'Student ID: 94, Level ID: 2, Academic Year: 2025', '2025-05-09 13:02:05'),
(253, 1, 'Enrolled Student', 'enrollments', 47, 'Student ID: 95, Level ID: 2, Academic Year: 2025', '2025-05-09 13:02:24'),
(254, 1, 'Enrolled Student', 'enrollments', 48, 'Student ID: 64, Level ID: 1, Academic Year: 2025', '2025-05-09 13:02:45'),
(255, 1, 'Enrolled Student', 'enrollments', 49, 'Student ID: 65, Level ID: 1, Academic Year: 2025', '2025-05-09 13:03:20'),
(256, 1, 'Enrolled Student', 'enrollments', 50, 'Student ID: 66, Level ID: 1, Academic Year: 2025', '2025-05-09 13:03:34'),
(257, 1, 'Enrolled Student', 'enrollments', 51, 'Student ID: 67, Level ID: 1, Academic Year: 2025', '2025-05-09 13:03:50'),
(258, 1, 'Enrolled Student', 'enrollments', 52, 'Student ID: 68, Level ID: 1, Academic Year: 2025', '2025-05-09 13:04:13'),
(259, 1, 'Enrolled Student', 'enrollments', 53, 'Student ID: 69, Level ID: 1, Academic Year: 2025', '2025-05-09 13:04:32'),
(260, 1, 'Enrolled Student', 'enrollments', 54, 'Student ID: 70, Level ID: 1, Academic Year: 2025', '2025-05-09 13:04:49'),
(261, 1, 'Enrolled Student', 'enrollments', 55, 'Student ID: 71, Level ID: 1, Academic Year: 2025', '2025-05-09 13:05:14'),
(262, 1, 'Enrolled Student', 'enrollments', 56, 'Student ID: 72, Level ID: 1, Academic Year: 2025', '2025-05-09 13:05:30'),
(263, 8, 'Added Student', 'students', 97, 'Student: NPBC/IGACU/2023/0010', '2025-05-10 10:09:48'),
(264, 8, 'Enrolled Student', 'enrollments', 57, 'Student ID: 97, Level ID: 3, Academic Year: 2025', '2025-05-10 10:11:22'),
(265, 9, 'Cancelled Enrollment', 'enrollments', 72, 'Student ID: 72, Academic Year: 2025', '2025-05-10 11:53:32'),
(266, 9, 'Cancelled Enrollment', 'enrollments', 93, 'Student ID: 93, Academic Year: 2025', '2025-05-10 11:54:50'),
(267, 9, 'Updated Student', 'students', 93, 'Student: NPBC/IGACU/2024/0012', '2025-05-10 11:55:37'),
(268, 9, 'Enrolled Student', 'enrollments', 58, 'Student ID: 93, Level ID: 2, Academic Year: 2025', '2025-05-10 11:56:09'),
(269, 9, 'Updated Student', 'students', 62, 'Student: NPBC/IGACU/2024/0007', '2025-05-10 12:03:01'),
(270, 8, 'Added Student', 'students', 98, 'Student: NPBC/IGACU/2024/0015', '2025-05-10 12:19:04'),
(271, 8, 'Added Student', 'students', 99, 'Student: NPBC/IGACU/2024/0016', '2025-05-10 12:21:41'),
(272, 8, 'Added Student', 'students', 100, 'Student: NPBC/IGACU/2024/0017', '2025-05-10 12:24:52'),
(273, 8, 'Enrolled Student', 'enrollments', 59, 'Student ID: 98, Level ID: 2, Academic Year: 2025', '2025-05-10 12:25:37'),
(274, 8, 'Enrolled Student', 'enrollments', 60, 'Student ID: 99, Level ID: 2, Academic Year: 2025', '2025-05-10 12:27:13'),
(275, 1, 'Recorded Prepayment', 'payments', 55, 'Student ID: 64, Amount: 1000', '2025-05-11 10:50:50'),
(276, 9, 'Updated Student', 'students', 91, 'Student: NPBC/IGACU/2024/0010', '2025-05-26 06:39:10'),
(277, 9, 'Updated Student', 'students', 102, 'Student: NPBC/IGACU/2023/0011', '2025-05-26 06:39:36'),
(278, 9, 'Updated Student', 'students', 102, 'Student: NPBC/IGACU/2023/0011', '2025-05-26 06:40:30'),
(279, 9, 'Enrolled Student', 'enrollments', 61, 'Student ID: 102, Level ID: 3, Academic Year: 2025', '2025-05-26 06:41:06'),
(280, 9, 'Updated Student', 'students', 103, 'Student: NPBC/IGACU/2023/0012', '2025-05-26 06:41:19'),
(281, 9, 'Enrolled Student', 'enrollments', 62, 'Student ID: 103, Level ID: 3, Academic Year: 2025', '2025-05-26 06:41:31'),
(282, 9, 'Updated Student', 'students', 106, 'Student: NPBC/IGACU/2023/0015', '2025-05-26 06:42:09'),
(283, 9, 'Enrolled Student', 'enrollments', 63, 'Student ID: 105, Level ID: 3, Academic Year: 2025', '2025-05-26 06:42:30'),
(284, 9, 'Enrolled Student', 'enrollments', 64, 'Student ID: 106, Level ID: 3, Academic Year: 2025', '2025-05-26 06:42:52'),
(285, 9, 'Enrolled Student', 'enrollments', 65, 'Student ID: 107, Level ID: 3, Academic Year: 2025', '2025-05-26 06:44:06'),
(286, 9, 'Enrolled Student', 'enrollments', 66, 'Student ID: 108, Level ID: 3, Academic Year: 2025', '2025-05-26 06:44:30'),
(287, 9, 'Enrolled Student', 'enrollments', 67, 'Student ID: 100, Level ID: 2, Academic Year: 2025', '2025-05-26 06:56:13'),
(288, 9, 'Updated Student', 'students', 101, 'Student: NPBC/IGACU/2024/0018', '2025-05-26 06:56:30'),
(289, 9, 'Enrolled Student', 'enrollments', 68, 'Student ID: 101, Level ID: 3, Academic Year: 2025', '2025-05-26 06:56:46'),
(290, 9, 'Enrolled Student', 'enrollments', 69, 'Student ID: 109, Level ID: 2, Academic Year: 2025', '2025-05-26 06:57:03'),
(291, 9, 'Enrolled Student', 'enrollments', 70, 'Student ID: 104, Level ID: 3, Academic Year: 2025', '2025-05-26 07:23:51'),
(292, 9, 'Updated Student', 'students', 98, 'Student: NPBC/IGACU/2024/0015', '2025-05-26 07:24:31'),
(293, 9, 'Updated Student', 'students', 110, 'Student: NPBC/IGACU/2024/0020', '2025-05-26 07:25:20'),
(294, 9, 'Updated Student', 'students', 110, 'Student: NPBC/IGACU/2024/0020', '2025-05-26 07:25:53'),
(295, 9, 'Updated Student', 'students', 109, 'Student: NPBC/IGACU/2024/0019', '2025-05-26 07:26:20'),
(296, 9, 'Enrolled Student', 'enrollments', 71, 'Student ID: 110, Level ID: 2, Academic Year: 2025', '2025-05-26 07:26:41'),
(297, 9, 'Enrolled Student', 'enrollments', 72, 'Student ID: 111, Level ID: 2, Academic Year: 2025', '2025-05-26 07:27:03'),
(298, 9, 'Enrolled Student', 'enrollments', 73, 'Student ID: 112, Level ID: 2, Academic Year: 2025', '2025-05-26 07:27:21'),
(299, 9, 'Enrolled Student', 'enrollments', 74, 'Student ID: 116, Level ID: 1, Academic Year: 2025', '2025-05-26 07:27:49'),
(300, 9, 'Enrolled Student', 'enrollments', 75, 'Student ID: 115, Level ID: 1, Academic Year: 2025', '2025-05-26 07:28:02'),
(301, 9, 'Enrolled Student', 'enrollments', 76, 'Student ID: 114, Level ID: 1, Academic Year: 2025', '2025-05-26 07:28:18'),
(302, 9, 'Enrolled Student', 'enrollments', 77, 'Student ID: 113, Level ID: 1, Academic Year: 2025', '2025-05-26 07:28:33'),
(303, 9, 'Updated Student', 'students', 72, 'Student: NPBC/IGACU/2025/0009', '2025-05-26 08:20:00'),
(304, 9, 'Added Lecturer', 'lecturers', 9, 'Lecturer: Rev Abel Opunga', '2025-05-26 15:35:38'),
(305, 9, 'Added Lecturer', 'lecturers', 10, 'Lecturer: Rev Grace Malinda', '2025-05-26 15:38:05'),
(306, 9, 'Added Lecturer', 'lecturers', 11, 'Lecturer: Bishop John Maitu', '2025-05-28 15:17:01'),
(307, 9, 'Added Lecturer', 'lecturers', 12, 'Lecturer: Rev Kefa Onsando', '2025-05-28 15:17:26'),
(308, 9, 'Added Lecturer', 'lecturers', 13, 'Lecturer: Rev Olive Gicia', '2025-05-28 15:17:56'),
(309, 9, 'Added Class Session', 'class_sessions', 12, 'Session Date: 2025-05-10', '2025-05-28 15:20:16'),
(310, 9, 'Marked Attendance', 'attendance', 46, 'Session ID: 12, Student ID: 64', '2025-05-28 15:21:32'),
(311, 9, 'Created Invoice', 'invoices', 39, 'Student ID: 64, Session ID: 12, Amount: 1700', '2025-05-28 15:21:32'),
(312, 9, 'Marked Attendance', 'attendance', 47, 'Session ID: 12, Student ID: 66', '2025-05-28 15:21:32'),
(313, 9, 'Created Invoice', 'invoices', 40, 'Student ID: 66, Session ID: 12, Amount: 1700', '2025-05-28 15:21:32'),
(314, 9, 'Marked Attendance', 'attendance', 48, 'Session ID: 12, Student ID: 67', '2025-05-28 15:21:32'),
(315, 9, 'Created Invoice', 'invoices', 41, 'Student ID: 67, Session ID: 12, Amount: 1700', '2025-05-28 15:21:32'),
(316, 9, 'Marked Attendance', 'attendance', 49, 'Session ID: 12, Student ID: 69', '2025-05-28 15:21:32'),
(317, 9, 'Created Invoice', 'invoices', 42, 'Student ID: 69, Session ID: 12, Amount: 1700', '2025-05-28 15:21:32'),
(318, 9, 'Marked Attendance', 'attendance', 50, 'Session ID: 12, Student ID: 70', '2025-05-28 15:21:32'),
(319, 9, 'Created Invoice', 'invoices', 43, 'Student ID: 70, Session ID: 12, Amount: 1700', '2025-05-28 15:21:32'),
(320, 9, 'Marked Attendance', 'attendance', 51, 'Session ID: 12, Student ID: 71', '2025-05-28 15:21:32'),
(321, 9, 'Created Invoice', 'invoices', 44, 'Student ID: 71, Session ID: 12, Amount: 1700', '2025-05-28 15:21:32'),
(322, 9, 'Marked Attendance', 'attendance', 52, 'Session ID: 12, Student ID: 113', '2025-05-28 15:21:32'),
(323, 9, 'Created Invoice', 'invoices', 45, 'Student ID: 113, Session ID: 12, Amount: 1700', '2025-05-28 15:21:32'),
(324, 9, 'Marked Attendance', 'attendance', 53, 'Session ID: 12, Student ID: 114', '2025-05-28 15:21:32'),
(325, 9, 'Created Invoice', 'invoices', 46, 'Student ID: 114, Session ID: 12, Amount: 1700', '2025-05-28 15:21:32'),
(326, 9, 'Marked Attendance', 'attendance', 54, 'Session ID: 12, Student ID: 115', '2025-05-28 15:21:32'),
(327, 9, 'Created Invoice', 'invoices', 47, 'Student ID: 115, Session ID: 12, Amount: 1700', '2025-05-28 15:21:32'),
(328, 9, 'Marked Attendance', 'attendance', 55, 'Session ID: 12, Student ID: 116', '2025-05-28 15:21:32'),
(329, 9, 'Created Invoice', 'invoices', 48, 'Student ID: 116, Session ID: 12, Amount: 1700', '2025-05-28 15:21:32'),
(330, 1, 'Added Constant', 'constants', 3, 'Name: fees', '2025-06-18 12:48:47'),
(331, 1, 'Added Constant', 'constants', 4, 'Name: registration_fee', '2025-06-18 13:36:47'),
(332, 1, 'Updated Invoice Amount', 'invoices', 39, 'Changed amount_due from 1700.00 to 1600.00 for Student ID: 64, Invoice ID: 39', '2025-06-18 14:01:48'),
(333, 1, 'Updated Invoice Amount', 'invoices', 40, 'Changed amount_due from 1700.00 to 1600.00 for Student ID: 66, Invoice ID: 40', '2025-06-18 14:01:48'),
(334, 1, 'Updated Invoice Amount', 'invoices', 41, 'Changed amount_due from 1700.00 to 1600.00 for Student ID: 67, Invoice ID: 41', '2025-06-18 14:01:48'),
(335, 1, 'Updated Invoice Amount', 'invoices', 42, 'Changed amount_due from 1700.00 to 1600.00 for Student ID: 69, Invoice ID: 42', '2025-06-18 14:01:48'),
(336, 1, 'Updated Invoice Amount', 'invoices', 43, 'Changed amount_due from 1700.00 to 1600.00 for Student ID: 70, Invoice ID: 43', '2025-06-18 14:01:48'),
(337, 1, 'Updated Invoice Amount', 'invoices', 44, 'Changed amount_due from 1700.00 to 1600.00 for Student ID: 71, Invoice ID: 44', '2025-06-18 14:01:48'),
(338, 1, 'Updated Invoice Amount', 'invoices', 45, 'Changed amount_due from 1700.00 to 1600.00 for Student ID: 113, Invoice ID: 45', '2025-06-18 14:01:48'),
(339, 1, 'Updated Invoice Amount', 'invoices', 46, 'Changed amount_due from 1700.00 to 1600.00 for Student ID: 114, Invoice ID: 46', '2025-06-18 14:01:48'),
(340, 1, 'Updated Invoice Amount', 'invoices', 47, 'Changed amount_due from 1700.00 to 1600.00 for Student ID: 115, Invoice ID: 47', '2025-06-18 14:01:48'),
(341, 1, 'Updated Invoice Amount', 'invoices', 48, 'Changed amount_due from 1700.00 to 1600.00 for Student ID: 116, Invoice ID: 48', '2025-06-18 14:01:48'),
(347, 1, 'Enrolled Student', 'enrollments', 78, 'Student ID: 72, Level ID: 1, Academic Year: 2025', '2025-06-18 14:09:24'),
(348, 1, 'Created Invoice', 'invoices', 49, 'Student ID: 72, Registration Fee, Amount: 500, Reg Number: NPBC/IGACU/2025/0009', '2025-06-18 14:09:24'),
(349, 1, 'Cancelled Enrollment', 'enrollments', 72, 'Student ID: 72, Academic Year: 2025', '2025-06-18 14:10:29'),
(350, 1, 'Created Invoice', 'invoices', 50, 'Student ID: 62, Registration Fee, Amount: 500.00, Reg Number: NPBC/IGACU/2024/0007', '2025-06-18 14:22:32'),
(351, 1, 'Created Invoice', 'invoices', 51, 'Student ID: 64, Registration Fee, Amount: 500.00, Reg Number: NPBC/IGACU/2025/0001', '2025-06-18 14:22:32'),
(352, 1, 'Created Invoice', 'invoices', 52, 'Student ID: 65, Registration Fee, Amount: 500.00, Reg Number: NPBC/IGACU/2025/0002', '2025-06-18 14:22:32'),
(353, 1, 'Created Invoice', 'invoices', 53, 'Student ID: 66, Registration Fee, Amount: 500.00, Reg Number: NPBC/IGACU/2025/0003', '2025-06-18 14:22:32'),
(354, 1, 'Created Invoice', 'invoices', 54, 'Student ID: 67, Registration Fee, Amount: 500.00, Reg Number: NPBC/IGACU/2025/0004', '2025-06-18 14:22:32'),
(355, 1, 'Created Invoice', 'invoices', 55, 'Student ID: 68, Registration Fee, Amount: 500.00, Reg Number: NPBC/IGACU/2025/0005', '2025-06-18 14:22:32'),
(356, 1, 'Created Invoice', 'invoices', 56, 'Student ID: 69, Registration Fee, Amount: 500.00, Reg Number: NPBC/IGACU/2025/0006', '2025-06-18 14:22:32'),
(357, 1, 'Created Invoice', 'invoices', 57, 'Student ID: 70, Registration Fee, Amount: 500.00, Reg Number: NPBC/IGACU/2025/0007', '2025-06-18 14:22:32'),
(358, 1, 'Created Invoice', 'invoices', 58, 'Student ID: 71, Registration Fee, Amount: 500.00, Reg Number: NPBC/IGACU/2025/0008', '2025-06-18 14:22:32'),
(359, 1, 'Created Invoice', 'invoices', 59, 'Student ID: 93, Registration Fee, Amount: 500.00, Reg Number: NPBC/IGACU/2024/0012', '2025-06-18 14:22:32'),
(360, 1, 'Created Invoice', 'invoices', 60, 'Student ID: 101, Registration Fee, Amount: 500.00, Reg Number: NPBC/IGACU/2024/0018', '2025-06-18 14:22:32'),
(361, 1, 'Created Invoice', 'invoices', 61, 'Student ID: 106, Registration Fee, Amount: 500.00, Reg Number: NPBC/IGACU/2023/0015', '2025-06-18 14:22:32'),
(362, 1, 'Created Invoice', 'invoices', 62, 'Student ID: 109, Registration Fee, Amount: 500.00, Reg Number: NPBC/IGACU/2024/0019', '2025-06-18 14:22:32'),
(363, 1, 'Created Invoice', 'invoices', 63, 'Student ID: 110, Registration Fee, Amount: 500.00, Reg Number: NPBC/IGACU/2024/0020', '2025-06-18 14:22:32'),
(364, 1, 'Created Invoice', 'invoices', 64, 'Student ID: 113, Registration Fee, Amount: 500.00, Reg Number: NPBC/IGACU/2025/0010', '2025-06-18 14:22:32'),
(365, 1, 'Created Invoice', 'invoices', 65, 'Student ID: 114, Registration Fee, Amount: 500.00, Reg Number: NPBC/IGACU/2025/0011', '2025-06-18 14:22:32'),
(366, 1, 'Created Invoice', 'invoices', 66, 'Student ID: 115, Registration Fee, Amount: 500.00, Reg Number: NPBC/IGACU/2025/0012', '2025-06-18 14:22:32'),
(367, 1, 'Created Invoice', 'invoices', 67, 'Student ID: 116, Registration Fee, Amount: 500.00, Reg Number: NPBC/IGACU/2025/0013', '2025-06-18 14:22:32'),
(381, 9, 'Added Lecturer', 'lecturers', 14, 'Lecturer: Mr Phillip Otieno', '2025-06-19 09:04:21'),
(382, 9, 'Added Class Session', 'class_sessions', 13, 'Session Date: 2025-01-18', '2025-06-19 09:04:58'),
(383, 9, 'Marked Attendance', 'attendance', 56, 'Session ID: 13, Student ID: 28', '2025-06-19 09:08:10'),
(384, 9, 'Created Invoice', 'invoices', 81, 'Student ID: 28, Session ID: 13, Amount: 1600', '2025-06-19 09:08:10'),
(385, 9, 'Marked Attendance', 'attendance', 57, 'Session ID: 13, Student ID: 96', '2025-06-19 09:08:10'),
(386, 9, 'Created Invoice', 'invoices', 82, 'Student ID: 96, Session ID: 13, Amount: 1600', '2025-06-19 09:08:10'),
(387, 9, 'Marked Attendance', 'attendance', 58, 'Session ID: 13, Student ID: 51', '2025-06-19 09:08:10'),
(388, 9, 'Created Invoice', 'invoices', 83, 'Student ID: 51, Session ID: 13, Amount: 1600', '2025-06-19 09:08:10'),
(389, 9, 'Marked Attendance', 'attendance', 59, 'Session ID: 13, Student ID: 52', '2025-06-19 09:08:10'),
(390, 9, 'Created Invoice', 'invoices', 84, 'Student ID: 52, Session ID: 13, Amount: 1600', '2025-06-19 09:08:10'),
(391, 9, 'Marked Attendance', 'attendance', 60, 'Session ID: 13, Student ID: 108', '2025-06-19 09:08:10'),
(392, 9, 'Created Invoice', 'invoices', 85, 'Student ID: 108, Session ID: 13, Amount: 1600', '2025-06-19 09:08:10'),
(393, 9, 'Marked Attendance', 'attendance', 61, 'Session ID: 13, Student ID: 103', '2025-06-19 09:08:10'),
(394, 9, 'Created Invoice', 'invoices', 86, 'Student ID: 103, Session ID: 13, Amount: 1600', '2025-06-19 09:08:10'),
(395, 9, 'Marked Attendance', 'attendance', 62, 'Session ID: 13, Student ID: 105', '2025-06-19 09:08:10'),
(396, 9, 'Created Invoice', 'invoices', 87, 'Student ID: 105, Session ID: 13, Amount: 1600', '2025-06-19 09:08:10'),
(397, 9, 'Marked Attendance', 'attendance', 63, 'Session ID: 13, Student ID: 53', '2025-06-19 09:08:10'),
(398, 9, 'Created Invoice', 'invoices', 88, 'Student ID: 53, Session ID: 13, Amount: 1600', '2025-06-19 09:08:10'),
(399, 9, 'Marked Attendance', 'attendance', 64, 'Session ID: 13, Student ID: 104', '2025-06-19 09:08:10'),
(400, 9, 'Created Invoice', 'invoices', 89, 'Student ID: 104, Session ID: 13, Amount: 1600', '2025-06-19 09:08:10'),
(401, 9, 'Marked Attendance', 'attendance', 65, 'Session ID: 13, Student ID: 55', '2025-06-19 09:08:10'),
(402, 9, 'Created Invoice', 'invoices', 90, 'Student ID: 55, Session ID: 13, Amount: 1600', '2025-06-19 09:08:10'),
(403, 9, 'Marked Attendance', 'attendance', 66, 'Session ID: 13, Student ID: 102', '2025-06-19 09:08:10'),
(404, 9, 'Created Invoice', 'invoices', 91, 'Student ID: 102, Session ID: 13, Amount: 1600', '2025-06-19 09:08:10'),
(405, 9, 'Recorded Payment', 'payments', 56, 'Student ID: 108, Amount: 1600, Invoice ID: 85', '2025-06-19 09:11:41'),
(406, 9, 'Recorded Payment', 'payments', 57, 'Student ID: 53, Amount: 1600, Invoice ID: 88', '2025-06-19 09:14:38'),
(407, 9, 'Recorded Payment', 'payments', 58, 'Student ID: 55, Amount: 1600, Invoice ID: 90', '2025-06-19 09:15:43'),
(408, 9, 'Recorded Payment', 'payments', 59, 'Student ID: 51, Amount: 1600, Invoice ID: 83', '2025-06-19 09:16:47'),
(409, 9, 'Recorded Payment', 'payments', 60, 'Student ID: 103, Amount: 1600, Invoice ID: 86', '2025-06-19 09:17:53'),
(410, 9, 'Recorded Payment', 'payments', 61, 'Student ID: 28, Amount: 1600, Invoice ID: 81', '2025-06-19 09:18:35'),
(411, 9, 'Recorded Payment', 'payments', 62, 'Student ID: 52, Amount: 1600, Invoice ID: 84', '2025-06-19 09:19:14'),
(412, 9, 'Recorded Prepayment', 'payments', 63, 'Student ID: 52, Amount: 400', '2025-06-19 09:19:14'),
(413, 9, 'Recorded Payment', 'payments', 64, 'Student ID: 105, Amount: 500, Invoice ID: 87', '2025-06-19 09:19:55'),
(414, 9, 'Recorded Payment', 'payments', 65, 'Student ID: 96, Amount: 600, Invoice ID: 82', '2025-06-19 09:20:27'),
(415, 9, 'Recorded Payment', 'payments', 66, 'Student ID: 102, Amount: 1600, Invoice ID: 91', '2025-06-19 09:22:09'),
(416, 9, 'Updated Class Session', 'class_sessions', 13, 'Session Date: 2025-01-18', '2025-06-19 09:29:15'),
(417, 9, 'Added Class Session', 'class_sessions', 14, 'Session Date: 2025-05-10', '2025-06-19 10:29:58'),
(418, 9, 'Marked Attendance', 'attendance', 67, 'Session ID: 14, Student ID: 56', '2025-06-19 10:33:28'),
(419, 9, 'Created Invoice', 'invoices', 92, 'Student ID: 56, Session ID: 14, Amount: 1600', '2025-06-19 10:33:28'),
(420, 9, 'Marked Attendance', 'attendance', 68, 'Session ID: 14, Student ID: 57', '2025-06-19 10:33:28'),
(421, 9, 'Created Invoice', 'invoices', 93, 'Student ID: 57, Session ID: 14, Amount: 1600', '2025-06-19 10:33:28'),
(422, 9, 'Marked Attendance', 'attendance', 69, 'Session ID: 14, Student ID: 58', '2025-06-19 10:33:28'),
(423, 9, 'Created Invoice', 'invoices', 94, 'Student ID: 58, Session ID: 14, Amount: 1600', '2025-06-19 10:33:28'),
(424, 9, 'Marked Attendance', 'attendance', 70, 'Session ID: 14, Student ID: 59', '2025-06-19 10:33:28'),
(425, 9, 'Created Invoice', 'invoices', 95, 'Student ID: 59, Session ID: 14, Amount: 1600', '2025-06-19 10:33:28'),
(426, 9, 'Marked Attendance', 'attendance', 71, 'Session ID: 14, Student ID: 60', '2025-06-19 10:33:28'),
(427, 9, 'Created Invoice', 'invoices', 96, 'Student ID: 60, Session ID: 14, Amount: 1600', '2025-06-19 10:33:28'),
(428, 9, 'Marked Attendance', 'attendance', 72, 'Session ID: 14, Student ID: 61', '2025-06-19 10:33:28'),
(429, 9, 'Created Invoice', 'invoices', 97, 'Student ID: 61, Session ID: 14, Amount: 1600', '2025-06-19 10:33:28'),
(430, 9, 'Marked Attendance', 'attendance', 73, 'Session ID: 14, Student ID: 62', '2025-06-19 10:33:28'),
(431, 9, 'Created Invoice', 'invoices', 98, 'Student ID: 62, Session ID: 14, Amount: 1600', '2025-06-19 10:33:28'),
(432, 9, 'Marked Attendance', 'attendance', 74, 'Session ID: 14, Student ID: 63', '2025-06-19 10:33:28'),
(433, 9, 'Created Invoice', 'invoices', 99, 'Student ID: 63, Session ID: 14, Amount: 1600', '2025-06-19 10:33:28'),
(434, 9, 'Marked Attendance', 'attendance', 75, 'Session ID: 14, Student ID: 91', '2025-06-19 10:33:28'),
(435, 9, 'Created Invoice', 'invoices', 100, 'Student ID: 91, Session ID: 14, Amount: 1600', '2025-06-19 10:33:28'),
(436, 9, 'Marked Attendance', 'attendance', 76, 'Session ID: 14, Student ID: 92', '2025-06-19 10:33:28'),
(437, 9, 'Created Invoice', 'invoices', 101, 'Student ID: 92, Session ID: 14, Amount: 1600', '2025-06-19 10:33:28'),
(438, 9, 'Marked Attendance', 'attendance', 77, 'Session ID: 14, Student ID: 93', '2025-06-19 10:33:28'),
(439, 9, 'Created Invoice', 'invoices', 102, 'Student ID: 93, Session ID: 14, Amount: 1600', '2025-06-19 10:33:28'),
(440, 9, 'Marked Attendance', 'attendance', 78, 'Session ID: 14, Student ID: 94', '2025-06-19 10:33:28'),
(441, 9, 'Created Invoice', 'invoices', 103, 'Student ID: 94, Session ID: 14, Amount: 1600', '2025-06-19 10:33:28'),
(442, 9, 'Marked Attendance', 'attendance', 79, 'Session ID: 14, Student ID: 95', '2025-06-19 10:33:28'),
(443, 9, 'Created Invoice', 'invoices', 104, 'Student ID: 95, Session ID: 14, Amount: 1600', '2025-06-19 10:33:28'),
(444, 9, 'Marked Attendance', 'attendance', 80, 'Session ID: 14, Student ID: 98', '2025-06-19 10:33:28'),
(445, 9, 'Created Invoice', 'invoices', 105, 'Student ID: 98, Session ID: 14, Amount: 1600', '2025-06-19 10:33:28'),
(446, 9, 'Marked Attendance', 'attendance', 81, 'Session ID: 14, Student ID: 99', '2025-06-19 10:33:28'),
(447, 9, 'Created Invoice', 'invoices', 106, 'Student ID: 99, Session ID: 14, Amount: 1600', '2025-06-19 10:33:28'),
(448, 9, 'Marked Attendance', 'attendance', 82, 'Session ID: 14, Student ID: 100', '2025-06-19 10:33:28'),
(449, 9, 'Created Invoice', 'invoices', 107, 'Student ID: 100, Session ID: 14, Amount: 1600', '2025-06-19 10:33:28'),
(450, 9, 'Marked Attendance', 'attendance', 83, 'Session ID: 14, Student ID: 109', '2025-06-19 10:33:28'),
(451, 9, 'Created Invoice', 'invoices', 108, 'Student ID: 109, Session ID: 14, Amount: 1600', '2025-06-19 10:33:28'),
(452, 9, 'Marked Attendance', 'attendance', 84, 'Session ID: 14, Student ID: 110', '2025-06-19 10:33:28'),
(453, 9, 'Created Invoice', 'invoices', 109, 'Student ID: 110, Session ID: 14, Amount: 1600', '2025-06-19 10:33:28'),
(454, 9, 'Marked Attendance', 'attendance', 85, 'Session ID: 14, Student ID: 111', '2025-06-19 10:33:28'),
(455, 9, 'Created Invoice', 'invoices', 110, 'Student ID: 111, Session ID: 14, Amount: 1600', '2025-06-19 10:33:28'),
(456, 9, 'Marked Attendance', 'attendance', 86, 'Session ID: 14, Student ID: 112', '2025-06-19 10:33:28'),
(457, 9, 'Created Invoice', 'invoices', 111, 'Student ID: 112, Session ID: 14, Amount: 1600', '2025-06-19 10:33:28'),
(458, 9, 'Recorded Payment', 'payments', 67, 'Student ID: 56, Amount: 1600, Invoice ID: 92', '2025-06-19 10:42:06'),
(459, 9, 'Added Student', 'students', 117, 'Student: NPBC/IGACU/2024/0023', '2025-06-19 10:51:40'),
(460, 9, 'Enrolled Student', 'enrollments', 79, 'Student ID: 117, Level ID: 2, Academic Year: 2025', '2025-06-19 10:52:35'),
(461, 9, 'Added Student', 'students', 118, 'Student: NPBC/IGACU/2025/0021', '2025-06-19 11:11:16'),
(462, 9, 'Added Student', 'students', 121, 'Student: NPBC/IGACU/2025/0022', '2025-06-19 11:15:38'),
(463, 9, 'Updated Student', 'students', 121, 'Student: NPBC/IGACU/2025/0022', '2025-06-19 11:15:59'),
(464, 9, 'Added Student', 'students', 122, 'Student: NPBC/IGACU/2025/0023', '2025-06-19 11:16:59'),
(465, 9, 'Added Student', 'students', 123, 'Student: NPBC/IGACU/2025/0024', '2025-06-19 11:18:13'),
(466, 9, 'Added Student', 'students', 124, 'Student: NPBC/IGACU/2025/0025', '2025-06-19 11:19:20'),
(467, 9, 'Added Student', 'students', 125, 'Student: NPBC/IGACU/2024/0024', '2025-06-19 13:41:13'),
(468, 9, 'Enrolled Student', 'enrollments', 80, 'Student ID: 125, Level ID: 2, Academic Year: 2025', '2025-06-19 13:42:25'),
(469, 9, 'Marked Attendance', 'attendance', 87, 'Session ID: 14, Student ID: 117', '2025-06-19 13:42:57'),
(470, 9, 'Created Invoice', 'invoices', 112, 'Student ID: 117, Session ID: 14, Amount: 1600', '2025-06-19 13:42:57'),
(471, 9, 'Marked Attendance', 'attendance', 88, 'Session ID: 14, Student ID: 125', '2025-06-19 13:42:57'),
(472, 9, 'Created Invoice', 'invoices', 113, 'Student ID: 125, Session ID: 14, Amount: 1600', '2025-06-19 13:42:57'),
(473, 9, 'Recorded Payment', 'payments', 68, 'Student ID: 57, Amount: 1600, Invoice ID: 93', '2025-06-19 13:44:52'),
(474, 9, 'Recorded Payment', 'payments', 69, 'Student ID: 58, Amount: 1600, Invoice ID: 94', '2025-06-19 13:46:31'),
(475, 9, 'Recorded Payment', 'payments', 70, 'Student ID: 59, Amount: 1600, Invoice ID: 95', '2025-06-19 13:47:01'),
(476, 9, 'Recorded Payment', 'payments', 71, 'Student ID: 60, Amount: 1600, Invoice ID: 96', '2025-06-19 13:47:22'),
(477, 9, 'Recorded Payment', 'payments', 72, 'Student ID: 61, Amount: 1600, Invoice ID: 97', '2025-06-19 13:55:31'),
(478, 9, 'Recorded Payment', 'payments', 73, 'Student ID: 62, Amount: 500, Invoice ID: 50', '2025-06-19 13:56:04'),
(479, 9, 'Recorded Payment', 'payments', 74, 'Student ID: 62, Amount: 100, Invoice ID: 98', '2025-06-19 13:56:04'),
(480, 9, 'Recorded Payment', 'payments', 75, 'Student ID: 63, Amount: 1600, Invoice ID: 99', '2025-06-19 13:56:59'),
(481, 9, 'Updated Student', 'students', 125, 'Student: NPBC/IGACU/2024/0024', '2025-06-19 14:11:06'),
(482, 9, 'Recorded Payment', 'payments', 76, 'Student ID: 92, Amount: 1600, Invoice ID: 101', '2025-06-19 14:12:23'),
(483, 9, 'Recorded Payment', 'payments', 77, 'Student ID: 93, Amount: 500, Invoice ID: 59', '2025-06-19 14:14:41'),
(484, 9, 'Recorded Payment', 'payments', 78, 'Student ID: 93, Amount: 1100, Invoice ID: 102', '2025-06-19 14:14:41'),
(485, 9, 'Recorded Payment', 'payments', 79, 'Student ID: 91, Amount: 1600, Invoice ID: 100', '2025-06-19 14:15:12'),
(486, 9, 'Recorded Prepayment', 'payments', 80, 'Student ID: 91, Amount: 1000', '2025-06-19 14:15:12'),
(487, 9, 'Recorded Payment', 'payments', 81, 'Student ID: 94, Amount: 1600, Invoice ID: 103', '2025-06-19 14:15:46'),
(488, 9, 'Recorded Payment', 'payments', 82, 'Student ID: 98, Amount: 1600, Invoice ID: 105', '2025-06-19 14:16:24'),
(489, 9, 'Recorded Payment', 'payments', 83, 'Student ID: 99, Amount: 1200, Invoice ID: 106', '2025-06-19 14:17:41'),
(490, 9, 'Recorded Payment', 'payments', 84, 'Student ID: 99, Amount: 400, Invoice ID: 106', '2025-06-19 14:18:03'),
(491, 9, 'Recorded Payment', 'payments', 85, 'Student ID: 109, Amount: 500, Invoice ID: 62', '2025-06-19 14:19:49'),
(492, 9, 'Recorded Payment', 'payments', 86, 'Student ID: 109, Amount: 1100, Invoice ID: 108', '2025-06-19 14:19:49'),
(493, 9, 'Recorded Payment', 'payments', 87, 'Student ID: 110, Amount: 500, Invoice ID: 63', '2025-06-19 14:20:34'),
(494, 9, 'Recorded Payment', 'payments', 88, 'Student ID: 110, Amount: 1600, Invoice ID: 109', '2025-06-19 14:20:34'),
(495, 9, 'Recorded Prepayment', 'payments', 89, 'Student ID: 110, Amount: 1100', '2025-06-19 14:20:34'),
(496, 9, 'Recorded Payment', 'payments', 90, 'Student ID: 111, Amount: 1400, Invoice ID: 110', '2025-06-19 14:21:17'),
(497, 9, 'Recorded Payment', 'payments', 91, 'Student ID: 111, Amount: 200, Invoice ID: 110', '2025-06-19 14:21:48'),
(498, 9, 'Recorded Payment', 'payments', 92, 'Student ID: 112, Amount: 1200, Invoice ID: 111', '2025-06-19 14:22:40'),
(499, 9, 'Recorded Payment', 'payments', 93, 'Student ID: 117, Amount: 1600, Invoice ID: 112', '2025-06-19 14:23:22'),
(500, 9, 'Recorded Payment', 'payments', 94, 'Student ID: 125, Amount: 1600, Invoice ID: 113', '2025-06-19 14:23:46'),
(501, 9, 'Recorded Payment', 'payments', 95, 'Student ID: 64, Amount: 1600, Invoice ID: 39', '2025-06-20 08:21:41'),
(502, 9, 'Recorded Payment', 'payments', 96, 'Student ID: 71, Amount: 1600, Invoice ID: 44', '2025-06-20 08:23:02'),
(503, 9, 'Recorded Payment', 'payments', 98, 'Student ID: 114, Amount: 1600, Invoice ID: 46', '2025-06-20 08:26:17'),
(504, 9, 'Recorded Payment', 'payments', 99, 'Student ID: 114, Amount: 400, Invoice ID: 65', '2025-06-20 08:26:17'),
(505, 9, 'Recorded Payment', 'payments', 100, 'Student ID: 114, Amount: 100, Invoice ID: 65', '2025-06-20 08:29:32'),
(506, 9, 'Recorded Prepayment', 'payments', 101, 'Student ID: 114, Amount: 100', '2025-06-20 08:29:32'),
(507, 9, 'Recorded Payment', 'payments', 102, 'Student ID: 69, Amount: 1600, Invoice ID: 42', '2025-06-20 08:30:48'),
(508, 9, 'Recorded Payment', 'payments', 103, 'Student ID: 115, Amount: 1600, Invoice ID: 47', '2025-06-20 08:31:12'),
(509, 9, 'Recorded Payment', 'payments', 104, 'Student ID: 113, Amount: 1600, Invoice ID: 45', '2025-06-20 08:31:34'),
(510, 9, 'Recorded Payment', 'payments', 105, 'Student ID: 67, Amount: 1600, Invoice ID: 41', '2025-06-20 08:32:06'),
(511, 9, 'Recorded Payment', 'payments', 106, 'Student ID: 67, Amount: 500, Invoice ID: 54', '2025-06-20 08:32:06'),
(512, 9, 'Recorded Payment', 'payments', 107, 'Student ID: 116, Amount: 1600, Invoice ID: 48', '2025-06-20 08:32:39'),
(513, 9, 'Updated Class Session', 'class_sessions', 12, 'Session Date: 2025-05-10', '2025-06-20 08:37:02'),
(514, 9, 'Updated Class Session', 'class_sessions', 12, 'Session Date: 2025-05-10', '2025-06-20 08:39:42'),
(515, 9, 'Updated Class Session', 'class_sessions', 14, 'Session Date: 2025-05-10', '2025-06-20 08:39:50'),
(516, 9, 'Added Lecturer', 'lecturers', 15, 'Lecturer: Rev Simon Njagi', '2025-06-20 08:42:23'),
(517, 9, 'Added Class Session', 'class_sessions', 15, 'Session Date: 2025-01-18', '2025-06-20 08:42:59'),
(518, 9, 'Marked Attendance', 'attendance', 89, 'Session ID: 15, Student ID: 66', '2025-06-20 08:44:07'),
(519, 9, 'Created Invoice', 'invoices', 114, 'Student ID: 66, Session ID: 15, Amount: 1600', '2025-06-20 08:44:07'),
(520, 9, 'Marked Attendance', 'attendance', 90, 'Session ID: 15, Student ID: 67', '2025-06-20 08:44:07'),
(521, 9, 'Created Invoice', 'invoices', 115, 'Student ID: 67, Session ID: 15, Amount: 1600', '2025-06-20 08:44:07'),
(522, 9, 'Marked Attendance', 'attendance', 91, 'Session ID: 15, Student ID: 68', '2025-06-20 08:44:07'),
(523, 9, 'Created Invoice', 'invoices', 116, 'Student ID: 68, Session ID: 15, Amount: 1600', '2025-06-20 08:44:07'),
(524, 9, 'Marked Attendance', 'attendance', 92, 'Session ID: 15, Student ID: 70', '2025-06-20 08:44:07'),
(525, 9, 'Created Invoice', 'invoices', 117, 'Student ID: 70, Session ID: 15, Amount: 1600', '2025-06-20 08:44:07'),
(526, 9, 'Marked Attendance', 'attendance', 93, 'Session ID: 15, Student ID: 113', '2025-06-20 08:44:07'),
(527, 9, 'Created Invoice', 'invoices', 118, 'Student ID: 113, Session ID: 15, Amount: 1600', '2025-06-20 08:44:07'),
(528, 9, 'Marked Attendance', 'attendance', 94, 'Session ID: 15, Student ID: 116', '2025-06-20 08:44:07'),
(529, 9, 'Created Invoice', 'invoices', 119, 'Student ID: 116, Session ID: 15, Amount: 1600', '2025-06-20 08:44:07'),
(530, 9, 'Enrolled Student', 'enrollments', 81, 'Student ID: 118, Level ID: 1, Academic Year: 2025', '2025-06-20 08:45:20'),
(531, 9, 'Created Invoice', 'invoices', 120, 'Student ID: 118, Registration Fee, Amount: 500, Reg Number: NPBC/IGACU/2025/0021', '2025-06-20 08:45:20'),
(532, 9, 'Enrolled Student', 'enrollments', 82, 'Student ID: 121, Level ID: 1, Academic Year: 2025', '2025-06-20 08:45:41'),
(533, 9, 'Created Invoice', 'invoices', 121, 'Student ID: 121, Registration Fee, Amount: 500, Reg Number: NPBC/IGACU/2025/0022', '2025-06-20 08:45:41'),
(534, 9, 'Enrolled Student', 'enrollments', 83, 'Student ID: 122, Level ID: 1, Academic Year: 2025', '2025-06-20 08:46:06'),
(535, 9, 'Created Invoice', 'invoices', 122, 'Student ID: 122, Registration Fee, Amount: 500, Reg Number: NPBC/IGACU/2025/0023', '2025-06-20 08:46:06'),
(536, 9, 'Enrolled Student', 'enrollments', 84, 'Student ID: 123, Level ID: 1, Academic Year: 2025', '2025-06-20 08:46:26'),
(537, 9, 'Created Invoice', 'invoices', 123, 'Student ID: 123, Registration Fee, Amount: 500, Reg Number: NPBC/IGACU/2025/0024', '2025-06-20 08:46:26'),
(538, 9, 'Enrolled Student', 'enrollments', 85, 'Student ID: 124, Level ID: 1, Academic Year: 2025', '2025-06-20 08:46:49'),
(539, 9, 'Created Invoice', 'invoices', 124, 'Student ID: 124, Registration Fee, Amount: 500, Reg Number: NPBC/IGACU/2025/0025', '2025-06-20 08:46:49'),
(540, 9, 'Marked Attendance', 'attendance', 95, 'Session ID: 15, Student ID: 118', '2025-06-20 08:47:32'),
(541, 9, 'Created Invoice', 'invoices', 125, 'Student ID: 118, Session ID: 15, Amount: 1600', '2025-06-20 08:47:32'),
(542, 9, 'Marked Attendance', 'attendance', 96, 'Session ID: 15, Student ID: 121', '2025-06-20 08:47:32'),
(543, 9, 'Created Invoice', 'invoices', 126, 'Student ID: 121, Session ID: 15, Amount: 1600', '2025-06-20 08:47:32'),
(544, 9, 'Marked Attendance', 'attendance', 97, 'Session ID: 15, Student ID: 122', '2025-06-20 08:47:32'),
(545, 9, 'Created Invoice', 'invoices', 127, 'Student ID: 122, Session ID: 15, Amount: 1600', '2025-06-20 08:47:32'),
(546, 9, 'Marked Attendance', 'attendance', 98, 'Session ID: 15, Student ID: 123', '2025-06-20 08:47:32'),
(547, 9, 'Created Invoice', 'invoices', 128, 'Student ID: 123, Session ID: 15, Amount: 1600', '2025-06-20 08:47:32'),
(548, 9, 'Marked Attendance', 'attendance', 99, 'Session ID: 15, Student ID: 124', '2025-06-20 08:47:32'),
(549, 9, 'Created Invoice', 'invoices', 129, 'Student ID: 124, Session ID: 15, Amount: 1600', '2025-06-20 08:47:32'),
(550, 9, 'Recorded Payment', 'payments', 108, 'Student ID: 67, Amount: 1600, Invoice ID: 115', '2025-06-20 08:48:31'),
(551, 9, 'Recorded Payment', 'payments', 109, 'Student ID: 68, Amount: 500, Invoice ID: 55', '2025-06-20 08:49:11'),
(552, 9, 'Recorded Payment', 'payments', 110, 'Student ID: 68, Amount: 1100, Invoice ID: 116', '2025-06-20 08:49:11'),
(553, 9, 'Recorded Payment', 'payments', 111, 'Student ID: 70, Amount: 1500, Invoice ID: 43', '2025-06-20 09:08:07'),
(554, 9, 'Recorded Payment', 'payments', 112, 'Student ID: 113, Amount: 500, Invoice ID: 64', '2025-06-20 09:08:36'),
(555, 9, 'Recorded Payment', 'payments', 113, 'Student ID: 113, Amount: 1100, Invoice ID: 118', '2025-06-20 09:08:36'),
(556, 9, 'Recorded Payment', 'payments', 114, 'Student ID: 66, Amount: 500', '2025-06-20 09:09:38'),
(557, 9, 'Recorded Payment', 'payments', 115, 'Student ID: 66, Amount: 1600, Invoice ID: 40', '2025-06-20 09:10:05'),
(558, 9, 'Recorded Payment', 'payments', 116, 'Student ID: 116, Amount: 500, Invoice ID: 67', '2025-06-20 09:10:33'),
(559, 9, 'Recorded Payment', 'payments', 117, 'Student ID: 116, Amount: 1100, Invoice ID: 119', '2025-06-20 09:10:33'),
(560, 9, 'Recorded Payment', 'payments', 118, 'Student ID: 123, Amount: 500, Invoice ID: 123', '2025-06-20 09:11:43'),
(561, 9, 'Recorded Payment', 'payments', 119, 'Student ID: 123, Amount: 1100, Invoice ID: 128', '2025-06-20 09:11:43'),
(562, 9, 'Recorded Payment', 'payments', 121, 'Student ID: 122, Amount: 500, Invoice ID: 122', '2025-06-20 09:12:58'),
(563, 9, 'Recorded Payment', 'payments', 122, 'Student ID: 122, Amount: 1600, Invoice ID: 127', '2025-06-20 09:12:58'),
(564, 9, 'Recorded Payment', 'payments', 123, 'Student ID: 118, Amount: 500', '2025-06-20 09:13:40'),
(565, 9, 'Recorded Payment', 'payments', 124, 'Student ID: 118, Amount: 500, Invoice ID: 120', '2025-06-20 09:14:19'),
(566, 9, 'Recorded Payment', 'payments', 125, 'Student ID: 118, Amount: 1100, Invoice ID: 125', '2025-06-20 09:14:19'),
(567, 9, 'Recorded Payment', 'payments', 126, 'Student ID: 121, Amount: 500, Invoice ID: 121', '2025-06-20 09:14:38'),
(568, 9, 'Recorded Payment', 'payments', 127, 'Student ID: 121, Amount: 500, Invoice ID: 126', '2025-06-20 09:14:38'),
(569, 9, 'Updated Class Session', 'class_sessions', 15, 'Session Date: 2025-01-18', '2025-06-20 09:15:06'),
(570, 9, 'Added Class Session', 'class_sessions', 16, 'Session Date: 2025-01-18', '2025-06-20 09:25:47'),
(571, 9, 'Marked Attendance', 'attendance', 100, 'Session ID: 16, Student ID: 56', '2025-06-20 09:29:00'),
(572, 9, 'Created Invoice', 'invoices', 130, 'Student ID: 56, Session ID: 16, Amount: 1600', '2025-06-20 09:29:00'),
(573, 9, 'Marked Attendance', 'attendance', 101, 'Session ID: 16, Student ID: 57', '2025-06-20 09:29:00'),
(574, 9, 'Created Invoice', 'invoices', 131, 'Student ID: 57, Session ID: 16, Amount: 1600', '2025-06-20 09:29:00'),
(575, 9, 'Marked Attendance', 'attendance', 102, 'Session ID: 16, Student ID: 58', '2025-06-20 09:29:00'),
(576, 9, 'Created Invoice', 'invoices', 132, 'Student ID: 58, Session ID: 16, Amount: 1600', '2025-06-20 09:29:00'),
(577, 9, 'Marked Attendance', 'attendance', 103, 'Session ID: 16, Student ID: 59', '2025-06-20 09:29:00'),
(578, 9, 'Created Invoice', 'invoices', 133, 'Student ID: 59, Session ID: 16, Amount: 1600', '2025-06-20 09:29:00'),
(579, 9, 'Marked Attendance', 'attendance', 104, 'Session ID: 16, Student ID: 60', '2025-06-20 09:29:00'),
(580, 9, 'Created Invoice', 'invoices', 134, 'Student ID: 60, Session ID: 16, Amount: 1600', '2025-06-20 09:29:00'),
(581, 9, 'Marked Attendance', 'attendance', 105, 'Session ID: 16, Student ID: 61', '2025-06-20 09:29:00'),
(582, 9, 'Created Invoice', 'invoices', 135, 'Student ID: 61, Session ID: 16, Amount: 1600', '2025-06-20 09:29:00'),
(583, 9, 'Marked Attendance', 'attendance', 106, 'Session ID: 16, Student ID: 62', '2025-06-20 09:29:00'),
(584, 9, 'Created Invoice', 'invoices', 136, 'Student ID: 62, Session ID: 16, Amount: 1600', '2025-06-20 09:29:00'),
(585, 9, 'Marked Attendance', 'attendance', 107, 'Session ID: 16, Student ID: 63', '2025-06-20 09:29:00'),
(586, 9, 'Created Invoice', 'invoices', 137, 'Student ID: 63, Session ID: 16, Amount: 1600', '2025-06-20 09:29:00'),
(587, 9, 'Marked Attendance', 'attendance', 108, 'Session ID: 16, Student ID: 92', '2025-06-20 09:29:00'),
(588, 9, 'Created Invoice', 'invoices', 138, 'Student ID: 92, Session ID: 16, Amount: 1600', '2025-06-20 09:29:00'),
(589, 9, 'Marked Attendance', 'attendance', 109, 'Session ID: 16, Student ID: 94', '2025-06-20 09:29:00'),
(590, 9, 'Created Invoice', 'invoices', 139, 'Student ID: 94, Session ID: 16, Amount: 1600', '2025-06-20 09:29:00'),
(591, 9, 'Marked Attendance', 'attendance', 110, 'Session ID: 16, Student ID: 95', '2025-06-20 09:29:00'),
(592, 9, 'Created Invoice', 'invoices', 140, 'Student ID: 95, Session ID: 16, Amount: 1600', '2025-06-20 09:29:00'),
(593, 9, 'Marked Attendance', 'attendance', 111, 'Session ID: 16, Student ID: 98', '2025-06-20 09:29:00'),
(594, 9, 'Created Invoice', 'invoices', 141, 'Student ID: 98, Session ID: 16, Amount: 1600', '2025-06-20 09:29:00'),
(595, 9, 'Marked Attendance', 'attendance', 112, 'Session ID: 16, Student ID: 99', '2025-06-20 09:29:00'),
(596, 9, 'Created Invoice', 'invoices', 142, 'Student ID: 99, Session ID: 16, Amount: 1600', '2025-06-20 09:29:00'),
(597, 9, 'Marked Attendance', 'attendance', 113, 'Session ID: 16, Student ID: 100', '2025-06-20 09:29:00'),
(598, 9, 'Created Invoice', 'invoices', 143, 'Student ID: 100, Session ID: 16, Amount: 1600', '2025-06-20 09:29:00'),
(599, 9, 'Marked Attendance', 'attendance', 114, 'Session ID: 16, Student ID: 109', '2025-06-20 09:29:00'),
(600, 9, 'Created Invoice', 'invoices', 144, 'Student ID: 109, Session ID: 16, Amount: 1600', '2025-06-20 09:29:00'),
(601, 9, 'Marked Attendance', 'attendance', 115, 'Session ID: 16, Student ID: 110', '2025-06-20 09:29:00'),
(602, 9, 'Created Invoice', 'invoices', 145, 'Student ID: 110, Session ID: 16, Amount: 1600', '2025-06-20 09:29:00'),
(603, 9, 'Marked Attendance', 'attendance', 116, 'Session ID: 16, Student ID: 111', '2025-06-20 09:29:00'),
(604, 9, 'Created Invoice', 'invoices', 146, 'Student ID: 111, Session ID: 16, Amount: 1600', '2025-06-20 09:29:00'),
(605, 9, 'Marked Attendance', 'attendance', 117, 'Session ID: 16, Student ID: 112', '2025-06-20 09:29:00'),
(606, 9, 'Created Invoice', 'invoices', 147, 'Student ID: 112, Session ID: 16, Amount: 1600', '2025-06-20 09:29:00'),
(607, 9, 'Marked Attendance', 'attendance', 118, 'Session ID: 16, Student ID: 117', '2025-06-20 09:29:00'),
(608, 9, 'Created Invoice', 'invoices', 148, 'Student ID: 117, Session ID: 16, Amount: 1600', '2025-06-20 09:29:00'),
(609, 9, 'Marked Attendance', 'attendance', 119, 'Session ID: 16, Student ID: 125', '2025-06-20 09:29:00'),
(610, 9, 'Created Invoice', 'invoices', 149, 'Student ID: 125, Session ID: 16, Amount: 1600', '2025-06-20 09:29:00'),
(611, 9, 'Recorded Payment', 'payments', 128, 'Student ID: 63, Amount: 1550, Invoice ID: 137', '2025-06-20 09:34:51'),
(612, 9, 'Recorded Payment', 'payments', 129, 'Student ID: 59, Amount: 1600, Invoice ID: 133', '2025-06-20 09:35:11'),
(613, 9, 'Recorded Payment', 'payments', 130, 'Student ID: 125, Amount: 1600, Invoice ID: 149', '2025-06-20 09:35:40'),
(614, 9, 'Recorded Payment', 'payments', 131, 'Student ID: 60, Amount: 1600, Invoice ID: 134', '2025-06-20 09:36:01'),
(615, 9, 'Recorded Payment', 'payments', 132, 'Student ID: 111, Amount: 1600, Invoice ID: 146', '2025-06-20 09:36:24'),
(616, 9, 'Recorded Payment', 'payments', 133, 'Student ID: 99, Amount: 1600, Invoice ID: 142', '2025-06-20 09:36:47'),
(617, 9, 'Recorded Payment', 'payments', 134, 'Student ID: 92, Amount: 1600, Invoice ID: 138', '2025-06-20 09:38:33'),
(618, 9, 'Recorded Payment', 'payments', 135, 'Student ID: 100, Amount: 1600, Invoice ID: 107', '2025-06-20 09:39:08'),
(619, 9, 'Recorded Payment', 'payments', 136, 'Student ID: 100, Amount: 1600, Invoice ID: 143', '2025-06-20 09:39:08'),
(620, 9, 'Recorded Payment', 'payments', 137, 'Student ID: 94, Amount: 1600, Invoice ID: 139', '2025-06-20 09:39:31'),
(621, 9, 'Recorded Payment', 'payments', 138, 'Student ID: 61, Amount: 1600, Invoice ID: 135', '2025-06-20 09:40:05'),
(622, 9, 'Recorded Payment', 'payments', 139, 'Student ID: 57, Amount: 1600, Invoice ID: 131', '2025-06-20 09:40:22'),
(623, 9, 'Recorded Payment', 'payments', 140, 'Student ID: 112, Amount: 400, Invoice ID: 111', '2025-06-20 09:41:10'),
(624, 9, 'Recorded Payment', 'payments', 141, 'Student ID: 112, Amount: 700, Invoice ID: 147', '2025-06-20 09:41:10'),
(625, 9, 'Recorded Payment', 'payments', 142, 'Student ID: 112, Amount: 500, Invoice ID: 147', '2025-06-20 09:41:32'),
(626, 9, 'Recorded Payment', 'payments', 143, 'Student ID: 56, Amount: 1600, Invoice ID: 130', '2025-06-20 09:41:57'),
(627, 9, 'Recorded Payment', 'payments', 144, 'Student ID: 98, Amount: 1600, Invoice ID: 141', '2025-06-20 09:42:29'),
(628, 9, 'Recorded Payment', 'payments', 145, 'Student ID: 58, Amount: 1600, Invoice ID: 132', '2025-06-20 09:44:03'),
(629, 9, 'Recorded Payment', 'payments', 146, 'Student ID: 110, Amount: 1400, Invoice ID: 145', '2025-06-20 09:44:37'),
(630, 9, 'Recorded Payment', 'payments', 147, 'Student ID: 109, Amount: 500, Invoice ID: 108', '2025-06-20 09:45:25'),
(631, 9, 'Recorded Payment', 'payments', 148, 'Student ID: 109, Amount: 1500, Invoice ID: 144', '2025-06-20 09:45:25'),
(632, 9, 'Recorded Payment', 'payments', 149, 'Student ID: 117, Amount: 1600, Invoice ID: 148', '2025-06-20 09:46:00'),
(633, 9, 'Recorded Payment', 'payments', 150, 'Student ID: 62, Amount: 1500, Invoice ID: 98', '2025-06-20 09:46:38'),
(634, 9, 'Recorded Payment', 'payments', 151, 'Student ID: 62, Amount: 100, Invoice ID: 136', '2025-06-20 09:46:38'),
(635, 9, 'Recorded Payment', 'payments', 152, 'Student ID: 95, Amount: 1500, Invoice ID: 104', '2025-06-20 09:47:04'),
(636, 9, 'Updated Class Session', 'class_sessions', 16, 'Session Date: 2025-01-18', '2025-06-20 09:52:26'),
(637, 9, 'Added Lecturer', 'lecturers', 16, 'Lecturer: Mr David Njiri', '2025-06-20 12:11:17'),
(638, 9, 'Added Unit', 'units', 83, 'Code: CET0001, Name: Isaiah', '2025-06-20 12:13:02'),
(639, 9, 'Added Class Session', 'class_sessions', 17, 'Session Date: 2025-02-08', '2025-06-20 12:13:31'),
(640, 9, 'Marked Attendance', 'attendance', 120, 'Session ID: 17, Student ID: 66', '2025-06-20 12:36:09'),
(641, 9, 'Created Invoice', 'invoices', 150, 'Student ID: 66, Session ID: 17, Amount: 1600', '2025-06-20 12:36:09');
INSERT INTO `audit_trail` (`id`, `user_id`, `action`, `table_name`, `record_id`, `details`, `action_time`) VALUES
(642, 9, 'Marked Attendance', 'attendance', 121, 'Session ID: 17, Student ID: 67', '2025-06-20 12:36:09'),
(643, 9, 'Created Invoice', 'invoices', 151, 'Student ID: 67, Session ID: 17, Amount: 1600', '2025-06-20 12:36:09'),
(644, 9, 'Marked Attendance', 'attendance', 122, 'Session ID: 17, Student ID: 68', '2025-06-20 12:36:09'),
(645, 9, 'Created Invoice', 'invoices', 152, 'Student ID: 68, Session ID: 17, Amount: 1600', '2025-06-20 12:36:09'),
(646, 9, 'Marked Attendance', 'attendance', 123, 'Session ID: 17, Student ID: 70', '2025-06-20 12:36:09'),
(647, 9, 'Created Invoice', 'invoices', 153, 'Student ID: 70, Session ID: 17, Amount: 1600', '2025-06-20 12:36:09'),
(648, 9, 'Marked Attendance', 'attendance', 124, 'Session ID: 17, Student ID: 113', '2025-06-20 12:36:09'),
(649, 9, 'Created Invoice', 'invoices', 154, 'Student ID: 113, Session ID: 17, Amount: 1600', '2025-06-20 12:36:09'),
(650, 9, 'Marked Attendance', 'attendance', 125, 'Session ID: 17, Student ID: 114', '2025-06-20 12:36:09'),
(651, 9, 'Created Invoice', 'invoices', 155, 'Student ID: 114, Session ID: 17, Amount: 1600', '2025-06-20 12:36:09'),
(652, 9, 'Marked Attendance', 'attendance', 126, 'Session ID: 17, Student ID: 115', '2025-06-20 12:36:09'),
(653, 9, 'Created Invoice', 'invoices', 156, 'Student ID: 115, Session ID: 17, Amount: 1600', '2025-06-20 12:36:09'),
(654, 9, 'Marked Attendance', 'attendance', 127, 'Session ID: 17, Student ID: 116', '2025-06-20 12:36:09'),
(655, 9, 'Created Invoice', 'invoices', 157, 'Student ID: 116, Session ID: 17, Amount: 1600', '2025-06-20 12:36:09'),
(656, 9, 'Marked Attendance', 'attendance', 128, 'Session ID: 17, Student ID: 118', '2025-06-20 12:36:09'),
(657, 9, 'Created Invoice', 'invoices', 158, 'Student ID: 118, Session ID: 17, Amount: 1600', '2025-06-20 12:36:09'),
(658, 9, 'Marked Attendance', 'attendance', 129, 'Session ID: 17, Student ID: 122', '2025-06-20 12:36:09'),
(659, 9, 'Created Invoice', 'invoices', 159, 'Student ID: 122, Session ID: 17, Amount: 1600', '2025-06-20 12:36:09'),
(660, 9, 'Recorded Payment', 'payments', 153, 'Student ID: 113, Amount: 500, Invoice ID: 118', '2025-06-20 12:36:51'),
(661, 9, 'Recorded Payment', 'payments', 154, 'Student ID: 113, Amount: 1100, Invoice ID: 154', '2025-06-20 12:36:51'),
(662, 9, 'Recorded Payment', 'payments', 155, 'Student ID: 68, Amount: 500, Invoice ID: 116', '2025-06-20 12:37:54'),
(663, 9, 'Recorded Payment', 'payments', 156, 'Student ID: 68, Amount: 1600, Invoice ID: 152', '2025-06-20 12:37:54'),
(664, 9, 'Recorded Payment', 'payments', 157, 'Student ID: 115, Amount: 500, Invoice ID: 66', '2025-06-20 12:38:25'),
(665, 9, 'Recorded Payment', 'payments', 158, 'Student ID: 115, Amount: 1100, Invoice ID: 156', '2025-06-20 12:38:25'),
(666, 9, 'Recorded Payment', 'payments', 159, 'Student ID: 66, Amount: 500, Invoice ID: 53', '2025-06-20 12:39:04'),
(667, 9, 'Recorded Payment', 'payments', 160, 'Student ID: 66, Amount: 700, Invoice ID: 114', '2025-06-20 12:39:04'),
(668, 9, 'Recorded Payment', 'payments', 161, 'Student ID: 66, Amount: 400, Invoice ID: 114', '2025-06-20 12:39:31'),
(669, 9, 'Recorded Payment', 'payments', 162, 'Student ID: 116, Amount: 500, Invoice ID: 119', '2025-06-20 12:39:54'),
(670, 9, 'Recorded Payment', 'payments', 163, 'Student ID: 116, Amount: 1600, Invoice ID: 157', '2025-06-20 12:39:54'),
(671, 9, 'Recorded Payment', 'payments', 164, 'Student ID: 122, Amount: 1600, Invoice ID: 159', '2025-06-20 12:40:44'),
(672, 9, 'Recorded Payment', 'payments', 165, 'Student ID: 70, Amount: 100, Invoice ID: 43', '2025-06-20 12:41:13'),
(673, 9, 'Recorded Payment', 'payments', 166, 'Student ID: 70, Amount: 500, Invoice ID: 57', '2025-06-20 12:41:13'),
(674, 9, 'Recorded Payment', 'payments', 167, 'Student ID: 70, Amount: 1000, Invoice ID: 117', '2025-06-20 12:41:13'),
(675, 9, 'Recorded Payment', 'payments', 168, 'Student ID: 114, Amount: 1600, Invoice ID: 155', '2025-06-20 12:41:38'),
(676, 9, 'Recorded Payment', 'payments', 169, 'Student ID: 67, Amount: 1600, Invoice ID: 151', '2025-06-20 12:42:00'),
(677, 9, 'Recorded Payment', 'payments', 170, 'Student ID: 118, Amount: 500, Invoice ID: 125', '2025-06-20 12:42:20'),
(678, 9, 'Recorded Payment', 'payments', 171, 'Student ID: 118, Amount: 1100, Invoice ID: 158', '2025-06-20 12:42:20'),
(679, 9, 'Added Lecturer', 'lecturers', 17, 'Lecturer: Mr David Njuguna', '2025-06-20 12:43:21'),
(680, 9, 'Updated Class Session', 'class_sessions', 17, 'Session Date: 2025-02-08', '2025-06-20 12:43:48'),
(681, 9, 'Added Class Session', 'class_sessions', 18, 'Session Date: 2025-02-08', '2025-06-20 12:44:40'),
(682, 9, 'Marked Attendance', 'attendance', 130, 'Session ID: 18, Student ID: 56', '2025-06-20 12:46:44'),
(683, 9, 'Created Invoice', 'invoices', 160, 'Student ID: 56, Session ID: 18, Amount: 1600', '2025-06-20 12:46:44'),
(684, 9, 'Marked Attendance', 'attendance', 131, 'Session ID: 18, Student ID: 57', '2025-06-20 12:46:44'),
(685, 9, 'Created Invoice', 'invoices', 161, 'Student ID: 57, Session ID: 18, Amount: 1600', '2025-06-20 12:46:44'),
(686, 9, 'Marked Attendance', 'attendance', 132, 'Session ID: 18, Student ID: 58', '2025-06-20 12:46:44'),
(687, 9, 'Created Invoice', 'invoices', 162, 'Student ID: 58, Session ID: 18, Amount: 1600', '2025-06-20 12:46:44'),
(688, 9, 'Marked Attendance', 'attendance', 133, 'Session ID: 18, Student ID: 59', '2025-06-20 12:46:44'),
(689, 9, 'Created Invoice', 'invoices', 163, 'Student ID: 59, Session ID: 18, Amount: 1600', '2025-06-20 12:46:44'),
(690, 9, 'Marked Attendance', 'attendance', 134, 'Session ID: 18, Student ID: 60', '2025-06-20 12:46:44'),
(691, 9, 'Created Invoice', 'invoices', 164, 'Student ID: 60, Session ID: 18, Amount: 1600', '2025-06-20 12:46:44'),
(692, 9, 'Marked Attendance', 'attendance', 135, 'Session ID: 18, Student ID: 61', '2025-06-20 12:46:44'),
(693, 9, 'Created Invoice', 'invoices', 165, 'Student ID: 61, Session ID: 18, Amount: 1600', '2025-06-20 12:46:44'),
(694, 9, 'Marked Attendance', 'attendance', 136, 'Session ID: 18, Student ID: 62', '2025-06-20 12:46:44'),
(695, 9, 'Created Invoice', 'invoices', 166, 'Student ID: 62, Session ID: 18, Amount: 1600', '2025-06-20 12:46:44'),
(696, 9, 'Marked Attendance', 'attendance', 137, 'Session ID: 18, Student ID: 91', '2025-06-20 12:46:44'),
(697, 9, 'Created Invoice', 'invoices', 167, 'Student ID: 91, Session ID: 18, Amount: 1600', '2025-06-20 12:46:44'),
(698, 9, 'Marked Attendance', 'attendance', 138, 'Session ID: 18, Student ID: 92', '2025-06-20 12:46:44'),
(699, 9, 'Created Invoice', 'invoices', 168, 'Student ID: 92, Session ID: 18, Amount: 1600', '2025-06-20 12:46:44'),
(700, 9, 'Marked Attendance', 'attendance', 139, 'Session ID: 18, Student ID: 94', '2025-06-20 12:46:44'),
(701, 9, 'Created Invoice', 'invoices', 169, 'Student ID: 94, Session ID: 18, Amount: 1600', '2025-06-20 12:46:44'),
(702, 9, 'Marked Attendance', 'attendance', 140, 'Session ID: 18, Student ID: 95', '2025-06-20 12:46:44'),
(703, 9, 'Created Invoice', 'invoices', 170, 'Student ID: 95, Session ID: 18, Amount: 1600', '2025-06-20 12:46:44'),
(704, 9, 'Marked Attendance', 'attendance', 141, 'Session ID: 18, Student ID: 98', '2025-06-20 12:46:44'),
(705, 9, 'Created Invoice', 'invoices', 171, 'Student ID: 98, Session ID: 18, Amount: 1600', '2025-06-20 12:46:44'),
(706, 9, 'Marked Attendance', 'attendance', 142, 'Session ID: 18, Student ID: 99', '2025-06-20 12:46:44'),
(707, 9, 'Created Invoice', 'invoices', 172, 'Student ID: 99, Session ID: 18, Amount: 1600', '2025-06-20 12:46:44'),
(708, 9, 'Marked Attendance', 'attendance', 143, 'Session ID: 18, Student ID: 100', '2025-06-20 12:46:44'),
(709, 9, 'Created Invoice', 'invoices', 173, 'Student ID: 100, Session ID: 18, Amount: 1600', '2025-06-20 12:46:44'),
(710, 9, 'Marked Attendance', 'attendance', 144, 'Session ID: 18, Student ID: 109', '2025-06-20 12:46:44'),
(711, 9, 'Created Invoice', 'invoices', 174, 'Student ID: 109, Session ID: 18, Amount: 1600', '2025-06-20 12:46:44'),
(712, 9, 'Marked Attendance', 'attendance', 145, 'Session ID: 18, Student ID: 110', '2025-06-20 12:46:44'),
(713, 9, 'Created Invoice', 'invoices', 175, 'Student ID: 110, Session ID: 18, Amount: 1600', '2025-06-20 12:46:44'),
(714, 9, 'Marked Attendance', 'attendance', 146, 'Session ID: 18, Student ID: 111', '2025-06-20 12:46:44'),
(715, 9, 'Created Invoice', 'invoices', 176, 'Student ID: 111, Session ID: 18, Amount: 1600', '2025-06-20 12:46:44'),
(716, 9, 'Marked Attendance', 'attendance', 147, 'Session ID: 18, Student ID: 112', '2025-06-20 12:46:44'),
(717, 9, 'Created Invoice', 'invoices', 177, 'Student ID: 112, Session ID: 18, Amount: 1600', '2025-06-20 12:46:44'),
(718, 9, 'Marked Attendance', 'attendance', 148, 'Session ID: 18, Student ID: 117', '2025-06-20 12:46:44'),
(719, 9, 'Created Invoice', 'invoices', 178, 'Student ID: 117, Session ID: 18, Amount: 1600', '2025-06-20 12:46:44'),
(720, 9, 'Marked Attendance', 'attendance', 149, 'Session ID: 18, Student ID: 125', '2025-06-20 12:46:44'),
(721, 9, 'Created Invoice', 'invoices', 179, 'Student ID: 125, Session ID: 18, Amount: 1600', '2025-06-20 12:46:44'),
(722, 9, 'Added Student', 'students', 126, 'Student: NPBC/IGACU/2023/0018', '2025-06-20 12:48:39'),
(723, 9, 'Updated Student', 'students', 126, 'Student: NPBC/IGACU/2023/0018', '2025-06-20 12:49:25'),
(724, 9, 'Updated Student', 'students', 126, 'Student: NPBC/IGACU/2023/0018', '2025-06-20 12:49:40'),
(725, 9, 'Enrolled Student', 'enrollments', 86, 'Student ID: 126, Level ID: 2, Academic Year: 2025', '2025-06-20 12:49:58'),
(726, 9, 'Marked Attendance', 'attendance', 150, 'Session ID: 18, Student ID: 126', '2025-06-20 12:50:20'),
(727, 9, 'Created Invoice', 'invoices', 180, 'Student ID: 126, Session ID: 18, Amount: 1600', '2025-06-20 12:50:20'),
(728, 9, 'Recorded Payment', 'payments', 172, 'Student ID: 94, Amount: 1600, Invoice ID: 169', '2025-06-20 12:50:58'),
(729, 9, 'Recorded Payment', 'payments', 173, 'Student ID: 61, Amount: 1600, Invoice ID: 165', '2025-06-20 13:03:18'),
(730, 9, 'Recorded Payment', 'payments', 174, 'Student ID: 92, Amount: 1600, Invoice ID: 168', '2025-06-20 13:06:33'),
(731, 9, 'Recorded Payment', 'payments', 175, 'Student ID: 111, Amount: 1600, Invoice ID: 176', '2025-06-20 13:06:55'),
(732, 9, 'Recorded Payment', 'payments', 176, 'Student ID: 56, Amount: 1600, Invoice ID: 160', '2025-06-20 13:56:53'),
(733, 9, 'Recorded Payment', 'payments', 177, 'Student ID: 60, Amount: 1600, Invoice ID: 164', '2025-06-20 13:57:11'),
(734, 9, 'Recorded Payment', 'payments', 178, 'Student ID: 125, Amount: 1600, Invoice ID: 179', '2025-06-20 13:57:49'),
(735, 9, 'Recorded Payment', 'payments', 179, 'Student ID: 99, Amount: 1000, Invoice ID: 172', '2025-06-20 13:58:11'),
(736, 9, 'Recorded Payment', 'payments', 180, 'Student ID: 99, Amount: 600, Invoice ID: 172', '2025-06-20 13:58:28'),
(737, 9, 'Recorded Payment', 'payments', 181, 'Student ID: 58, Amount: 1600, Invoice ID: 162', '2025-06-20 13:58:44'),
(738, 9, 'Recorded Payment', 'payments', 182, 'Student ID: 91, Amount: 1000, Invoice ID: 167', '2025-06-20 13:59:00'),
(739, 9, 'Recorded Payment', 'payments', 183, 'Student ID: 57, Amount: 1600, Invoice ID: 161', '2025-06-20 13:59:34'),
(740, 9, 'Recorded Payment', 'payments', 184, 'Student ID: 109, Amount: 100, Invoice ID: 144', '2025-06-20 13:59:58'),
(741, 9, 'Recorded Payment', 'payments', 185, 'Student ID: 109, Amount: 600, Invoice ID: 174', '2025-06-20 13:59:58'),
(742, 9, 'Recorded Payment', 'payments', 186, 'Student ID: 109, Amount: 1000, Invoice ID: 174', '2025-06-20 14:00:19'),
(743, 9, 'Recorded Payment', 'payments', 187, 'Student ID: 98, Amount: 1600, Invoice ID: 171', '2025-06-20 14:00:37'),
(744, 9, 'Recorded Payment', 'payments', 191, 'Student ID: 95, Amount: 100, Invoice ID: 104', '2025-06-20 14:03:12'),
(745, 9, 'Recorded Payment', 'payments', 192, 'Student ID: 95, Amount: 1600, Invoice ID: 140', '2025-06-20 14:03:32'),
(746, 9, 'Recorded Payment', 'payments', 193, 'Student ID: 117, Amount: 1600, Invoice ID: 178', '2025-06-20 14:04:28'),
(747, 9, 'Recorded Payment', 'payments', 194, 'Student ID: 62, Amount: 750, Invoice ID: 136', '2025-06-20 14:04:51'),
(748, 9, 'Recorded Payment', 'payments', 195, 'Student ID: 110, Amount: 200, Invoice ID: 145', '2025-06-20 14:05:09'),
(749, 9, 'Recorded Payment', 'payments', 196, 'Student ID: 110, Amount: 1400, Invoice ID: 175', '2025-06-20 14:05:09'),
(750, 9, 'Recorded Payment', 'payments', 197, 'Student ID: 112, Amount: 400, Invoice ID: 147', '2025-06-20 14:05:33'),
(751, 9, 'Recorded Payment', 'payments', 198, 'Student ID: 112, Amount: 600, Invoice ID: 177', '2025-06-20 14:05:33'),
(752, 9, 'Updated Class Session', 'class_sessions', 18, 'Session Date: 2025-02-08', '2025-06-20 14:06:04'),
(753, 9, 'Added Unit', 'units', 84, 'Code: DIP0001, Name: Occupational Safety and Health', '2025-06-20 14:07:01'),
(754, 9, 'Added Class Session', 'class_sessions', 19, 'Session Date: 2025-02-08', '2025-06-20 14:07:50'),
(755, 9, 'Marked Attendance', 'attendance', 151, 'Session ID: 19, Student ID: 28', '2025-06-20 14:09:12'),
(756, 9, 'Created Invoice', 'invoices', 181, 'Student ID: 28, Session ID: 19, Amount: 1600', '2025-06-20 14:09:12'),
(757, 9, 'Marked Attendance', 'attendance', 152, 'Session ID: 19, Student ID: 51', '2025-06-20 14:09:12'),
(758, 9, 'Created Invoice', 'invoices', 182, 'Student ID: 51, Session ID: 19, Amount: 1600', '2025-06-20 14:09:12'),
(759, 9, 'Marked Attendance', 'attendance', 153, 'Session ID: 19, Student ID: 52', '2025-06-20 14:09:12'),
(760, 9, 'Created Invoice', 'invoices', 183, 'Student ID: 52, Session ID: 19, Amount: 1600', '2025-06-20 14:09:12'),
(761, 9, 'Marked Attendance', 'attendance', 154, 'Session ID: 19, Student ID: 53', '2025-06-20 14:09:12'),
(762, 9, 'Created Invoice', 'invoices', 184, 'Student ID: 53, Session ID: 19, Amount: 1600', '2025-06-20 14:09:12'),
(763, 9, 'Marked Attendance', 'attendance', 155, 'Session ID: 19, Student ID: 55', '2025-06-20 14:09:12'),
(764, 9, 'Created Invoice', 'invoices', 185, 'Student ID: 55, Session ID: 19, Amount: 1600', '2025-06-20 14:09:12'),
(765, 9, 'Marked Attendance', 'attendance', 156, 'Session ID: 19, Student ID: 96', '2025-06-20 14:09:12'),
(766, 9, 'Created Invoice', 'invoices', 186, 'Student ID: 96, Session ID: 19, Amount: 1600', '2025-06-20 14:09:12'),
(767, 9, 'Marked Attendance', 'attendance', 157, 'Session ID: 19, Student ID: 97', '2025-06-20 14:09:12'),
(768, 9, 'Created Invoice', 'invoices', 187, 'Student ID: 97, Session ID: 19, Amount: 1600', '2025-06-20 14:09:12'),
(769, 9, 'Marked Attendance', 'attendance', 158, 'Session ID: 19, Student ID: 102', '2025-06-20 14:09:12'),
(770, 9, 'Created Invoice', 'invoices', 188, 'Student ID: 102, Session ID: 19, Amount: 1600', '2025-06-20 14:09:12'),
(771, 9, 'Marked Attendance', 'attendance', 159, 'Session ID: 19, Student ID: 103', '2025-06-20 14:09:12'),
(772, 9, 'Created Invoice', 'invoices', 189, 'Student ID: 103, Session ID: 19, Amount: 1600', '2025-06-20 14:09:12'),
(773, 9, 'Marked Attendance', 'attendance', 160, 'Session ID: 19, Student ID: 104', '2025-06-20 14:09:12'),
(774, 9, 'Created Invoice', 'invoices', 190, 'Student ID: 104, Session ID: 19, Amount: 1600', '2025-06-20 14:09:12'),
(775, 9, 'Marked Attendance', 'attendance', 161, 'Session ID: 19, Student ID: 105', '2025-06-20 14:09:12'),
(776, 9, 'Created Invoice', 'invoices', 191, 'Student ID: 105, Session ID: 19, Amount: 1600', '2025-06-20 14:09:12'),
(777, 9, 'Marked Attendance', 'attendance', 162, 'Session ID: 19, Student ID: 106', '2025-06-20 14:09:12'),
(778, 9, 'Created Invoice', 'invoices', 192, 'Student ID: 106, Session ID: 19, Amount: 1600', '2025-06-20 14:09:12'),
(779, 9, 'Marked Attendance', 'attendance', 163, 'Session ID: 19, Student ID: 107', '2025-06-20 14:09:12'),
(780, 9, 'Created Invoice', 'invoices', 193, 'Student ID: 107, Session ID: 19, Amount: 1600', '2025-06-20 14:09:12'),
(781, 9, 'Marked Attendance', 'attendance', 164, 'Session ID: 19, Student ID: 108', '2025-06-20 14:09:12'),
(782, 9, 'Created Invoice', 'invoices', 194, 'Student ID: 108, Session ID: 19, Amount: 1600', '2025-06-20 14:09:12'),
(783, 9, 'Marked Attendance', 'attendance', 165, 'Session ID: 19, Student ID: 101', '2025-06-20 14:09:12'),
(784, 9, 'Created Invoice', 'invoices', 195, 'Student ID: 101, Session ID: 19, Amount: 1600', '2025-06-20 14:09:12'),
(785, 9, 'Added Student', 'students', 128, 'Student: NPBC/IGACU/2025/0026', '2025-06-20 14:11:32'),
(786, 9, 'Updated Student', 'students', 128, 'Student: NPBC/IGACU/2025/0026', '2025-06-20 14:12:05'),
(787, 9, 'Enrolled Student', 'enrollments', 87, 'Student ID: 128, Level ID: 3, Academic Year: 2025', '2025-06-20 14:12:31'),
(788, 9, 'Marked Attendance', 'attendance', 166, 'Session ID: 19, Student ID: 128', '2025-06-20 14:12:46'),
(789, 9, 'Created Invoice', 'invoices', 196, 'Student ID: 128, Session ID: 19, Amount: 1600', '2025-06-20 14:12:46'),
(790, 9, 'Recorded Payment', 'payments', 199, 'Student ID: 96, Amount: 800, Invoice ID: 82', '2025-06-20 14:13:27'),
(791, 9, 'Recorded Payment', 'payments', 200, 'Student ID: 104, Amount: 1600, Invoice ID: 89', '2025-06-20 14:13:50'),
(792, 9, 'Recorded Payment', 'payments', 201, 'Student ID: 104, Amount: 900, Invoice ID: 190', '2025-06-20 14:13:50'),
(793, 9, 'Recorded Payment', 'payments', 202, 'Student ID: 108, Amount: 1600, Invoice ID: 194', '2025-06-20 14:14:08'),
(794, 9, 'Recorded Payment', 'payments', 203, 'Student ID: 53, Amount: 1600, Invoice ID: 184', '2025-06-20 14:14:46'),
(795, 9, 'Recorded Payment', 'payments', 204, 'Student ID: 55, Amount: 1600, Invoice ID: 185', '2025-06-20 14:15:07'),
(796, 9, 'Recorded Payment', 'payments', 205, 'Student ID: 28, Amount: 1600, Invoice ID: 181', '2025-06-20 14:15:25'),
(797, 9, 'Recorded Payment', 'payments', 206, 'Student ID: 106, Amount: 500, Invoice ID: 61', '2025-06-20 14:16:11'),
(798, 9, 'Recorded Payment', 'payments', 207, 'Student ID: 106, Amount: 1100, Invoice ID: 192', '2025-06-20 14:16:11'),
(799, 9, 'Recorded Payment', 'payments', 208, 'Student ID: 105, Amount: 1100, Invoice ID: 87', '2025-06-20 14:18:44'),
(800, 9, 'Recorded Payment', 'payments', 209, 'Student ID: 105, Amount: 1400, Invoice ID: 191', '2025-06-20 14:18:44'),
(801, 9, 'Recorded Payment', 'payments', 210, 'Student ID: 102, Amount: 1600, Invoice ID: 188', '2025-06-20 14:59:22'),
(802, 9, 'Recorded Payment', 'payments', 211, 'Student ID: 103, Amount: 1600, Invoice ID: 189', '2025-06-20 14:59:39'),
(803, 9, 'Recorded Payment', 'payments', 212, 'Student ID: 51, Amount: 1600, Invoice ID: 182', '2025-06-20 14:59:55'),
(804, 9, 'Recorded Payment', 'payments', 213, 'Student ID: 107, Amount: 1600, Invoice ID: 193', '2025-06-20 15:00:12'),
(805, 9, 'Recorded Payment', 'payments', 214, 'Student ID: 128, Amount: 1600, Invoice ID: 196', '2025-06-20 15:00:35'),
(806, 9, 'Recorded Payment', 'payments', 215, 'Student ID: 97, Amount: 1600, Invoice ID: 187', '2025-06-20 15:00:53'),
(807, 9, 'Recorded Payment', 'payments', 216, 'Student ID: 52, Amount: 1600, Invoice ID: 183', '2025-06-20 15:01:08'),
(808, 9, 'Recorded Payment', 'payments', 217, 'Student ID: 52, Amount: 400', '2025-06-20 15:01:27'),
(809, 9, 'Updated Class Session', 'class_sessions', 19, 'Session Date: 2025-02-08', '2025-06-20 15:02:13'),
(810, 9, 'Added Lecturer', 'lecturers', 18, 'Lecturer: Pastor Mary G&Angels', '2025-06-26 07:25:24'),
(811, 9, 'Added Lecturer', 'lecturers', 19, 'Lecturer: Pastor Deborah Mukabane', '2025-06-26 07:25:58'),
(812, 9, 'Added Lecturer', 'lecturers', 20, 'Lecturer: Bishop Jonathan Mumo', '2025-06-26 07:26:36'),
(813, 9, 'Added Lecturer', 'lecturers', 21, 'Lecturer: Mr George Kamau', '2025-06-26 07:33:29'),
(814, 9, 'Added Unit', 'units', 85, 'Code: DIP0002, Name: Digital Literacy', '2025-06-26 07:34:20'),
(815, 9, 'Added Class Session', 'class_sessions', 20, 'Session Date: 2025-03-08', '2025-06-26 07:35:02'),
(816, 9, 'Marked Attendance', 'attendance', 167, 'Session ID: 20, Student ID: 28', '2025-06-26 07:36:42'),
(817, 9, 'Created Invoice', 'invoices', 197, 'Student ID: 28, Session ID: 20, Amount: 1600', '2025-06-26 07:36:42'),
(818, 9, 'Marked Attendance', 'attendance', 168, 'Session ID: 20, Student ID: 51', '2025-06-26 07:36:42'),
(819, 9, 'Created Invoice', 'invoices', 198, 'Student ID: 51, Session ID: 20, Amount: 1600', '2025-06-26 07:36:42'),
(820, 9, 'Marked Attendance', 'attendance', 169, 'Session ID: 20, Student ID: 52', '2025-06-26 07:36:42'),
(821, 9, 'Created Invoice', 'invoices', 199, 'Student ID: 52, Session ID: 20, Amount: 1600', '2025-06-26 07:36:42'),
(822, 9, 'Marked Attendance', 'attendance', 170, 'Session ID: 20, Student ID: 53', '2025-06-26 07:36:42'),
(823, 9, 'Created Invoice', 'invoices', 200, 'Student ID: 53, Session ID: 20, Amount: 1600', '2025-06-26 07:36:42'),
(824, 9, 'Marked Attendance', 'attendance', 171, 'Session ID: 20, Student ID: 54', '2025-06-26 07:36:42'),
(825, 9, 'Created Invoice', 'invoices', 201, 'Student ID: 54, Session ID: 20, Amount: 1600', '2025-06-26 07:36:42'),
(826, 9, 'Marked Attendance', 'attendance', 172, 'Session ID: 20, Student ID: 55', '2025-06-26 07:36:42'),
(827, 9, 'Created Invoice', 'invoices', 202, 'Student ID: 55, Session ID: 20, Amount: 1600', '2025-06-26 07:36:42'),
(828, 9, 'Marked Attendance', 'attendance', 173, 'Session ID: 20, Student ID: 96', '2025-06-26 07:36:42'),
(829, 9, 'Created Invoice', 'invoices', 203, 'Student ID: 96, Session ID: 20, Amount: 1600', '2025-06-26 07:36:42'),
(830, 9, 'Marked Attendance', 'attendance', 174, 'Session ID: 20, Student ID: 97', '2025-06-26 07:36:42'),
(831, 9, 'Created Invoice', 'invoices', 204, 'Student ID: 97, Session ID: 20, Amount: 1600', '2025-06-26 07:36:42'),
(832, 9, 'Marked Attendance', 'attendance', 175, 'Session ID: 20, Student ID: 102', '2025-06-26 07:36:42'),
(833, 9, 'Created Invoice', 'invoices', 205, 'Student ID: 102, Session ID: 20, Amount: 1600', '2025-06-26 07:36:42'),
(834, 9, 'Marked Attendance', 'attendance', 176, 'Session ID: 20, Student ID: 103', '2025-06-26 07:36:42'),
(835, 9, 'Created Invoice', 'invoices', 206, 'Student ID: 103, Session ID: 20, Amount: 1600', '2025-06-26 07:36:42'),
(836, 9, 'Marked Attendance', 'attendance', 177, 'Session ID: 20, Student ID: 104', '2025-06-26 07:36:42'),
(837, 9, 'Created Invoice', 'invoices', 207, 'Student ID: 104, Session ID: 20, Amount: 1600', '2025-06-26 07:36:42'),
(838, 9, 'Marked Attendance', 'attendance', 178, 'Session ID: 20, Student ID: 105', '2025-06-26 07:36:42'),
(839, 9, 'Created Invoice', 'invoices', 208, 'Student ID: 105, Session ID: 20, Amount: 1600', '2025-06-26 07:36:42'),
(840, 9, 'Marked Attendance', 'attendance', 179, 'Session ID: 20, Student ID: 106', '2025-06-26 07:36:42'),
(841, 9, 'Created Invoice', 'invoices', 209, 'Student ID: 106, Session ID: 20, Amount: 1600', '2025-06-26 07:36:42'),
(842, 9, 'Marked Attendance', 'attendance', 180, 'Session ID: 20, Student ID: 107', '2025-06-26 07:36:42'),
(843, 9, 'Created Invoice', 'invoices', 210, 'Student ID: 107, Session ID: 20, Amount: 1600', '2025-06-26 07:36:42'),
(844, 9, 'Marked Attendance', 'attendance', 181, 'Session ID: 20, Student ID: 108', '2025-06-26 07:36:42'),
(845, 9, 'Created Invoice', 'invoices', 211, 'Student ID: 108, Session ID: 20, Amount: 1600', '2025-06-26 07:36:42'),
(846, 9, 'Marked Attendance', 'attendance', 182, 'Session ID: 20, Student ID: 101', '2025-06-26 07:36:42'),
(847, 9, 'Created Invoice', 'invoices', 212, 'Student ID: 101, Session ID: 20, Amount: 1600', '2025-06-26 07:36:42'),
(848, 9, 'Added Class Session', 'class_sessions', 21, 'Session Date: 2025-03-08', '2025-06-26 08:18:51'),
(849, 9, 'Marked Attendance', 'attendance', 183, 'Session ID: 21, Student ID: 64', '2025-06-26 08:20:04'),
(850, 9, 'Created Invoice', 'invoices', 213, 'Student ID: 64, Session ID: 21, Amount: 1600', '2025-06-26 08:20:04'),
(851, 9, 'Marked Attendance', 'attendance', 184, 'Session ID: 21, Student ID: 66', '2025-06-26 08:20:04'),
(852, 9, 'Created Invoice', 'invoices', 214, 'Student ID: 66, Session ID: 21, Amount: 1600', '2025-06-26 08:20:04'),
(853, 9, 'Marked Attendance', 'attendance', 185, 'Session ID: 21, Student ID: 67', '2025-06-26 08:20:04'),
(854, 9, 'Created Invoice', 'invoices', 215, 'Student ID: 67, Session ID: 21, Amount: 1600', '2025-06-26 08:20:04'),
(855, 9, 'Marked Attendance', 'attendance', 186, 'Session ID: 21, Student ID: 68', '2025-06-26 08:20:04'),
(856, 9, 'Created Invoice', 'invoices', 216, 'Student ID: 68, Session ID: 21, Amount: 1600', '2025-06-26 08:20:04'),
(857, 9, 'Marked Attendance', 'attendance', 187, 'Session ID: 21, Student ID: 69', '2025-06-26 08:20:04'),
(858, 9, 'Created Invoice', 'invoices', 217, 'Student ID: 69, Session ID: 21, Amount: 1600', '2025-06-26 08:20:04'),
(859, 9, 'Marked Attendance', 'attendance', 188, 'Session ID: 21, Student ID: 70', '2025-06-26 08:20:04'),
(860, 9, 'Created Invoice', 'invoices', 218, 'Student ID: 70, Session ID: 21, Amount: 1600', '2025-06-26 08:20:04'),
(861, 9, 'Marked Attendance', 'attendance', 189, 'Session ID: 21, Student ID: 114', '2025-06-26 08:20:04'),
(862, 9, 'Created Invoice', 'invoices', 219, 'Student ID: 114, Session ID: 21, Amount: 1600', '2025-06-26 08:20:04'),
(863, 9, 'Marked Attendance', 'attendance', 190, 'Session ID: 21, Student ID: 115', '2025-06-26 08:20:04'),
(864, 9, 'Created Invoice', 'invoices', 220, 'Student ID: 115, Session ID: 21, Amount: 1600', '2025-06-26 08:20:04'),
(865, 9, 'Marked Attendance', 'attendance', 191, 'Session ID: 21, Student ID: 116', '2025-06-26 08:20:04'),
(866, 9, 'Created Invoice', 'invoices', 221, 'Student ID: 116, Session ID: 21, Amount: 1600', '2025-06-26 08:20:04'),
(867, 9, 'Marked Attendance', 'attendance', 192, 'Session ID: 21, Student ID: 118', '2025-06-26 08:20:04'),
(868, 9, 'Created Invoice', 'invoices', 222, 'Student ID: 118, Session ID: 21, Amount: 1600', '2025-06-26 08:20:04'),
(869, 9, 'Marked Attendance', 'attendance', 193, 'Session ID: 21, Student ID: 122', '2025-06-26 08:20:04'),
(870, 9, 'Created Invoice', 'invoices', 223, 'Student ID: 122, Session ID: 21, Amount: 1600', '2025-06-26 08:20:04'),
(871, 9, 'Recorded Payment', 'payments', 218, 'Student ID: 69, Amount: 500, Invoice ID: 56', '2025-06-26 08:20:40'),
(872, 9, 'Recorded Payment', 'payments', 219, 'Student ID: 69, Amount: 1100, Invoice ID: 217', '2025-06-26 08:20:40'),
(873, 9, 'Recorded Payment', 'payments', 220, 'Student ID: 115, Amount: 500, Invoice ID: 156', '2025-06-26 08:21:03'),
(874, 9, 'Recorded Payment', 'payments', 221, 'Student ID: 115, Amount: 1500, Invoice ID: 220', '2025-06-26 08:21:03'),
(875, 9, 'Recorded Payment', 'payments', 222, 'Student ID: 67, Amount: 1600, Invoice ID: 215', '2025-06-26 08:21:38'),
(876, 9, 'Recorded Payment', 'payments', 223, 'Student ID: 118, Amount: 500, Invoice ID: 158', '2025-06-26 08:22:00'),
(877, 9, 'Recorded Payment', 'payments', 224, 'Student ID: 118, Amount: 1100, Invoice ID: 222', '2025-06-26 08:22:00'),
(878, 9, 'Recorded Payment', 'payments', 225, 'Student ID: 116, Amount: 1600, Invoice ID: 221', '2025-06-26 08:22:22'),
(879, 9, 'Recorded Payment', 'payments', 226, 'Student ID: 122, Amount: 1600, Invoice ID: 223', '2025-06-26 08:22:46'),
(880, 9, 'Recorded Payment', 'payments', 227, 'Student ID: 64, Amount: 500, Invoice ID: 51', '2025-06-26 08:23:08'),
(881, 9, 'Recorded Payment', 'payments', 228, 'Student ID: 64, Amount: 1600, Invoice ID: 213', '2025-06-26 08:23:08'),
(882, 9, 'Recorded Payment', 'payments', 229, 'Student ID: 114, Amount: 1100, Invoice ID: 219', '2025-06-26 08:23:29'),
(883, 9, 'Recorded Payment', 'payments', 230, 'Student ID: 70, Amount: 600, Invoice ID: 117', '2025-06-26 08:23:58'),
(884, 9, 'Recorded Payment', 'payments', 231, 'Student ID: 70, Amount: 1000, Invoice ID: 153', '2025-06-26 08:23:58'),
(885, 9, 'Recorded Payment', 'payments', 232, 'Student ID: 68, Amount: 1600, Invoice ID: 216', '2025-06-26 08:24:18'),
(886, 9, 'Added Lecturer', 'lecturers', 22, 'Lecturer: Mrs Alice Waituka', '2025-06-26 08:25:42'),
(887, 9, 'Updated Unit', 'units', 73, 'Code: MIN2262, Name: Christian Marriage and Family', '2025-06-26 08:26:42'),
(888, 9, 'Updated Class Session', 'class_sessions', 21, 'Session Date: 2025-03-08', '2025-06-26 08:28:16'),
(889, 9, 'Added Class Session', 'class_sessions', 22, 'Session Date: 2025-03-08', '2025-06-26 08:30:11'),
(890, 9, 'Marked Attendance', 'attendance', 194, 'Session ID: 22, Student ID: 56', '2025-06-26 08:32:12'),
(891, 9, 'Created Invoice', 'invoices', 224, 'Student ID: 56, Session ID: 22, Amount: 1600', '2025-06-26 08:32:12'),
(892, 9, 'Marked Attendance', 'attendance', 195, 'Session ID: 22, Student ID: 57', '2025-06-26 08:32:12'),
(893, 9, 'Created Invoice', 'invoices', 225, 'Student ID: 57, Session ID: 22, Amount: 1600', '2025-06-26 08:32:12'),
(894, 9, 'Marked Attendance', 'attendance', 196, 'Session ID: 22, Student ID: 58', '2025-06-26 08:32:12'),
(895, 9, 'Created Invoice', 'invoices', 226, 'Student ID: 58, Session ID: 22, Amount: 1600', '2025-06-26 08:32:12'),
(896, 9, 'Marked Attendance', 'attendance', 197, 'Session ID: 22, Student ID: 59', '2025-06-26 08:32:12'),
(897, 9, 'Created Invoice', 'invoices', 227, 'Student ID: 59, Session ID: 22, Amount: 1600', '2025-06-26 08:32:12'),
(898, 9, 'Marked Attendance', 'attendance', 198, 'Session ID: 22, Student ID: 60', '2025-06-26 08:32:12'),
(899, 9, 'Created Invoice', 'invoices', 228, 'Student ID: 60, Session ID: 22, Amount: 1600', '2025-06-26 08:32:12'),
(900, 9, 'Marked Attendance', 'attendance', 199, 'Session ID: 22, Student ID: 62', '2025-06-26 08:32:12'),
(901, 9, 'Created Invoice', 'invoices', 229, 'Student ID: 62, Session ID: 22, Amount: 1600', '2025-06-26 08:32:12'),
(902, 9, 'Marked Attendance', 'attendance', 200, 'Session ID: 22, Student ID: 63', '2025-06-26 08:32:12'),
(903, 9, 'Created Invoice', 'invoices', 230, 'Student ID: 63, Session ID: 22, Amount: 1600', '2025-06-26 08:32:12'),
(904, 9, 'Marked Attendance', 'attendance', 201, 'Session ID: 22, Student ID: 91', '2025-06-26 08:32:12'),
(905, 9, 'Created Invoice', 'invoices', 231, 'Student ID: 91, Session ID: 22, Amount: 1600', '2025-06-26 08:32:12'),
(906, 9, 'Marked Attendance', 'attendance', 202, 'Session ID: 22, Student ID: 92', '2025-06-26 08:32:12'),
(907, 9, 'Created Invoice', 'invoices', 232, 'Student ID: 92, Session ID: 22, Amount: 1600', '2025-06-26 08:32:12'),
(908, 9, 'Marked Attendance', 'attendance', 203, 'Session ID: 22, Student ID: 94', '2025-06-26 08:32:12'),
(909, 9, 'Created Invoice', 'invoices', 233, 'Student ID: 94, Session ID: 22, Amount: 1600', '2025-06-26 08:32:12'),
(910, 9, 'Marked Attendance', 'attendance', 204, 'Session ID: 22, Student ID: 95', '2025-06-26 08:32:12'),
(911, 9, 'Created Invoice', 'invoices', 234, 'Student ID: 95, Session ID: 22, Amount: 1600', '2025-06-26 08:32:12'),
(912, 9, 'Marked Attendance', 'attendance', 205, 'Session ID: 22, Student ID: 98', '2025-06-26 08:32:12'),
(913, 9, 'Created Invoice', 'invoices', 235, 'Student ID: 98, Session ID: 22, Amount: 1600', '2025-06-26 08:32:12'),
(914, 9, 'Marked Attendance', 'attendance', 206, 'Session ID: 22, Student ID: 99', '2025-06-26 08:32:12'),
(915, 9, 'Created Invoice', 'invoices', 236, 'Student ID: 99, Session ID: 22, Amount: 1600', '2025-06-26 08:32:12'),
(916, 9, 'Marked Attendance', 'attendance', 207, 'Session ID: 22, Student ID: 100', '2025-06-26 08:32:12'),
(917, 9, 'Created Invoice', 'invoices', 237, 'Student ID: 100, Session ID: 22, Amount: 1600', '2025-06-26 08:32:12'),
(918, 9, 'Marked Attendance', 'attendance', 208, 'Session ID: 22, Student ID: 109', '2025-06-26 08:32:12'),
(919, 9, 'Created Invoice', 'invoices', 238, 'Student ID: 109, Session ID: 22, Amount: 1600', '2025-06-26 08:32:12'),
(920, 9, 'Marked Attendance', 'attendance', 209, 'Session ID: 22, Student ID: 110', '2025-06-26 08:32:12'),
(921, 9, 'Created Invoice', 'invoices', 239, 'Student ID: 110, Session ID: 22, Amount: 1600', '2025-06-26 08:32:12'),
(922, 9, 'Marked Attendance', 'attendance', 210, 'Session ID: 22, Student ID: 111', '2025-06-26 08:32:12'),
(923, 9, 'Created Invoice', 'invoices', 240, 'Student ID: 111, Session ID: 22, Amount: 1600', '2025-06-26 08:32:12'),
(924, 9, 'Marked Attendance', 'attendance', 211, 'Session ID: 22, Student ID: 112', '2025-06-26 08:32:12'),
(925, 9, 'Created Invoice', 'invoices', 241, 'Student ID: 112, Session ID: 22, Amount: 1600', '2025-06-26 08:32:12'),
(926, 9, 'Marked Attendance', 'attendance', 212, 'Session ID: 22, Student ID: 117', '2025-06-26 08:32:12'),
(927, 9, 'Created Invoice', 'invoices', 242, 'Student ID: 117, Session ID: 22, Amount: 1600', '2025-06-26 08:32:12'),
(928, 9, 'Marked Attendance', 'attendance', 213, 'Session ID: 22, Student ID: 125', '2025-06-26 08:32:12'),
(929, 9, 'Created Invoice', 'invoices', 243, 'Student ID: 125, Session ID: 22, Amount: 1600', '2025-06-26 08:32:12'),
(930, 9, 'Recorded Payment', 'payments', 233, 'Student ID: 95, Amount: 1600, Invoice ID: 170', '2025-06-26 08:32:38'),
(931, 9, 'Recorded Payment', 'payments', 234, 'Student ID: 100, Amount: 200, Invoice ID: 173', '2025-06-26 08:32:56'),
(932, 9, 'Recorded Payment', 'payments', 235, 'Student ID: 110, Amount: 200, Invoice ID: 175', '2025-06-26 08:33:19'),
(933, 9, 'Recorded Payment', 'payments', 236, 'Student ID: 110, Amount: 1400, Invoice ID: 239', '2025-06-26 08:33:19'),
(934, 9, 'Recorded Payment', 'payments', 237, 'Student ID: 117, Amount: 1600, Invoice ID: 242', '2025-06-26 08:33:45'),
(935, 9, 'Recorded Payment', 'payments', 238, 'Student ID: 57, Amount: 1600, Invoice ID: 225', '2025-06-26 08:34:09'),
(936, 9, 'Recorded Payment', 'payments', 239, 'Student ID: 111, Amount: 1600, Invoice ID: 240', '2025-06-26 08:34:27'),
(937, 9, 'Recorded Payment', 'payments', 240, 'Student ID: 109, Amount: 600, Invoice ID: 238', '2025-06-26 08:34:48'),
(938, 9, 'Recorded Payment', 'payments', 241, 'Student ID: 109, Amount: 1000, Invoice ID: 238', '2025-06-26 08:35:03'),
(939, 9, 'Recorded Payment', 'payments', 242, 'Student ID: 91, Amount: 600, Invoice ID: 167', '2025-06-26 08:35:27'),
(940, 9, 'Recorded Payment', 'payments', 243, 'Student ID: 91, Amount: 1600, Invoice ID: 231', '2025-06-26 08:35:27'),
(941, 9, 'Recorded Prepayment', 'payments', 244, 'Student ID: 91, Amount: 400', '2025-06-26 08:35:27'),
(942, 9, 'Recorded Payment', 'payments', 245, 'Student ID: 94, Amount: 1600, Invoice ID: 233', '2025-06-26 08:35:46'),
(943, 9, 'Recorded Payment', 'payments', 246, 'Student ID: 112, Amount: 1000, Invoice ID: 177', '2025-06-26 08:36:13'),
(944, 9, 'Recorded Payment', 'payments', 247, 'Student ID: 112, Amount: 600, Invoice ID: 241', '2025-06-26 08:36:13'),
(945, 9, 'Recorded Payment', 'payments', 248, 'Student ID: 58, Amount: 1600, Invoice ID: 226', '2025-06-26 08:36:42'),
(946, 9, 'Recorded Payment', 'payments', 249, 'Student ID: 92, Amount: 1600, Invoice ID: 232', '2025-06-26 08:37:00'),
(947, 9, 'Recorded Payment', 'payments', 250, 'Student ID: 60, Amount: 1600, Invoice ID: 228', '2025-06-26 08:37:26'),
(948, 9, 'Recorded Payment', 'payments', 251, 'Student ID: 62, Amount: 750, Invoice ID: 136', '2025-06-26 08:37:54'),
(949, 9, 'Recorded Payment', 'payments', 252, 'Student ID: 62, Amount: 100, Invoice ID: 166', '2025-06-26 08:37:54'),
(950, 9, 'Recorded Payment', 'payments', 253, 'Student ID: 62, Amount: 800, Invoice ID: 166', '2025-06-26 08:38:14'),
(951, 9, 'Recorded Payment', 'payments', 254, 'Student ID: 99, Amount: 1600, Invoice ID: 236', '2025-06-26 08:38:37'),
(952, 9, 'Recorded Payment', 'payments', 255, 'Student ID: 125, Amount: 1600, Invoice ID: 243', '2025-06-26 08:39:01'),
(953, 9, 'Recorded Payment', 'payments', 256, 'Student ID: 63, Amount: 50, Invoice ID: 137', '2025-06-26 08:39:19'),
(954, 9, 'Recorded Payment', 'payments', 257, 'Student ID: 63, Amount: 1600, Invoice ID: 230', '2025-06-26 08:39:19'),
(955, 9, 'Recorded Prepayment', 'payments', 258, 'Student ID: 63, Amount: 50', '2025-06-26 08:39:19'),
(956, 9, 'Recorded Payment', 'payments', 259, 'Student ID: 56, Amount: 1000, Invoice ID: 224', '2025-06-26 08:39:45'),
(957, 9, 'Recorded Payment', 'payments', 260, 'Student ID: 59, Amount: 1600, Invoice ID: 163', '2025-06-26 08:40:08'),
(958, 9, 'Recorded Payment', 'payments', 261, 'Student ID: 59, Amount: 1600, Invoice ID: 227', '2025-06-26 08:44:06'),
(959, 9, 'Recorded Payment', 'payments', 262, 'Student ID: 28, Amount: 1600, Invoice ID: 197', '2025-06-26 09:02:51'),
(960, 9, 'Recorded Payment', 'payments', 263, 'Student ID: 108, Amount: 1600, Invoice ID: 211', '2025-06-26 09:03:12'),
(961, 9, 'Recorded Payment', 'payments', 264, 'Student ID: 53, Amount: 1600, Invoice ID: 200', '2025-06-26 09:03:31'),
(962, 9, 'Recorded Payment', 'payments', 265, 'Student ID: 55, Amount: 1600, Invoice ID: 202', '2025-06-26 09:03:51'),
(963, 9, 'Recorded Payment', 'payments', 266, 'Student ID: 103, Amount: 1600, Invoice ID: 206', '2025-06-26 09:04:11'),
(964, 9, 'Recorded Payment', 'payments', 267, 'Student ID: 107, Amount: 1600, Invoice ID: 210', '2025-06-26 09:04:30'),
(965, 9, 'Recorded Payment', 'payments', 268, 'Student ID: 96, Amount: 200, Invoice ID: 82', '2025-06-26 09:04:54'),
(966, 9, 'Recorded Payment', 'payments', 269, 'Student ID: 96, Amount: 800, Invoice ID: 186', '2025-06-26 09:04:54'),
(967, 9, 'Recorded Payment', 'payments', 270, 'Student ID: 106, Amount: 500, Invoice ID: 192', '2025-06-26 09:05:30'),
(968, 9, 'Recorded Payment', 'payments', 271, 'Student ID: 106, Amount: 1100, Invoice ID: 209', '2025-06-26 09:05:30'),
(969, 9, 'Recorded Payment', 'payments', 272, 'Student ID: 102, Amount: 1600, Invoice ID: 205', '2025-06-26 09:05:58'),
(970, 9, 'Recorded Payment', 'payments', 273, 'Student ID: 105, Amount: 200, Invoice ID: 191', '2025-06-26 09:06:23'),
(971, 9, 'Recorded Payment', 'payments', 274, 'Student ID: 105, Amount: 600, Invoice ID: 208', '2025-06-26 09:06:23'),
(972, 9, 'Recorded Payment', 'payments', 275, 'Student ID: 54, Amount: 1600, Invoice ID: 201', '2025-06-26 09:06:45'),
(973, 9, 'Recorded Payment', 'payments', 276, 'Student ID: 52, Amount: 1600, Invoice ID: 199', '2025-06-26 09:08:07'),
(974, 9, 'Recorded Prepayment', 'payments', 277, 'Student ID: 52, Amount: 400', '2025-06-26 09:08:07'),
(975, 9, 'Added Unit', 'units', 86, 'Code: DIP0003, Name: Workplace Ethics and Practices', '2025-06-26 09:49:49'),
(976, 9, 'Added Lecturer', 'lecturers', 23, 'Lecturer: Mr Harry Randa', '2025-06-26 09:50:18'),
(977, 9, 'Updated Class Session', 'class_sessions', 22, 'Session Date: 2025-03-08', '2025-06-26 09:50:38'),
(978, 9, 'Updated Class Session', 'class_sessions', 20, 'Session Date: 2025-03-08', '2025-06-26 09:50:47'),
(979, 9, 'Added Class Session', 'class_sessions', 23, 'Session Date: 2025-03-29', '2025-06-26 10:38:36'),
(980, 9, 'Marked Attendance', 'attendance', 214, 'Session ID: 23, Student ID: 64', '2025-06-26 10:40:49'),
(981, 9, 'Created Invoice', 'invoices', 244, 'Student ID: 64, Session ID: 23, Amount: 1600', '2025-06-26 10:40:49'),
(982, 9, 'Marked Attendance', 'attendance', 215, 'Session ID: 23, Student ID: 66', '2025-06-26 10:40:49'),
(983, 9, 'Created Invoice', 'invoices', 245, 'Student ID: 66, Session ID: 23, Amount: 1600', '2025-06-26 10:40:49'),
(984, 9, 'Marked Attendance', 'attendance', 216, 'Session ID: 23, Student ID: 67', '2025-06-26 10:40:49'),
(985, 9, 'Created Invoice', 'invoices', 246, 'Student ID: 67, Session ID: 23, Amount: 1600', '2025-06-26 10:40:49'),
(986, 9, 'Marked Attendance', 'attendance', 217, 'Session ID: 23, Student ID: 68', '2025-06-26 10:40:49'),
(987, 9, 'Created Invoice', 'invoices', 247, 'Student ID: 68, Session ID: 23, Amount: 1600', '2025-06-26 10:40:49'),
(988, 9, 'Marked Attendance', 'attendance', 218, 'Session ID: 23, Student ID: 69', '2025-06-26 10:40:49'),
(989, 9, 'Created Invoice', 'invoices', 248, 'Student ID: 69, Session ID: 23, Amount: 1600', '2025-06-26 10:40:49'),
(990, 9, 'Marked Attendance', 'attendance', 219, 'Session ID: 23, Student ID: 70', '2025-06-26 10:40:49'),
(991, 9, 'Created Invoice', 'invoices', 249, 'Student ID: 70, Session ID: 23, Amount: 1600', '2025-06-26 10:40:49'),
(992, 9, 'Marked Attendance', 'attendance', 220, 'Session ID: 23, Student ID: 71', '2025-06-26 10:40:49'),
(993, 9, 'Created Invoice', 'invoices', 250, 'Student ID: 71, Session ID: 23, Amount: 1600', '2025-06-26 10:40:49'),
(994, 9, 'Marked Attendance', 'attendance', 221, 'Session ID: 23, Student ID: 113', '2025-06-26 10:40:49'),
(995, 9, 'Created Invoice', 'invoices', 251, 'Student ID: 113, Session ID: 23, Amount: 1600', '2025-06-26 10:40:49'),
(996, 9, 'Marked Attendance', 'attendance', 222, 'Session ID: 23, Student ID: 114', '2025-06-26 10:40:49'),
(997, 9, 'Created Invoice', 'invoices', 252, 'Student ID: 114, Session ID: 23, Amount: 1600', '2025-06-26 10:40:49'),
(998, 9, 'Marked Attendance', 'attendance', 223, 'Session ID: 23, Student ID: 115', '2025-06-26 10:40:49'),
(999, 9, 'Created Invoice', 'invoices', 253, 'Student ID: 115, Session ID: 23, Amount: 1600', '2025-06-26 10:40:49'),
(1000, 9, 'Marked Attendance', 'attendance', 224, 'Session ID: 23, Student ID: 116', '2025-06-26 10:40:49'),
(1001, 9, 'Created Invoice', 'invoices', 254, 'Student ID: 116, Session ID: 23, Amount: 1600', '2025-06-26 10:40:49'),
(1002, 9, 'Marked Attendance', 'attendance', 225, 'Session ID: 23, Student ID: 122', '2025-06-26 10:40:49'),
(1003, 9, 'Created Invoice', 'invoices', 255, 'Student ID: 122, Session ID: 23, Amount: 1600', '2025-06-26 10:40:49'),
(1004, 9, 'Updated Student', 'students', 128, 'Student: NPBC/IGACU/2025/0026', '2025-06-26 10:49:06'),
(1005, 9, 'Updated Student', 'students', 128, 'Student: NPBC/IGACU/2025/0026', '2025-06-26 10:50:14'),
(1006, 9, 'Added Student', 'students', 133, 'Student: NPBC/IGACU/2024/0025', '2025-06-26 10:54:21'),
(1007, 9, 'Enrolled Student', 'enrollments', 88, 'Student ID: 133, Level ID: 1, Academic Year: 2025', '2025-06-26 10:54:56'),
(1008, 9, 'Marked Attendance', 'attendance', 226, 'Session ID: 23, Student ID: 133', '2025-06-26 10:56:09'),
(1009, 9, 'Created Invoice', 'invoices', 256, 'Student ID: 133, Session ID: 23, Amount: 1600', '2025-06-26 10:56:09'),
(1010, 9, 'Recorded Payment', 'payments', 278, 'Student ID: 133, Amount: 1600, Invoice ID: 256', '2025-06-26 10:56:45'),
(1011, 9, 'Recorded Payment', 'payments', 279, 'Student ID: 113, Amount: 500, Invoice ID: 154', '2025-06-26 10:57:14'),
(1012, 9, 'Recorded Payment', 'payments', 280, 'Student ID: 113, Amount: 1100, Invoice ID: 251', '2025-06-26 10:57:14'),
(1013, 9, 'Recorded Payment', 'payments', 281, 'Student ID: 68, Amount: 1600, Invoice ID: 247', '2025-06-26 10:57:59'),
(1014, 9, 'Recorded Payment', 'payments', 282, 'Student ID: 66, Amount: 500, Invoice ID: 114', '2025-06-26 10:58:45'),
(1015, 9, 'Recorded Payment', 'payments', 283, 'Student ID: 66, Amount: 1100, Invoice ID: 150', '2025-06-26 10:58:45'),
(1016, 9, 'Recorded Payment', 'payments', 284, 'Student ID: 66, Amount: 500, Invoice ID: 150', '2025-06-26 10:59:22'),
(1017, 9, 'Recorded Payment', 'payments', 285, 'Student ID: 66, Amount: 1100, Invoice ID: 214', '2025-06-26 10:59:22'),
(1018, 9, 'Recorded Payment', 'payments', 286, 'Student ID: 70, Amount: 600, Invoice ID: 153', '2025-06-26 11:02:04'),
(1019, 9, 'Recorded Payment', 'payments', 287, 'Student ID: 70, Amount: 1600, Invoice ID: 218', '2025-06-26 11:02:04'),
(1020, 9, 'Recorded Payment', 'payments', 288, 'Student ID: 70, Amount: 1600, Invoice ID: 249', '2025-06-26 11:02:04'),
(1021, 9, 'Recorded Prepayment', 'payments', 289, 'Student ID: 70, Amount: 1200', '2025-06-26 11:02:04'),
(1022, 9, 'Recorded Payment', 'payments', 290, 'Student ID: 64, Amount: 1600, Invoice ID: 244', '2025-06-26 11:02:53'),
(1023, 9, 'Recorded Payment', 'payments', 291, 'Student ID: 71, Amount: 500, Invoice ID: 58', '2025-06-26 11:03:12'),
(1024, 9, 'Recorded Payment', 'payments', 292, 'Student ID: 71, Amount: 1100, Invoice ID: 250', '2025-06-26 11:03:12'),
(1025, 9, 'Recorded Payment', 'payments', 293, 'Student ID: 69, Amount: 500, Invoice ID: 217', '2025-06-26 11:03:30'),
(1026, 9, 'Recorded Payment', 'payments', 294, 'Student ID: 69, Amount: 1600, Invoice ID: 248', '2025-06-26 11:03:30'),
(1027, 9, 'Recorded Payment', 'payments', 295, 'Student ID: 115, Amount: 100, Invoice ID: 220', '2025-06-26 11:04:01'),
(1028, 9, 'Recorded Payment', 'payments', 296, 'Student ID: 115, Amount: 1600, Invoice ID: 253', '2025-06-26 11:04:01'),
(1029, 9, 'Recorded Payment', 'payments', 297, 'Student ID: 122, Amount: 1600, Invoice ID: 255', '2025-06-26 11:04:40'),
(1030, 9, 'Recorded Payment', 'payments', 298, 'Student ID: 114, Amount: 500, Invoice ID: 219', '2025-06-26 11:04:57'),
(1031, 9, 'Recorded Payment', 'payments', 299, 'Student ID: 114, Amount: 1100, Invoice ID: 252', '2025-06-26 11:04:57'),
(1032, 9, 'Recorded Payment', 'payments', 300, 'Student ID: 67, Amount: 1600, Invoice ID: 246', '2025-06-26 11:05:15'),
(1033, 9, 'Recorded Payment', 'payments', 301, 'Student ID: 116, Amount: 1600, Invoice ID: 254', '2025-06-26 11:05:39'),
(1034, 9, 'Updated Class Session', 'class_sessions', 23, 'Session Date: 2025-03-29', '2025-06-26 11:09:23'),
(1035, 9, 'Added Class Session', 'class_sessions', 24, 'Session Date: 2025-03-29', '2025-06-26 11:10:02'),
(1036, 9, 'Added Class Session', 'class_sessions', 25, 'Session Date: 2025-03-29', '2025-06-26 11:10:33'),
(1037, 9, 'Marked Attendance', 'attendance', 227, 'Session ID: 25, Student ID: 28', '2025-06-26 11:11:54'),
(1038, 9, 'Created Invoice', 'invoices', 257, 'Student ID: 28, Session ID: 25, Amount: 1600', '2025-06-26 11:11:54'),
(1039, 9, 'Marked Attendance', 'attendance', 228, 'Session ID: 25, Student ID: 51', '2025-06-26 11:11:54'),
(1040, 9, 'Created Invoice', 'invoices', 258, 'Student ID: 51, Session ID: 25, Amount: 1600', '2025-06-26 11:11:54'),
(1041, 9, 'Marked Attendance', 'attendance', 229, 'Session ID: 25, Student ID: 52', '2025-06-26 11:11:54'),
(1042, 9, 'Created Invoice', 'invoices', 259, 'Student ID: 52, Session ID: 25, Amount: 1600', '2025-06-26 11:11:54'),
(1043, 9, 'Marked Attendance', 'attendance', 230, 'Session ID: 25, Student ID: 53', '2025-06-26 11:11:54'),
(1044, 9, 'Created Invoice', 'invoices', 260, 'Student ID: 53, Session ID: 25, Amount: 1600', '2025-06-26 11:11:54'),
(1045, 9, 'Marked Attendance', 'attendance', 231, 'Session ID: 25, Student ID: 54', '2025-06-26 11:11:54'),
(1046, 9, 'Created Invoice', 'invoices', 261, 'Student ID: 54, Session ID: 25, Amount: 1600', '2025-06-26 11:11:54'),
(1047, 9, 'Marked Attendance', 'attendance', 232, 'Session ID: 25, Student ID: 55', '2025-06-26 11:11:54'),
(1048, 9, 'Created Invoice', 'invoices', 262, 'Student ID: 55, Session ID: 25, Amount: 1600', '2025-06-26 11:11:54'),
(1049, 9, 'Marked Attendance', 'attendance', 233, 'Session ID: 25, Student ID: 96', '2025-06-26 11:11:54'),
(1050, 9, 'Created Invoice', 'invoices', 263, 'Student ID: 96, Session ID: 25, Amount: 1600', '2025-06-26 11:11:54'),
(1051, 9, 'Marked Attendance', 'attendance', 234, 'Session ID: 25, Student ID: 97', '2025-06-26 11:11:54'),
(1052, 9, 'Created Invoice', 'invoices', 264, 'Student ID: 97, Session ID: 25, Amount: 1600', '2025-06-26 11:11:54'),
(1053, 9, 'Marked Attendance', 'attendance', 235, 'Session ID: 25, Student ID: 102', '2025-06-26 11:11:54'),
(1054, 9, 'Created Invoice', 'invoices', 265, 'Student ID: 102, Session ID: 25, Amount: 1600', '2025-06-26 11:11:54'),
(1055, 9, 'Marked Attendance', 'attendance', 236, 'Session ID: 25, Student ID: 103', '2025-06-26 11:11:54'),
(1056, 9, 'Created Invoice', 'invoices', 266, 'Student ID: 103, Session ID: 25, Amount: 1600', '2025-06-26 11:11:54'),
(1057, 9, 'Marked Attendance', 'attendance', 237, 'Session ID: 25, Student ID: 104', '2025-06-26 11:11:54'),
(1058, 9, 'Created Invoice', 'invoices', 267, 'Student ID: 104, Session ID: 25, Amount: 1600', '2025-06-26 11:11:54'),
(1059, 9, 'Marked Attendance', 'attendance', 238, 'Session ID: 25, Student ID: 105', '2025-06-26 11:11:54'),
(1060, 9, 'Created Invoice', 'invoices', 268, 'Student ID: 105, Session ID: 25, Amount: 1600', '2025-06-26 11:11:54'),
(1061, 9, 'Marked Attendance', 'attendance', 239, 'Session ID: 25, Student ID: 106', '2025-06-26 11:11:54'),
(1062, 9, 'Created Invoice', 'invoices', 269, 'Student ID: 106, Session ID: 25, Amount: 1600', '2025-06-26 11:11:54'),
(1063, 9, 'Marked Attendance', 'attendance', 240, 'Session ID: 25, Student ID: 108', '2025-06-26 11:11:54'),
(1064, 9, 'Created Invoice', 'invoices', 270, 'Student ID: 108, Session ID: 25, Amount: 1600', '2025-06-26 11:11:54'),
(1065, 9, 'Marked Attendance', 'attendance', 241, 'Session ID: 25, Student ID: 101', '2025-06-26 11:11:54'),
(1066, 9, 'Created Invoice', 'invoices', 271, 'Student ID: 101, Session ID: 25, Amount: 1600', '2025-06-26 11:11:54'),
(1067, 9, 'Marked Attendance', 'attendance', 242, 'Session ID: 25, Student ID: 128', '2025-06-26 11:11:54'),
(1068, 9, 'Created Invoice', 'invoices', 272, 'Student ID: 128, Session ID: 25, Amount: 1600', '2025-06-26 11:11:54'),
(1069, 9, 'Marked Attendance', 'attendance', 243, 'Session ID: 24, Student ID: 56', '2025-06-26 11:13:45'),
(1070, 9, 'Created Invoice', 'invoices', 273, 'Student ID: 56, Session ID: 24, Amount: 1600', '2025-06-26 11:13:45'),
(1071, 9, 'Marked Attendance', 'attendance', 244, 'Session ID: 24, Student ID: 57', '2025-06-26 11:13:45'),
(1072, 9, 'Created Invoice', 'invoices', 274, 'Student ID: 57, Session ID: 24, Amount: 1600', '2025-06-26 11:13:45'),
(1073, 9, 'Marked Attendance', 'attendance', 245, 'Session ID: 24, Student ID: 58', '2025-06-26 11:13:45'),
(1074, 9, 'Created Invoice', 'invoices', 275, 'Student ID: 58, Session ID: 24, Amount: 1600', '2025-06-26 11:13:45'),
(1075, 9, 'Marked Attendance', 'attendance', 246, 'Session ID: 24, Student ID: 59', '2025-06-26 11:13:45'),
(1076, 9, 'Created Invoice', 'invoices', 276, 'Student ID: 59, Session ID: 24, Amount: 1600', '2025-06-26 11:13:45'),
(1077, 9, 'Marked Attendance', 'attendance', 247, 'Session ID: 24, Student ID: 60', '2025-06-26 11:13:45'),
(1078, 9, 'Created Invoice', 'invoices', 277, 'Student ID: 60, Session ID: 24, Amount: 1600', '2025-06-26 11:13:45'),
(1079, 9, 'Marked Attendance', 'attendance', 248, 'Session ID: 24, Student ID: 61', '2025-06-26 11:13:45'),
(1080, 9, 'Created Invoice', 'invoices', 278, 'Student ID: 61, Session ID: 24, Amount: 1600', '2025-06-26 11:13:45'),
(1081, 9, 'Marked Attendance', 'attendance', 249, 'Session ID: 24, Student ID: 62', '2025-06-26 11:13:45'),
(1082, 9, 'Created Invoice', 'invoices', 279, 'Student ID: 62, Session ID: 24, Amount: 1600', '2025-06-26 11:13:45'),
(1083, 9, 'Marked Attendance', 'attendance', 250, 'Session ID: 24, Student ID: 63', '2025-06-26 11:13:45'),
(1084, 9, 'Created Invoice', 'invoices', 280, 'Student ID: 63, Session ID: 24, Amount: 1600', '2025-06-26 11:13:45'),
(1085, 9, 'Marked Attendance', 'attendance', 251, 'Session ID: 24, Student ID: 92', '2025-06-26 11:13:45');
INSERT INTO `audit_trail` (`id`, `user_id`, `action`, `table_name`, `record_id`, `details`, `action_time`) VALUES
(1086, 9, 'Created Invoice', 'invoices', 281, 'Student ID: 92, Session ID: 24, Amount: 1600', '2025-06-26 11:13:45'),
(1087, 9, 'Marked Attendance', 'attendance', 252, 'Session ID: 24, Student ID: 94', '2025-06-26 11:13:45'),
(1088, 9, 'Created Invoice', 'invoices', 282, 'Student ID: 94, Session ID: 24, Amount: 1600', '2025-06-26 11:13:45'),
(1089, 9, 'Marked Attendance', 'attendance', 253, 'Session ID: 24, Student ID: 95', '2025-06-26 11:13:45'),
(1090, 9, 'Created Invoice', 'invoices', 283, 'Student ID: 95, Session ID: 24, Amount: 1600', '2025-06-26 11:13:45'),
(1091, 9, 'Marked Attendance', 'attendance', 254, 'Session ID: 24, Student ID: 98', '2025-06-26 11:13:45'),
(1092, 9, 'Created Invoice', 'invoices', 284, 'Student ID: 98, Session ID: 24, Amount: 1600', '2025-06-26 11:13:45'),
(1093, 9, 'Marked Attendance', 'attendance', 255, 'Session ID: 24, Student ID: 99', '2025-06-26 11:13:45'),
(1094, 9, 'Created Invoice', 'invoices', 285, 'Student ID: 99, Session ID: 24, Amount: 1600', '2025-06-26 11:13:45'),
(1095, 9, 'Marked Attendance', 'attendance', 256, 'Session ID: 24, Student ID: 100', '2025-06-26 11:13:45'),
(1096, 9, 'Created Invoice', 'invoices', 286, 'Student ID: 100, Session ID: 24, Amount: 1600', '2025-06-26 11:13:45'),
(1097, 9, 'Marked Attendance', 'attendance', 257, 'Session ID: 24, Student ID: 109', '2025-06-26 11:13:45'),
(1098, 9, 'Created Invoice', 'invoices', 287, 'Student ID: 109, Session ID: 24, Amount: 1600', '2025-06-26 11:13:45'),
(1099, 9, 'Marked Attendance', 'attendance', 258, 'Session ID: 24, Student ID: 110', '2025-06-26 11:13:45'),
(1100, 9, 'Created Invoice', 'invoices', 288, 'Student ID: 110, Session ID: 24, Amount: 1600', '2025-06-26 11:13:45'),
(1101, 9, 'Marked Attendance', 'attendance', 259, 'Session ID: 24, Student ID: 111', '2025-06-26 11:13:45'),
(1102, 9, 'Created Invoice', 'invoices', 289, 'Student ID: 111, Session ID: 24, Amount: 1600', '2025-06-26 11:13:45'),
(1103, 9, 'Marked Attendance', 'attendance', 260, 'Session ID: 24, Student ID: 112', '2025-06-26 11:13:45'),
(1104, 9, 'Created Invoice', 'invoices', 290, 'Student ID: 112, Session ID: 24, Amount: 1600', '2025-06-26 11:13:45'),
(1105, 9, 'Marked Attendance', 'attendance', 261, 'Session ID: 24, Student ID: 117', '2025-06-26 11:13:45'),
(1106, 9, 'Created Invoice', 'invoices', 291, 'Student ID: 117, Session ID: 24, Amount: 1600', '2025-06-26 11:13:45'),
(1107, 9, 'Marked Attendance', 'attendance', 262, 'Session ID: 24, Student ID: 125', '2025-06-26 11:13:45'),
(1108, 9, 'Created Invoice', 'invoices', 292, 'Student ID: 125, Session ID: 24, Amount: 1600', '2025-06-26 11:13:45'),
(1109, 9, 'Recorded Payment', 'payments', 302, 'Student ID: 53, Amount: 1600, Invoice ID: 260', '2025-06-26 11:14:17'),
(1110, 9, 'Recorded Payment', 'payments', 303, 'Student ID: 28, Amount: 1600, Invoice ID: 257', '2025-06-26 11:14:35'),
(1111, 9, 'Recorded Payment', 'payments', 304, 'Student ID: 108, Amount: 1600, Invoice ID: 270', '2025-06-26 11:14:53'),
(1112, 9, 'Recorded Payment', 'payments', 305, 'Student ID: 104, Amount: 700, Invoice ID: 190', '2025-06-26 11:15:14'),
(1113, 9, 'Recorded Payment', 'payments', 306, 'Student ID: 104, Amount: 800, Invoice ID: 207', '2025-06-26 11:15:14'),
(1114, 9, 'Recorded Payment', 'payments', 307, 'Student ID: 105, Amount: 1000, Invoice ID: 208', '2025-06-26 11:15:34'),
(1115, 9, 'Recorded Payment', 'payments', 308, 'Student ID: 105, Amount: 600, Invoice ID: 268', '2025-06-26 11:15:34'),
(1116, 9, 'Recorded Payment', 'payments', 309, 'Student ID: 128, Amount: 1000, Invoice ID: 272', '2025-06-26 11:15:52'),
(1117, 9, 'Recorded Payment', 'payments', 310, 'Student ID: 55, Amount: 1600, Invoice ID: 262', '2025-06-26 11:16:10'),
(1118, 9, 'Recorded Payment', 'payments', 311, 'Student ID: 54, Amount: 1600, Invoice ID: 261', '2025-06-26 11:16:29'),
(1119, 9, 'Recorded Payment', 'payments', 312, 'Student ID: 103, Amount: 1600, Invoice ID: 266', '2025-06-26 11:17:53'),
(1120, 9, 'Recorded Payment', 'payments', 313, 'Student ID: 102, Amount: 1600, Invoice ID: 265', '2025-06-26 11:18:13'),
(1121, 9, 'Recorded Payment', 'payments', 314, 'Student ID: 106, Amount: 500, Invoice ID: 209', '2025-06-26 11:18:29'),
(1122, 9, 'Recorded Payment', 'payments', 315, 'Student ID: 106, Amount: 1100, Invoice ID: 269', '2025-06-26 11:18:29'),
(1123, 9, 'Recorded Payment', 'payments', 316, 'Student ID: 97, Amount: 1600, Invoice ID: 204', '2025-06-26 11:18:48'),
(1124, 9, 'Recorded Payment', 'payments', 317, 'Student ID: 97, Amount: 900, Invoice ID: 264', '2025-06-26 11:18:48'),
(1125, 9, 'Recorded Payment', 'payments', 318, 'Student ID: 52, Amount: 1600, Invoice ID: 259', '2025-06-26 11:19:16'),
(1126, 9, 'Recorded Prepayment', 'payments', 319, 'Student ID: 52, Amount: 400', '2025-06-26 11:19:16'),
(1127, 9, 'Recorded Payment', 'payments', 320, 'Student ID: 96, Amount: 800, Invoice ID: 186', '2025-06-26 11:19:37'),
(1128, 9, 'Recorded Payment', 'payments', 321, 'Student ID: 96, Amount: 100, Invoice ID: 203', '2025-06-26 11:19:37'),
(1129, 9, 'Recorded Payment', 'payments', 322, 'Student ID: 51, Amount: 1600, Invoice ID: 198', '2025-06-26 11:19:56'),
(1130, 9, 'Recorded Payment', 'payments', 323, 'Student ID: 51, Amount: 1600, Invoice ID: 258', '2025-06-26 11:19:56'),
(1131, 9, 'Recorded Payment', 'payments', 324, 'Student ID: 95, Amount: 1600, Invoice ID: 234', '2025-06-26 11:20:22'),
(1132, 9, 'Recorded Payment', 'payments', 325, 'Student ID: 99, Amount: 1600, Invoice ID: 285', '2025-06-26 11:21:19'),
(1133, 9, 'Recorded Payment', 'payments', 326, 'Student ID: 62, Amount: 700, Invoice ID: 166', '2025-06-26 11:21:39'),
(1134, 9, 'Recorded Payment', 'payments', 327, 'Student ID: 62, Amount: 900, Invoice ID: 229', '2025-06-26 11:21:39'),
(1135, 9, 'Recorded Payment', 'payments', 328, 'Student ID: 98, Amount: 1600, Invoice ID: 235', '2025-06-26 11:22:01'),
(1136, 9, 'Recorded Payment', 'payments', 329, 'Student ID: 112, Amount: 1000, Invoice ID: 241', '2025-06-26 11:22:24'),
(1137, 9, 'Recorded Payment', 'payments', 330, 'Student ID: 112, Amount: 200, Invoice ID: 290', '2025-06-26 11:22:24'),
(1138, 9, 'Recorded Payment', 'payments', 331, 'Student ID: 117, Amount: 1600, Invoice ID: 291', '2025-06-26 11:22:42'),
(1139, 9, 'Recorded Payment', 'payments', 332, 'Student ID: 94, Amount: 1600, Invoice ID: 282', '2025-06-26 11:22:56'),
(1140, 9, 'Recorded Payment', 'payments', 333, 'Student ID: 111, Amount: 1600, Invoice ID: 289', '2025-06-26 11:23:21'),
(1141, 9, 'Recorded Payment', 'payments', 334, 'Student ID: 125, Amount: 1600, Invoice ID: 292', '2025-06-26 11:23:36'),
(1142, 9, 'Recorded Payment', 'payments', 335, 'Student ID: 110, Amount: 200, Invoice ID: 239', '2025-06-26 11:24:17'),
(1143, 9, 'Recorded Payment', 'payments', 336, 'Student ID: 110, Amount: 800, Invoice ID: 288', '2025-06-26 11:24:17'),
(1144, 9, 'Recorded Payment', 'payments', 337, 'Student ID: 60, Amount: 1600, Invoice ID: 277', '2025-06-26 11:24:31'),
(1145, 9, 'Recorded Payment', 'payments', 338, 'Student ID: 56, Amount: 600, Invoice ID: 224', '2025-06-26 11:24:57'),
(1146, 9, 'Recorded Payment', 'payments', 339, 'Student ID: 56, Amount: 1600, Invoice ID: 273', '2025-06-26 11:24:57'),
(1147, 9, 'Recorded Payment', 'payments', 340, 'Student ID: 109, Amount: 1600, Invoice ID: 287', '2025-06-26 11:25:12'),
(1148, 9, 'Recorded Payment', 'payments', 341, 'Student ID: 57, Amount: 1600, Invoice ID: 274', '2025-06-26 11:25:41'),
(1149, 9, 'Recorded Payment', 'payments', 342, 'Student ID: 92, Amount: 1600, Invoice ID: 281', '2025-06-26 11:25:54'),
(1150, 9, 'Recorded Payment', 'payments', 343, 'Student ID: 58, Amount: 1600, Invoice ID: 275', '2025-06-26 11:26:06'),
(1151, 9, 'Recorded Payment', 'payments', 344, 'Student ID: 61, Amount: 1600, Invoice ID: 278', '2025-06-26 11:26:21'),
(1152, 9, 'Recorded Payment', 'payments', 345, 'Student ID: 59, Amount: 1600, Invoice ID: 276', '2025-06-26 11:26:38'),
(1153, 9, 'Recorded Payment', 'payments', 346, 'Student ID: 63, Amount: 1000, Invoice ID: 280', '2025-06-26 11:30:00'),
(1154, 9, 'Updated Class Session', 'class_sessions', 25, 'Session Date: 2025-03-29', '2025-06-26 11:30:17'),
(1155, 9, 'Updated Class Session', 'class_sessions', 24, 'Session Date: 2025-03-29', '2025-06-26 11:30:24'),
(1156, 9, 'Added Class Session', 'class_sessions', 26, 'Session Date: 2025-04-26', '2025-06-26 11:32:12'),
(1157, 9, 'Marked Attendance', 'attendance', 263, 'Session ID: 26, Student ID: 64', '2025-06-26 11:33:21'),
(1158, 9, 'Created Invoice', 'invoices', 293, 'Student ID: 64, Session ID: 26, Amount: 1600', '2025-06-26 11:33:21'),
(1159, 9, 'Marked Attendance', 'attendance', 264, 'Session ID: 26, Student ID: 66', '2025-06-26 11:33:21'),
(1160, 9, 'Created Invoice', 'invoices', 294, 'Student ID: 66, Session ID: 26, Amount: 1600', '2025-06-26 11:33:21'),
(1161, 9, 'Marked Attendance', 'attendance', 265, 'Session ID: 26, Student ID: 67', '2025-06-26 11:33:21'),
(1162, 9, 'Created Invoice', 'invoices', 295, 'Student ID: 67, Session ID: 26, Amount: 1600', '2025-06-26 11:33:21'),
(1163, 9, 'Marked Attendance', 'attendance', 266, 'Session ID: 26, Student ID: 68', '2025-06-26 11:33:21'),
(1164, 9, 'Created Invoice', 'invoices', 296, 'Student ID: 68, Session ID: 26, Amount: 1600', '2025-06-26 11:33:21'),
(1165, 9, 'Marked Attendance', 'attendance', 267, 'Session ID: 26, Student ID: 69', '2025-06-26 11:33:21'),
(1166, 9, 'Created Invoice', 'invoices', 297, 'Student ID: 69, Session ID: 26, Amount: 1600', '2025-06-26 11:33:21'),
(1167, 9, 'Marked Attendance', 'attendance', 268, 'Session ID: 26, Student ID: 70', '2025-06-26 11:33:21'),
(1168, 9, 'Created Invoice', 'invoices', 298, 'Student ID: 70, Session ID: 26, Amount: 1600', '2025-06-26 11:33:21'),
(1169, 9, 'Marked Attendance', 'attendance', 269, 'Session ID: 26, Student ID: 71', '2025-06-26 11:33:21'),
(1170, 9, 'Created Invoice', 'invoices', 299, 'Student ID: 71, Session ID: 26, Amount: 1600', '2025-06-26 11:33:21'),
(1171, 9, 'Marked Attendance', 'attendance', 270, 'Session ID: 26, Student ID: 113', '2025-06-26 11:33:21'),
(1172, 9, 'Created Invoice', 'invoices', 300, 'Student ID: 113, Session ID: 26, Amount: 1600', '2025-06-26 11:33:21'),
(1173, 9, 'Marked Attendance', 'attendance', 271, 'Session ID: 26, Student ID: 114', '2025-06-26 11:33:21'),
(1174, 9, 'Created Invoice', 'invoices', 301, 'Student ID: 114, Session ID: 26, Amount: 1600', '2025-06-26 11:33:21'),
(1175, 9, 'Marked Attendance', 'attendance', 272, 'Session ID: 26, Student ID: 115', '2025-06-26 11:33:21'),
(1176, 9, 'Created Invoice', 'invoices', 302, 'Student ID: 115, Session ID: 26, Amount: 1600', '2025-06-26 11:33:21'),
(1177, 9, 'Marked Attendance', 'attendance', 273, 'Session ID: 26, Student ID: 116', '2025-06-26 11:33:21'),
(1178, 9, 'Created Invoice', 'invoices', 303, 'Student ID: 116, Session ID: 26, Amount: 1600', '2025-06-26 11:33:21'),
(1179, 9, 'Marked Attendance', 'attendance', 274, 'Session ID: 26, Student ID: 123', '2025-06-26 11:33:21'),
(1180, 9, 'Created Invoice', 'invoices', 304, 'Student ID: 123, Session ID: 26, Amount: 1600', '2025-06-26 11:33:21'),
(1181, 9, 'Recorded Payment', 'payments', 347, 'Student ID: 116, Amount: 1000, Invoice ID: 303', '2025-06-26 11:34:11'),
(1182, 9, 'Recorded Payment', 'payments', 348, 'Student ID: 116, Amount: 600, Invoice ID: 303', '2025-06-26 11:34:28'),
(1183, 9, 'Recorded Payment', 'payments', 349, 'Student ID: 69, Amount: 1600, Invoice ID: 297', '2025-06-26 11:35:27'),
(1184, 9, 'Recorded Payment', 'payments', 350, 'Student ID: 123, Amount: 500, Invoice ID: 128', '2025-06-26 11:35:48'),
(1185, 9, 'Recorded Payment', 'payments', 351, 'Student ID: 123, Amount: 1600, Invoice ID: 304', '2025-06-26 11:35:48'),
(1186, 9, 'Recorded Payment', 'payments', 352, 'Student ID: 66, Amount: 500, Invoice ID: 214', '2025-06-26 11:36:08'),
(1187, 9, 'Recorded Payment', 'payments', 353, 'Student ID: 66, Amount: 600, Invoice ID: 245', '2025-06-26 11:36:08'),
(1188, 9, 'Recorded Payment', 'payments', 354, 'Student ID: 67, Amount: 600, Invoice ID: 295', '2025-06-26 11:36:26'),
(1189, 9, 'Recorded Payment', 'payments', 355, 'Student ID: 114, Amount: 500, Invoice ID: 252', '2025-06-26 11:36:48'),
(1190, 9, 'Recorded Payment', 'payments', 356, 'Student ID: 114, Amount: 500, Invoice ID: 301', '2025-06-26 11:36:48'),
(1191, 9, 'Recorded Payment', 'payments', 357, 'Student ID: 115, Amount: 1600, Invoice ID: 302', '2025-06-26 11:37:10'),
(1192, 9, 'Recorded Payment', 'payments', 358, 'Student ID: 113, Amount: 500, Invoice ID: 251', '2025-06-26 11:37:28'),
(1193, 9, 'Recorded Payment', 'payments', 359, 'Student ID: 113, Amount: 1100, Invoice ID: 300', '2025-06-26 11:37:28'),
(1194, 9, 'Recorded Payment', 'payments', 360, 'Student ID: 71, Amount: 500, Invoice ID: 250', '2025-06-26 11:37:55'),
(1195, 9, 'Recorded Payment', 'payments', 361, 'Student ID: 71, Amount: 1100, Invoice ID: 299', '2025-06-26 11:37:55'),
(1196, 9, 'Recorded Payment', 'payments', 362, 'Student ID: 64, Amount: 1600, Invoice ID: 293', '2025-06-26 11:38:12'),
(1197, 9, 'Recorded Payment', 'payments', 363, 'Student ID: 68, Amount: 1600, Invoice ID: 296', '2025-06-26 11:38:38'),
(1198, 9, 'Recorded Payment', 'payments', 365, 'Student ID: 70, Amount: 1600', '2025-06-26 11:39:51'),
(1199, 9, 'Updated Class Session', 'class_sessions', 26, 'Session Date: 2025-04-26', '2025-06-26 11:43:59'),
(1200, 9, 'Added Unit', 'units', 87, 'Code: ADIP0001, Name: Prison Epistles', '2025-06-26 11:45:54'),
(1201, 9, 'Added Class Session', 'class_sessions', 27, 'Session Date: 2025-04-26', '2025-06-26 11:47:08'),
(1202, 9, 'Added Class Session', 'class_sessions', 28, 'Session Date: 2025-04-26', '2025-06-26 11:47:32'),
(1203, 9, 'Marked Attendance', 'attendance', 275, 'Session ID: 27, Student ID: 56', '2025-06-26 11:50:05'),
(1204, 9, 'Created Invoice', 'invoices', 305, 'Student ID: 56, Session ID: 27, Amount: 1600', '2025-06-26 11:50:05'),
(1205, 9, 'Marked Attendance', 'attendance', 276, 'Session ID: 27, Student ID: 57', '2025-06-26 11:50:05'),
(1206, 9, 'Created Invoice', 'invoices', 306, 'Student ID: 57, Session ID: 27, Amount: 1600', '2025-06-26 11:50:05'),
(1207, 9, 'Marked Attendance', 'attendance', 277, 'Session ID: 27, Student ID: 58', '2025-06-26 11:50:05'),
(1208, 9, 'Created Invoice', 'invoices', 307, 'Student ID: 58, Session ID: 27, Amount: 1600', '2025-06-26 11:50:05'),
(1209, 9, 'Marked Attendance', 'attendance', 278, 'Session ID: 27, Student ID: 59', '2025-06-26 11:50:05'),
(1210, 9, 'Created Invoice', 'invoices', 308, 'Student ID: 59, Session ID: 27, Amount: 1600', '2025-06-26 11:50:05'),
(1211, 9, 'Marked Attendance', 'attendance', 279, 'Session ID: 27, Student ID: 60', '2025-06-26 11:50:05'),
(1212, 9, 'Created Invoice', 'invoices', 309, 'Student ID: 60, Session ID: 27, Amount: 1600', '2025-06-26 11:50:05'),
(1213, 9, 'Marked Attendance', 'attendance', 280, 'Session ID: 27, Student ID: 61', '2025-06-26 11:50:05'),
(1214, 9, 'Created Invoice', 'invoices', 310, 'Student ID: 61, Session ID: 27, Amount: 1600', '2025-06-26 11:50:05'),
(1215, 9, 'Marked Attendance', 'attendance', 281, 'Session ID: 27, Student ID: 62', '2025-06-26 11:50:05'),
(1216, 9, 'Created Invoice', 'invoices', 311, 'Student ID: 62, Session ID: 27, Amount: 1600', '2025-06-26 11:50:05'),
(1217, 9, 'Marked Attendance', 'attendance', 282, 'Session ID: 27, Student ID: 63', '2025-06-26 11:50:05'),
(1218, 9, 'Created Invoice', 'invoices', 312, 'Student ID: 63, Session ID: 27, Amount: 1600', '2025-06-26 11:50:05'),
(1219, 9, 'Marked Attendance', 'attendance', 283, 'Session ID: 27, Student ID: 91', '2025-06-26 11:50:05'),
(1220, 9, 'Created Invoice', 'invoices', 313, 'Student ID: 91, Session ID: 27, Amount: 1600', '2025-06-26 11:50:05'),
(1221, 9, 'Marked Attendance', 'attendance', 284, 'Session ID: 27, Student ID: 92', '2025-06-26 11:50:05'),
(1222, 9, 'Created Invoice', 'invoices', 314, 'Student ID: 92, Session ID: 27, Amount: 1600', '2025-06-26 11:50:05'),
(1223, 9, 'Marked Attendance', 'attendance', 285, 'Session ID: 27, Student ID: 93', '2025-06-26 11:50:05'),
(1224, 9, 'Created Invoice', 'invoices', 315, 'Student ID: 93, Session ID: 27, Amount: 1600', '2025-06-26 11:50:05'),
(1225, 9, 'Marked Attendance', 'attendance', 286, 'Session ID: 27, Student ID: 94', '2025-06-26 11:50:05'),
(1226, 9, 'Created Invoice', 'invoices', 316, 'Student ID: 94, Session ID: 27, Amount: 1600', '2025-06-26 11:50:05'),
(1227, 9, 'Marked Attendance', 'attendance', 287, 'Session ID: 27, Student ID: 95', '2025-06-26 11:50:05'),
(1228, 9, 'Created Invoice', 'invoices', 317, 'Student ID: 95, Session ID: 27, Amount: 1600', '2025-06-26 11:50:05'),
(1229, 9, 'Marked Attendance', 'attendance', 288, 'Session ID: 27, Student ID: 99', '2025-06-26 11:50:05'),
(1230, 9, 'Created Invoice', 'invoices', 318, 'Student ID: 99, Session ID: 27, Amount: 1600', '2025-06-26 11:50:05'),
(1231, 9, 'Marked Attendance', 'attendance', 289, 'Session ID: 27, Student ID: 100', '2025-06-26 11:50:05'),
(1232, 9, 'Created Invoice', 'invoices', 319, 'Student ID: 100, Session ID: 27, Amount: 1600', '2025-06-26 11:50:05'),
(1233, 9, 'Marked Attendance', 'attendance', 290, 'Session ID: 27, Student ID: 109', '2025-06-26 11:50:05'),
(1234, 9, 'Created Invoice', 'invoices', 320, 'Student ID: 109, Session ID: 27, Amount: 1600', '2025-06-26 11:50:05'),
(1235, 9, 'Marked Attendance', 'attendance', 291, 'Session ID: 27, Student ID: 110', '2025-06-26 11:50:05'),
(1236, 9, 'Created Invoice', 'invoices', 321, 'Student ID: 110, Session ID: 27, Amount: 1600', '2025-06-26 11:50:05'),
(1237, 9, 'Marked Attendance', 'attendance', 292, 'Session ID: 27, Student ID: 111', '2025-06-26 11:50:05'),
(1238, 9, 'Created Invoice', 'invoices', 322, 'Student ID: 111, Session ID: 27, Amount: 1600', '2025-06-26 11:50:05'),
(1239, 9, 'Marked Attendance', 'attendance', 293, 'Session ID: 27, Student ID: 112', '2025-06-26 11:50:05'),
(1240, 9, 'Created Invoice', 'invoices', 323, 'Student ID: 112, Session ID: 27, Amount: 1600', '2025-06-26 11:50:05'),
(1241, 9, 'Marked Attendance', 'attendance', 294, 'Session ID: 27, Student ID: 117', '2025-06-26 11:50:05'),
(1242, 9, 'Created Invoice', 'invoices', 324, 'Student ID: 117, Session ID: 27, Amount: 1600', '2025-06-26 11:50:05'),
(1243, 9, 'Marked Attendance', 'attendance', 295, 'Session ID: 27, Student ID: 125', '2025-06-26 11:50:05'),
(1244, 9, 'Created Invoice', 'invoices', 325, 'Student ID: 125, Session ID: 27, Amount: 1600', '2025-06-26 11:50:05'),
(1245, 9, 'Recorded Payment', 'payments', 366, 'Student ID: 95, Amount: 1600, Invoice ID: 283', '2025-06-26 11:51:12'),
(1246, 9, 'Recorded Payment', 'payments', 367, 'Student ID: 112, Amount: 1000, Invoice ID: 290', '2025-06-26 11:51:31'),
(1247, 9, 'Recorded Payment', 'payments', 368, 'Student ID: 112, Amount: 400, Invoice ID: 290', '2025-06-26 11:51:47'),
(1248, 9, 'Recorded Payment', 'payments', 369, 'Student ID: 112, Amount: 200, Invoice ID: 323', '2025-06-26 11:51:47'),
(1249, 9, 'Recorded Payment', 'payments', 370, 'Student ID: 58, Amount: 1600, Invoice ID: 307', '2025-06-26 11:52:09'),
(1250, 9, 'Recorded Payment', 'payments', 371, 'Student ID: 56, Amount: 1600, Invoice ID: 305', '2025-06-26 11:52:36'),
(1251, 9, 'Recorded Payment', 'payments', 372, 'Student ID: 99, Amount: 1600, Invoice ID: 318', '2025-06-26 11:53:02'),
(1252, 9, 'Recorded Payment', 'payments', 373, 'Student ID: 125, Amount: 1600, Invoice ID: 325', '2025-06-26 11:53:26'),
(1253, 9, 'Recorded Payment', 'payments', 374, 'Student ID: 93, Amount: 500, Invoice ID: 102', '2025-06-26 11:53:47'),
(1254, 9, 'Recorded Payment', 'payments', 375, 'Student ID: 93, Amount: 1600, Invoice ID: 315', '2025-06-26 11:53:47'),
(1255, 9, 'Recorded Payment', 'payments', 376, 'Student ID: 111, Amount: 800, Invoice ID: 322', '2025-06-26 11:54:08'),
(1256, 9, 'Recorded Payment', 'payments', 377, 'Student ID: 62, Amount: 700, Invoice ID: 229', '2025-06-26 11:54:32'),
(1257, 9, 'Recorded Payment', 'payments', 378, 'Student ID: 62, Amount: 900, Invoice ID: 279', '2025-06-26 11:54:32'),
(1258, 9, 'Recorded Payment', 'payments', 379, 'Student ID: 61, Amount: 1600, Invoice ID: 310', '2025-06-26 11:54:54'),
(1259, 9, 'Recorded Payment', 'payments', 380, 'Student ID: 63, Amount: 600, Invoice ID: 280', '2025-06-26 11:55:16'),
(1260, 9, 'Recorded Payment', 'payments', 381, 'Student ID: 63, Amount: 950, Invoice ID: 312', '2025-06-26 11:55:16'),
(1261, 9, 'Recorded Payment', 'payments', 382, 'Student ID: 59, Amount: 1600, Invoice ID: 308', '2025-06-26 11:55:40'),
(1262, 9, 'Recorded Payment', 'payments', 383, 'Student ID: 109, Amount: 1000, Invoice ID: 320', '2025-06-26 11:56:07'),
(1263, 9, 'Recorded Payment', 'payments', 384, 'Student ID: 109, Amount: 600, Invoice ID: 320', '2025-06-26 11:56:21'),
(1264, 9, 'Recorded Payment', 'payments', 385, 'Student ID: 57, Amount: 1600, Invoice ID: 306', '2025-06-26 11:56:36'),
(1265, 9, 'Recorded Payment', 'payments', 386, 'Student ID: 117, Amount: 1600, Invoice ID: 324', '2025-06-26 11:57:00'),
(1266, 9, 'Recorded Payment', 'payments', 387, 'Student ID: 60, Amount: 1600, Invoice ID: 309', '2025-06-26 11:57:15'),
(1267, 9, 'Recorded Payment', 'payments', 388, 'Student ID: 94, Amount: 1600, Invoice ID: 316', '2025-06-26 11:57:30'),
(1268, 9, 'Updated Class Session', 'class_sessions', 27, 'Session Date: 2025-04-26', '2025-06-26 11:59:33'),
(1269, 9, 'Marked Attendance', 'attendance', 296, 'Session ID: 28, Student ID: 28', '2025-06-26 12:00:41'),
(1270, 9, 'Created Invoice', 'invoices', 326, 'Student ID: 28, Session ID: 28, Amount: 1600', '2025-06-26 12:00:41'),
(1271, 9, 'Marked Attendance', 'attendance', 297, 'Session ID: 28, Student ID: 51', '2025-06-26 12:00:41'),
(1272, 9, 'Created Invoice', 'invoices', 327, 'Student ID: 51, Session ID: 28, Amount: 1600', '2025-06-26 12:00:41'),
(1273, 9, 'Marked Attendance', 'attendance', 298, 'Session ID: 28, Student ID: 52', '2025-06-26 12:00:41'),
(1274, 9, 'Created Invoice', 'invoices', 328, 'Student ID: 52, Session ID: 28, Amount: 1600', '2025-06-26 12:00:41'),
(1275, 9, 'Marked Attendance', 'attendance', 299, 'Session ID: 28, Student ID: 53', '2025-06-26 12:00:41'),
(1276, 9, 'Created Invoice', 'invoices', 329, 'Student ID: 53, Session ID: 28, Amount: 1600', '2025-06-26 12:00:41'),
(1277, 9, 'Marked Attendance', 'attendance', 300, 'Session ID: 28, Student ID: 54', '2025-06-26 12:00:41'),
(1278, 9, 'Created Invoice', 'invoices', 330, 'Student ID: 54, Session ID: 28, Amount: 1600', '2025-06-26 12:00:41'),
(1279, 9, 'Marked Attendance', 'attendance', 301, 'Session ID: 28, Student ID: 55', '2025-06-26 12:00:41'),
(1280, 9, 'Created Invoice', 'invoices', 331, 'Student ID: 55, Session ID: 28, Amount: 1600', '2025-06-26 12:00:41'),
(1281, 9, 'Marked Attendance', 'attendance', 302, 'Session ID: 28, Student ID: 97', '2025-06-26 12:00:41'),
(1282, 9, 'Created Invoice', 'invoices', 332, 'Student ID: 97, Session ID: 28, Amount: 1600', '2025-06-26 12:00:41'),
(1283, 9, 'Marked Attendance', 'attendance', 303, 'Session ID: 28, Student ID: 102', '2025-06-26 12:00:41'),
(1284, 9, 'Created Invoice', 'invoices', 333, 'Student ID: 102, Session ID: 28, Amount: 1600', '2025-06-26 12:00:41'),
(1285, 9, 'Marked Attendance', 'attendance', 304, 'Session ID: 28, Student ID: 103', '2025-06-26 12:00:41'),
(1286, 9, 'Created Invoice', 'invoices', 334, 'Student ID: 103, Session ID: 28, Amount: 1600', '2025-06-26 12:00:41'),
(1287, 9, 'Marked Attendance', 'attendance', 305, 'Session ID: 28, Student ID: 104', '2025-06-26 12:00:41'),
(1288, 9, 'Created Invoice', 'invoices', 335, 'Student ID: 104, Session ID: 28, Amount: 1600', '2025-06-26 12:00:41'),
(1289, 9, 'Marked Attendance', 'attendance', 306, 'Session ID: 28, Student ID: 105', '2025-06-26 12:00:41'),
(1290, 9, 'Created Invoice', 'invoices', 336, 'Student ID: 105, Session ID: 28, Amount: 1600', '2025-06-26 12:00:41'),
(1291, 9, 'Marked Attendance', 'attendance', 307, 'Session ID: 28, Student ID: 106', '2025-06-26 12:00:41'),
(1292, 9, 'Created Invoice', 'invoices', 337, 'Student ID: 106, Session ID: 28, Amount: 1600', '2025-06-26 12:00:41'),
(1293, 9, 'Marked Attendance', 'attendance', 308, 'Session ID: 28, Student ID: 107', '2025-06-26 12:00:41'),
(1294, 9, 'Created Invoice', 'invoices', 338, 'Student ID: 107, Session ID: 28, Amount: 1600', '2025-06-26 12:00:41'),
(1295, 9, 'Marked Attendance', 'attendance', 309, 'Session ID: 28, Student ID: 108', '2025-06-26 12:00:41'),
(1296, 9, 'Created Invoice', 'invoices', 339, 'Student ID: 108, Session ID: 28, Amount: 1600', '2025-06-26 12:00:41'),
(1297, 9, 'Marked Attendance', 'attendance', 310, 'Session ID: 28, Student ID: 101', '2025-06-26 12:00:41'),
(1298, 9, 'Created Invoice', 'invoices', 340, 'Student ID: 101, Session ID: 28, Amount: 1600', '2025-06-26 12:00:41'),
(1299, 9, 'Recorded Payment', 'payments', 389, 'Student ID: 102, Amount: 1600, Invoice ID: 333', '2025-06-26 12:02:09'),
(1300, 9, 'Recorded Payment', 'payments', 390, 'Student ID: 53, Amount: 1600, Invoice ID: 329', '2025-06-26 12:02:23'),
(1301, 9, 'Recorded Payment', 'payments', 391, 'Student ID: 51, Amount: 1600, Invoice ID: 327', '2025-06-26 12:02:41'),
(1302, 9, 'Recorded Payment', 'payments', 392, 'Student ID: 55, Amount: 1600, Invoice ID: 331', '2025-06-26 12:03:02'),
(1303, 9, 'Recorded Payment', 'payments', 393, 'Student ID: 106, Amount: 500, Invoice ID: 269', '2025-06-26 12:03:17'),
(1304, 9, 'Recorded Payment', 'payments', 394, 'Student ID: 106, Amount: 1100, Invoice ID: 337', '2025-06-26 12:03:17'),
(1305, 9, 'Recorded Payment', 'payments', 395, 'Student ID: 97, Amount: 700, Invoice ID: 264', '2025-06-26 12:03:49'),
(1306, 9, 'Recorded Payment', 'payments', 396, 'Student ID: 97, Amount: 900, Invoice ID: 332', '2025-06-26 12:03:49'),
(1307, 9, 'Recorded Payment', 'payments', 397, 'Student ID: 103, Amount: 1600, Invoice ID: 334', '2025-06-26 12:04:12'),
(1308, 9, 'Recorded Payment', 'payments', 398, 'Student ID: 105, Amount: 1000, Invoice ID: 268', '2025-06-26 12:04:30'),
(1309, 9, 'Recorded Payment', 'payments', 399, 'Student ID: 105, Amount: 600, Invoice ID: 336', '2025-06-26 12:04:30'),
(1310, 9, 'Recorded Payment', 'payments', 402, 'Student ID: 54, Amount: 1600, Invoice ID: 330', '2025-06-26 12:07:00'),
(1311, 9, 'Recorded Payment', 'payments', 403, 'Student ID: 28, Amount: 1600, Invoice ID: 326', '2025-06-26 12:08:03'),
(1312, 9, 'Recorded Payment', 'payments', 404, 'Student ID: 108, Amount: 1600, Invoice ID: 339', '2025-06-26 12:08:19'),
(1313, 9, 'Added Unit', 'units', 88, 'Code: DIP0400, Name: Ecclesiology and Eschatology', '2025-06-26 12:09:17'),
(1314, 9, 'Updated Class Session', 'class_sessions', 28, 'Session Date: 2025-04-26', '2025-06-26 12:09:30'),
(1315, 9, 'Added Class Session', 'class_sessions', 29, 'Session Date: 2025-05-10', '2025-06-26 12:09:53'),
(1316, 9, 'Marked Attendance', 'attendance', 311, 'Session ID: 29, Student ID: 28', '2025-06-26 12:11:01'),
(1317, 9, 'Created Invoice', 'invoices', 341, 'Student ID: 28, Session ID: 29, Amount: 1600', '2025-06-26 12:11:01'),
(1318, 9, 'Marked Attendance', 'attendance', 312, 'Session ID: 29, Student ID: 51', '2025-06-26 12:11:01'),
(1319, 9, 'Created Invoice', 'invoices', 342, 'Student ID: 51, Session ID: 29, Amount: 1600', '2025-06-26 12:11:01'),
(1320, 9, 'Marked Attendance', 'attendance', 313, 'Session ID: 29, Student ID: 52', '2025-06-26 12:11:01'),
(1321, 9, 'Created Invoice', 'invoices', 343, 'Student ID: 52, Session ID: 29, Amount: 1600', '2025-06-26 12:11:01'),
(1322, 9, 'Marked Attendance', 'attendance', 314, 'Session ID: 29, Student ID: 53', '2025-06-26 12:11:01'),
(1323, 9, 'Created Invoice', 'invoices', 344, 'Student ID: 53, Session ID: 29, Amount: 1600', '2025-06-26 12:11:01'),
(1324, 9, 'Marked Attendance', 'attendance', 315, 'Session ID: 29, Student ID: 54', '2025-06-26 12:11:01'),
(1325, 9, 'Created Invoice', 'invoices', 345, 'Student ID: 54, Session ID: 29, Amount: 1600', '2025-06-26 12:11:01'),
(1326, 9, 'Marked Attendance', 'attendance', 316, 'Session ID: 29, Student ID: 55', '2025-06-26 12:11:01'),
(1327, 9, 'Created Invoice', 'invoices', 346, 'Student ID: 55, Session ID: 29, Amount: 1600', '2025-06-26 12:11:01'),
(1328, 9, 'Marked Attendance', 'attendance', 317, 'Session ID: 29, Student ID: 96', '2025-06-26 12:11:01'),
(1329, 9, 'Created Invoice', 'invoices', 347, 'Student ID: 96, Session ID: 29, Amount: 1600', '2025-06-26 12:11:01'),
(1330, 9, 'Marked Attendance', 'attendance', 318, 'Session ID: 29, Student ID: 97', '2025-06-26 12:11:01'),
(1331, 9, 'Created Invoice', 'invoices', 348, 'Student ID: 97, Session ID: 29, Amount: 1600', '2025-06-26 12:11:01'),
(1332, 9, 'Marked Attendance', 'attendance', 319, 'Session ID: 29, Student ID: 102', '2025-06-26 12:11:01'),
(1333, 9, 'Created Invoice', 'invoices', 349, 'Student ID: 102, Session ID: 29, Amount: 1600', '2025-06-26 12:11:01'),
(1334, 9, 'Marked Attendance', 'attendance', 320, 'Session ID: 29, Student ID: 103', '2025-06-26 12:11:01'),
(1335, 9, 'Created Invoice', 'invoices', 350, 'Student ID: 103, Session ID: 29, Amount: 1600', '2025-06-26 12:11:01'),
(1336, 9, 'Marked Attendance', 'attendance', 321, 'Session ID: 29, Student ID: 104', '2025-06-26 12:11:01'),
(1337, 9, 'Created Invoice', 'invoices', 351, 'Student ID: 104, Session ID: 29, Amount: 1600', '2025-06-26 12:11:01'),
(1338, 9, 'Marked Attendance', 'attendance', 322, 'Session ID: 29, Student ID: 105', '2025-06-26 12:11:01'),
(1339, 9, 'Created Invoice', 'invoices', 352, 'Student ID: 105, Session ID: 29, Amount: 1600', '2025-06-26 12:11:01'),
(1340, 9, 'Marked Attendance', 'attendance', 323, 'Session ID: 29, Student ID: 106', '2025-06-26 12:11:01'),
(1341, 9, 'Created Invoice', 'invoices', 353, 'Student ID: 106, Session ID: 29, Amount: 1600', '2025-06-26 12:11:01'),
(1342, 9, 'Marked Attendance', 'attendance', 324, 'Session ID: 29, Student ID: 107', '2025-06-26 12:11:01'),
(1343, 9, 'Created Invoice', 'invoices', 354, 'Student ID: 107, Session ID: 29, Amount: 1600', '2025-06-26 12:11:01'),
(1344, 9, 'Marked Attendance', 'attendance', 325, 'Session ID: 29, Student ID: 108', '2025-06-26 12:11:01'),
(1345, 9, 'Created Invoice', 'invoices', 355, 'Student ID: 108, Session ID: 29, Amount: 1600', '2025-06-26 12:11:01'),
(1346, 9, 'Marked Attendance', 'attendance', 326, 'Session ID: 29, Student ID: 101', '2025-06-26 12:11:01'),
(1347, 9, 'Created Invoice', 'invoices', 356, 'Student ID: 101, Session ID: 29, Amount: 1600', '2025-06-26 12:11:01'),
(1348, 9, 'Recorded Payment', 'payments', 405, 'Student ID: 106, Amount: 500, Invoice ID: 337', '2025-06-26 12:13:09'),
(1349, 9, 'Recorded Payment', 'payments', 406, 'Student ID: 106, Amount: 1100, Invoice ID: 353', '2025-06-26 12:13:09'),
(1350, 9, 'Recorded Payment', 'payments', 407, 'Student ID: 52, Amount: 1600, Invoice ID: 328', '2025-06-26 12:13:35'),
(1351, 9, 'Recorded Payment', 'payments', 408, 'Student ID: 51, Amount: 1600, Invoice ID: 342', '2025-06-26 12:23:47'),
(1352, 9, 'Recorded Payment', 'payments', 409, 'Student ID: 96, Amount: 1500, Invoice ID: 203', '2025-06-26 12:24:06'),
(1353, 9, 'Recorded Payment', 'payments', 410, 'Student ID: 96, Amount: 100, Invoice ID: 263', '2025-06-26 12:24:06'),
(1354, 9, 'Recorded Payment', 'payments', 411, 'Student ID: 102, Amount: 1600, Invoice ID: 349', '2025-06-26 12:24:23'),
(1355, 9, 'Recorded Payment', 'payments', 412, 'Student ID: 105, Amount: 1000, Invoice ID: 336', '2025-06-26 12:24:44'),
(1356, 9, 'Recorded Payment', 'payments', 413, 'Student ID: 105, Amount: 600, Invoice ID: 352', '2025-06-26 12:24:44'),
(1357, 9, 'Recorded Payment', 'payments', 414, 'Student ID: 107, Amount: 1600, Invoice ID: 338', '2025-06-26 12:25:03'),
(1358, 9, 'Recorded Payment', 'payments', 415, 'Student ID: 97, Amount: 700, Invoice ID: 332', '2025-06-26 12:25:23'),
(1359, 9, 'Recorded Payment', 'payments', 416, 'Student ID: 97, Amount: 900, Invoice ID: 348', '2025-06-26 12:25:23'),
(1360, 9, 'Recorded Payment', 'payments', 417, 'Student ID: 104, Amount: 800, Invoice ID: 207', '2025-06-26 12:25:46'),
(1361, 9, 'Recorded Payment', 'payments', 418, 'Student ID: 104, Amount: 800, Invoice ID: 267', '2025-06-26 12:25:46'),
(1362, 9, 'Recorded Payment', 'payments', 419, 'Student ID: 53, Amount: 1600, Invoice ID: 344', '2025-06-26 12:26:00'),
(1363, 9, 'Recorded Payment', 'payments', 420, 'Student ID: 54, Amount: 1600, Invoice ID: 345', '2025-06-26 12:26:17'),
(1364, 9, 'Recorded Payment', 'payments', 421, 'Student ID: 28, Amount: 1600, Invoice ID: 341', '2025-06-26 12:26:34'),
(1365, 9, 'Recorded Payment', 'payments', 422, 'Student ID: 108, Amount: 1600, Invoice ID: 355', '2025-06-26 12:26:49'),
(1366, 9, 'Recorded Payment', 'payments', 423, 'Student ID: 55, Amount: 1600, Invoice ID: 346', '2025-06-26 12:27:03'),
(1367, 9, 'Updated Class Session', 'class_sessions', 29, 'Session Date: 2025-05-10', '2025-06-26 12:27:16'),
(1368, 9, 'Recorded Payment', 'payments', 424, 'Student ID: 92, Amount: 1600, Invoice ID: 314', '2025-06-26 12:39:12'),
(1369, 9, 'Recorded Payment', 'payments', 425, 'Student ID: 105, Amount: 1000, Invoice ID: 352', '2025-06-26 12:43:48'),
(1370, 9, 'Recorded Payment', 'payments', 429, 'Student ID: 70, Amount: 1600', '2025-06-26 13:05:44'),
(1371, 9, 'Updated Lecturer', 'lecturers', 18, 'Lecturer: Pastor Mary Churu', '2025-07-04 08:44:27'),
(1372, 9, 'Added Class Session', 'class_sessions', 30, 'Session Date: 2025-06-21', '2025-07-04 08:45:28'),
(1373, 9, 'Marked Attendance', 'attendance', 327, 'Session ID: 30, Student ID: 64', '2025-07-04 08:46:37'),
(1374, 9, 'Created Invoice', 'invoices', 357, 'Student ID: 64, Session ID: 30, Amount: 1600', '2025-07-04 08:46:37'),
(1375, 9, 'Marked Attendance', 'attendance', 328, 'Session ID: 30, Student ID: 66', '2025-07-04 08:46:37'),
(1376, 9, 'Created Invoice', 'invoices', 358, 'Student ID: 66, Session ID: 30, Amount: 1600', '2025-07-04 08:46:37'),
(1377, 9, 'Marked Attendance', 'attendance', 329, 'Session ID: 30, Student ID: 67', '2025-07-04 08:46:37'),
(1378, 9, 'Created Invoice', 'invoices', 359, 'Student ID: 67, Session ID: 30, Amount: 1600', '2025-07-04 08:46:37'),
(1379, 9, 'Marked Attendance', 'attendance', 330, 'Session ID: 30, Student ID: 69', '2025-07-04 08:46:37'),
(1380, 9, 'Created Invoice', 'invoices', 360, 'Student ID: 69, Session ID: 30, Amount: 1600', '2025-07-04 08:46:37'),
(1381, 9, 'Marked Attendance', 'attendance', 331, 'Session ID: 30, Student ID: 70', '2025-07-04 08:46:37'),
(1382, 9, 'Created Invoice', 'invoices', 361, 'Student ID: 70, Session ID: 30, Amount: 1600', '2025-07-04 08:46:37'),
(1383, 9, 'Marked Attendance', 'attendance', 332, 'Session ID: 30, Student ID: 71', '2025-07-04 08:46:37'),
(1384, 9, 'Created Invoice', 'invoices', 362, 'Student ID: 71, Session ID: 30, Amount: 1600', '2025-07-04 08:46:37'),
(1385, 9, 'Marked Attendance', 'attendance', 333, 'Session ID: 30, Student ID: 113', '2025-07-04 08:46:37'),
(1386, 9, 'Created Invoice', 'invoices', 363, 'Student ID: 113, Session ID: 30, Amount: 1600', '2025-07-04 08:46:37'),
(1387, 9, 'Marked Attendance', 'attendance', 334, 'Session ID: 30, Student ID: 114', '2025-07-04 08:46:37'),
(1388, 9, 'Created Invoice', 'invoices', 364, 'Student ID: 114, Session ID: 30, Amount: 1600', '2025-07-04 08:46:37'),
(1389, 9, 'Marked Attendance', 'attendance', 335, 'Session ID: 30, Student ID: 115', '2025-07-04 08:46:37'),
(1390, 9, 'Created Invoice', 'invoices', 365, 'Student ID: 115, Session ID: 30, Amount: 1600', '2025-07-04 08:46:37'),
(1391, 9, 'Marked Attendance', 'attendance', 336, 'Session ID: 30, Student ID: 116', '2025-07-04 08:46:37'),
(1392, 9, 'Created Invoice', 'invoices', 366, 'Student ID: 116, Session ID: 30, Amount: 1600', '2025-07-04 08:46:37'),
(1393, 9, 'Added Class Session', 'class_sessions', 31, 'Session Date: 2025-06-21', '2025-07-04 08:47:15'),
(1394, 9, 'Marked Attendance', 'attendance', 337, 'Session ID: 31, Student ID: 56', '2025-07-04 08:56:45'),
(1395, 9, 'Created Invoice', 'invoices', 367, 'Student ID: 56, Session ID: 31, Amount: 1600', '2025-07-04 08:56:45'),
(1396, 9, 'Marked Attendance', 'attendance', 338, 'Session ID: 31, Student ID: 57', '2025-07-04 08:56:45'),
(1397, 9, 'Created Invoice', 'invoices', 368, 'Student ID: 57, Session ID: 31, Amount: 1600', '2025-07-04 08:56:45'),
(1398, 9, 'Marked Attendance', 'attendance', 339, 'Session ID: 31, Student ID: 58', '2025-07-04 08:56:45'),
(1399, 9, 'Created Invoice', 'invoices', 369, 'Student ID: 58, Session ID: 31, Amount: 1600', '2025-07-04 08:56:45'),
(1400, 9, 'Marked Attendance', 'attendance', 340, 'Session ID: 31, Student ID: 59', '2025-07-04 08:56:45'),
(1401, 9, 'Created Invoice', 'invoices', 370, 'Student ID: 59, Session ID: 31, Amount: 1600', '2025-07-04 08:56:45'),
(1402, 9, 'Marked Attendance', 'attendance', 341, 'Session ID: 31, Student ID: 60', '2025-07-04 08:56:45'),
(1403, 9, 'Created Invoice', 'invoices', 371, 'Student ID: 60, Session ID: 31, Amount: 1600', '2025-07-04 08:56:45'),
(1404, 9, 'Marked Attendance', 'attendance', 342, 'Session ID: 31, Student ID: 61', '2025-07-04 08:56:45'),
(1405, 9, 'Created Invoice', 'invoices', 372, 'Student ID: 61, Session ID: 31, Amount: 1600', '2025-07-04 08:56:45'),
(1406, 9, 'Marked Attendance', 'attendance', 343, 'Session ID: 31, Student ID: 62', '2025-07-04 08:56:45'),
(1407, 9, 'Created Invoice', 'invoices', 373, 'Student ID: 62, Session ID: 31, Amount: 1600', '2025-07-04 08:56:45'),
(1408, 9, 'Marked Attendance', 'attendance', 344, 'Session ID: 31, Student ID: 63', '2025-07-04 08:56:45'),
(1409, 9, 'Created Invoice', 'invoices', 374, 'Student ID: 63, Session ID: 31, Amount: 1600', '2025-07-04 08:56:45'),
(1410, 9, 'Marked Attendance', 'attendance', 345, 'Session ID: 31, Student ID: 91', '2025-07-04 08:56:45'),
(1411, 9, 'Created Invoice', 'invoices', 375, 'Student ID: 91, Session ID: 31, Amount: 1600', '2025-07-04 08:56:45'),
(1412, 9, 'Marked Attendance', 'attendance', 346, 'Session ID: 31, Student ID: 92', '2025-07-04 08:56:45'),
(1413, 9, 'Created Invoice', 'invoices', 376, 'Student ID: 92, Session ID: 31, Amount: 1600', '2025-07-04 08:56:45'),
(1414, 9, 'Marked Attendance', 'attendance', 347, 'Session ID: 31, Student ID: 93', '2025-07-04 08:56:45'),
(1415, 9, 'Created Invoice', 'invoices', 377, 'Student ID: 93, Session ID: 31, Amount: 1600', '2025-07-04 08:56:45'),
(1416, 9, 'Marked Attendance', 'attendance', 348, 'Session ID: 31, Student ID: 94', '2025-07-04 08:56:45'),
(1417, 9, 'Created Invoice', 'invoices', 378, 'Student ID: 94, Session ID: 31, Amount: 1600', '2025-07-04 08:56:45'),
(1418, 9, 'Marked Attendance', 'attendance', 349, 'Session ID: 31, Student ID: 95', '2025-07-04 08:56:45'),
(1419, 9, 'Created Invoice', 'invoices', 379, 'Student ID: 95, Session ID: 31, Amount: 1600', '2025-07-04 08:56:45'),
(1420, 9, 'Marked Attendance', 'attendance', 350, 'Session ID: 31, Student ID: 98', '2025-07-04 08:56:45'),
(1421, 9, 'Created Invoice', 'invoices', 380, 'Student ID: 98, Session ID: 31, Amount: 1600', '2025-07-04 08:56:45'),
(1422, 9, 'Marked Attendance', 'attendance', 351, 'Session ID: 31, Student ID: 99', '2025-07-04 08:56:45'),
(1423, 9, 'Created Invoice', 'invoices', 381, 'Student ID: 99, Session ID: 31, Amount: 1600', '2025-07-04 08:56:45'),
(1424, 9, 'Marked Attendance', 'attendance', 352, 'Session ID: 31, Student ID: 100', '2025-07-04 08:56:45'),
(1425, 9, 'Created Invoice', 'invoices', 382, 'Student ID: 100, Session ID: 31, Amount: 1600', '2025-07-04 08:56:45'),
(1426, 9, 'Marked Attendance', 'attendance', 353, 'Session ID: 31, Student ID: 109', '2025-07-04 08:56:45'),
(1427, 9, 'Created Invoice', 'invoices', 383, 'Student ID: 109, Session ID: 31, Amount: 1600', '2025-07-04 08:56:45'),
(1428, 9, 'Marked Attendance', 'attendance', 354, 'Session ID: 31, Student ID: 110', '2025-07-04 08:56:45'),
(1429, 9, 'Created Invoice', 'invoices', 384, 'Student ID: 110, Session ID: 31, Amount: 1600', '2025-07-04 08:56:45'),
(1430, 9, 'Marked Attendance', 'attendance', 355, 'Session ID: 31, Student ID: 111', '2025-07-04 08:56:45'),
(1431, 9, 'Created Invoice', 'invoices', 385, 'Student ID: 111, Session ID: 31, Amount: 1600', '2025-07-04 08:56:45'),
(1432, 9, 'Marked Attendance', 'attendance', 356, 'Session ID: 31, Student ID: 112', '2025-07-04 08:56:45'),
(1433, 9, 'Created Invoice', 'invoices', 386, 'Student ID: 112, Session ID: 31, Amount: 1600', '2025-07-04 08:56:45'),
(1434, 9, 'Marked Attendance', 'attendance', 357, 'Session ID: 31, Student ID: 117', '2025-07-04 08:56:45'),
(1435, 9, 'Created Invoice', 'invoices', 387, 'Student ID: 117, Session ID: 31, Amount: 1600', '2025-07-04 08:56:45'),
(1436, 9, 'Marked Attendance', 'attendance', 358, 'Session ID: 31, Student ID: 125', '2025-07-04 08:56:45'),
(1437, 9, 'Created Invoice', 'invoices', 388, 'Student ID: 125, Session ID: 31, Amount: 1600', '2025-07-04 08:56:45'),
(1438, 9, 'Recorded Payment', 'payments', 430, 'Student ID: 114, Amount: 500, Invoice ID: 301', '2025-07-04 08:57:54'),
(1439, 9, 'Recorded Payment', 'payments', 431, 'Student ID: 64, Amount: 1600, Invoice ID: 357', '2025-07-04 08:58:36'),
(1440, 9, 'Recorded Payment', 'payments', 432, 'Student ID: 66, Amount: 1000, Invoice ID: 245', '2025-07-04 08:59:12'),
(1441, 9, 'Recorded Payment', 'payments', 433, 'Student ID: 66, Amount: 1600, Invoice ID: 294', '2025-07-04 08:59:12'),
(1442, 9, 'Recorded Payment', 'payments', 434, 'Student ID: 66, Amount: 1600, Invoice ID: 358', '2025-07-04 08:59:12'),
(1443, 9, 'Recorded Prepayment', 'payments', 435, 'Student ID: 66, Amount: 800', '2025-07-04 08:59:12'),
(1444, 9, 'Recorded Payment', 'payments', 436, 'Student ID: 71, Amount: 500, Invoice ID: 299', '2025-07-04 08:59:47'),
(1445, 9, 'Recorded Payment', 'payments', 437, 'Student ID: 71, Amount: 1100, Invoice ID: 362', '2025-07-04 08:59:47'),
(1446, 9, 'Recorded Payment', 'payments', 438, 'Student ID: 115, Amount: 1600, Invoice ID: 365', '2025-07-04 09:00:04'),
(1447, 9, 'Recorded Payment', 'payments', 439, 'Student ID: 67, Amount: 1000, Invoice ID: 295', '2025-07-04 09:01:04'),
(1448, 9, 'Recorded Payment', 'payments', 440, 'Student ID: 67, Amount: 1100, Invoice ID: 359', '2025-07-04 09:01:04'),
(1449, 9, 'Recorded Payment', 'payments', 441, 'Student ID: 113, Amount: 500, Invoice ID: 300', '2025-07-04 09:01:31'),
(1450, 9, 'Recorded Payment', 'payments', 442, 'Student ID: 113, Amount: 1100, Invoice ID: 363', '2025-07-04 09:01:31'),
(1451, 9, 'Recorded Payment', 'payments', 443, 'Student ID: 69, Amount: 1600, Invoice ID: 360', '2025-07-04 09:02:21'),
(1452, 9, 'Recorded Payment', 'payments', 444, 'Student ID: 116, Amount: 1600, Invoice ID: 366', '2025-07-04 09:02:52'),
(1453, 9, 'Recorded Payment', 'payments', 445, 'Student ID: 60, Amount: 1600, Invoice ID: 371', '2025-07-04 09:04:10'),
(1454, 9, 'Recorded Payment', 'payments', 446, 'Student ID: 63, Amount: 650, Invoice ID: 312', '2025-07-04 09:04:30'),
(1455, 9, 'Recorded Payment', 'payments', 447, 'Student ID: 63, Amount: 950, Invoice ID: 374', '2025-07-04 09:04:30'),
(1456, 9, 'Recorded Payment', 'payments', 448, 'Student ID: 59, Amount: 1600, Invoice ID: 370', '2025-07-04 09:05:05'),
(1457, 9, 'Recorded Payment', 'payments', 449, 'Student ID: 117, Amount: 1600, Invoice ID: 387', '2025-07-04 09:06:49'),
(1458, 9, 'Recorded Payment', 'payments', 450, 'Student ID: 92, Amount: 1600, Invoice ID: 376', '2025-07-04 09:07:10'),
(1459, 9, 'Recorded Payment', 'payments', 451, 'Student ID: 99, Amount: 1600, Invoice ID: 381', '2025-07-04 09:07:36'),
(1460, 9, 'Recorded Payment', 'payments', 452, 'Student ID: 111, Amount: 600, Invoice ID: 322', '2025-07-04 09:08:07'),
(1461, 9, 'Recorded Payment', 'payments', 453, 'Student ID: 58, Amount: 1600, Invoice ID: 369', '2025-07-04 09:08:27'),
(1462, 9, 'Recorded Payment', 'payments', 454, 'Student ID: 125, Amount: 1600, Invoice ID: 388', '2025-07-04 09:08:44'),
(1463, 9, 'Recorded Payment', 'payments', 455, 'Student ID: 110, Amount: 500, Invoice ID: 288', '2025-07-04 09:09:11'),
(1464, 9, 'Recorded Payment', 'payments', 456, 'Student ID: 62, Amount: 700, Invoice ID: 279', '2025-07-04 09:09:36'),
(1465, 9, 'Recorded Payment', 'payments', 457, 'Student ID: 62, Amount: 1600, Invoice ID: 311', '2025-07-04 09:09:36'),
(1466, 9, 'Recorded Payment', 'payments', 458, 'Student ID: 62, Amount: 300, Invoice ID: 373', '2025-07-04 09:09:36'),
(1467, 9, 'Recorded Payment', 'payments', 459, 'Student ID: 109, Amount: 1600, Invoice ID: 383', '2025-07-04 09:10:01'),
(1468, 9, 'Recorded Payment', 'payments', 460, 'Student ID: 61, Amount: 1600, Invoice ID: 372', '2025-07-04 09:10:20'),
(1469, 9, 'Recorded Payment', 'payments', 461, 'Student ID: 57, Amount: 1600, Invoice ID: 368', '2025-07-04 09:10:41'),
(1470, 9, 'Recorded Payment', 'payments', 462, 'Student ID: 93, Amount: 1600, Invoice ID: 377', '2025-07-04 09:10:58'),
(1471, 9, 'Recorded Payment', 'payments', 463, 'Student ID: 94, Amount: 1600, Invoice ID: 378', '2025-07-04 09:11:18'),
(1472, 9, 'Recorded Payment', 'payments', 464, 'Student ID: 112, Amount: 1400, Invoice ID: 323', '2025-07-04 09:11:47'),
(1473, 9, 'Recorded Payment', 'payments', 465, 'Student ID: 112, Amount: 400, Invoice ID: 386', '2025-07-04 09:11:47'),
(1474, 9, 'Recorded Payment', 'payments', 466, 'Student ID: 100, Amount: 500, Invoice ID: 173', '2025-07-04 09:12:10'),
(1475, 9, 'Recorded Payment', 'payments', 467, 'Student ID: 98, Amount: 1600, Invoice ID: 284', '2025-07-04 09:12:31'),
(1476, 9, 'Recorded Payment', 'payments', 468, 'Student ID: 98, Amount: 1600, Invoice ID: 380', '2025-07-04 09:12:31'),
(1477, 9, 'Updated Class Session', 'class_sessions', 31, 'Session Date: 2025-06-21', '2025-07-04 09:12:56'),
(1478, 9, 'Updated Class Session', 'class_sessions', 30, 'Session Date: 2025-06-21', '2025-07-04 09:13:01'),
(1479, 9, 'Added Unit', 'units', 89, 'Code: DIP0005, Name: General Epistles', '2025-07-04 09:14:51'),
(1480, 9, 'Updated Unit', 'units', 88, 'Code: DIP0004, Name: Ecclesiology and Eschatology', '2025-07-04 09:15:08'),
(1481, 9, 'Added Class Session', 'class_sessions', 32, 'Session Date: 2025-06-21', '2025-07-04 09:15:51'),
(1482, 9, 'Marked Attendance', 'attendance', 359, 'Session ID: 32, Student ID: 28', '2025-07-04 09:17:10'),
(1483, 9, 'Created Invoice', 'invoices', 389, 'Student ID: 28, Session ID: 32, Amount: 1600', '2025-07-04 09:17:10'),
(1484, 9, 'Marked Attendance', 'attendance', 360, 'Session ID: 32, Student ID: 51', '2025-07-04 09:17:10'),
(1485, 9, 'Created Invoice', 'invoices', 390, 'Student ID: 51, Session ID: 32, Amount: 1600', '2025-07-04 09:17:10'),
(1486, 9, 'Marked Attendance', 'attendance', 361, 'Session ID: 32, Student ID: 52', '2025-07-04 09:17:10'),
(1487, 9, 'Created Invoice', 'invoices', 391, 'Student ID: 52, Session ID: 32, Amount: 1600', '2025-07-04 09:17:10'),
(1488, 9, 'Marked Attendance', 'attendance', 362, 'Session ID: 32, Student ID: 53', '2025-07-04 09:17:10'),
(1489, 9, 'Created Invoice', 'invoices', 392, 'Student ID: 53, Session ID: 32, Amount: 1600', '2025-07-04 09:17:10'),
(1490, 9, 'Marked Attendance', 'attendance', 363, 'Session ID: 32, Student ID: 54', '2025-07-04 09:17:10'),
(1491, 9, 'Created Invoice', 'invoices', 393, 'Student ID: 54, Session ID: 32, Amount: 1600', '2025-07-04 09:17:10'),
(1492, 9, 'Marked Attendance', 'attendance', 364, 'Session ID: 32, Student ID: 55', '2025-07-04 09:17:10'),
(1493, 9, 'Created Invoice', 'invoices', 394, 'Student ID: 55, Session ID: 32, Amount: 1600', '2025-07-04 09:17:10'),
(1494, 9, 'Marked Attendance', 'attendance', 365, 'Session ID: 32, Student ID: 96', '2025-07-04 09:17:10'),
(1495, 9, 'Created Invoice', 'invoices', 395, 'Student ID: 96, Session ID: 32, Amount: 1600', '2025-07-04 09:17:10'),
(1496, 9, 'Marked Attendance', 'attendance', 366, 'Session ID: 32, Student ID: 97', '2025-07-04 09:17:10'),
(1497, 9, 'Created Invoice', 'invoices', 396, 'Student ID: 97, Session ID: 32, Amount: 1600', '2025-07-04 09:17:10'),
(1498, 9, 'Marked Attendance', 'attendance', 367, 'Session ID: 32, Student ID: 102', '2025-07-04 09:17:10'),
(1499, 9, 'Created Invoice', 'invoices', 397, 'Student ID: 102, Session ID: 32, Amount: 1600', '2025-07-04 09:17:10'),
(1500, 9, 'Marked Attendance', 'attendance', 368, 'Session ID: 32, Student ID: 103', '2025-07-04 09:17:10'),
(1501, 9, 'Created Invoice', 'invoices', 398, 'Student ID: 103, Session ID: 32, Amount: 1600', '2025-07-04 09:17:10'),
(1502, 9, 'Marked Attendance', 'attendance', 369, 'Session ID: 32, Student ID: 104', '2025-07-04 09:17:10'),
(1503, 9, 'Created Invoice', 'invoices', 399, 'Student ID: 104, Session ID: 32, Amount: 1600', '2025-07-04 09:17:10'),
(1504, 9, 'Marked Attendance', 'attendance', 370, 'Session ID: 32, Student ID: 105', '2025-07-04 09:17:10'),
(1505, 9, 'Created Invoice', 'invoices', 400, 'Student ID: 105, Session ID: 32, Amount: 1600', '2025-07-04 09:17:10'),
(1506, 9, 'Marked Attendance', 'attendance', 371, 'Session ID: 32, Student ID: 106', '2025-07-04 09:17:10'),
(1507, 9, 'Created Invoice', 'invoices', 401, 'Student ID: 106, Session ID: 32, Amount: 1600', '2025-07-04 09:17:10'),
(1508, 9, 'Marked Attendance', 'attendance', 372, 'Session ID: 32, Student ID: 107', '2025-07-04 09:17:10'),
(1509, 9, 'Created Invoice', 'invoices', 402, 'Student ID: 107, Session ID: 32, Amount: 1600', '2025-07-04 09:17:10'),
(1510, 9, 'Marked Attendance', 'attendance', 373, 'Session ID: 32, Student ID: 108', '2025-07-04 09:17:10'),
(1511, 9, 'Created Invoice', 'invoices', 403, 'Student ID: 108, Session ID: 32, Amount: 1600', '2025-07-04 09:17:10'),
(1512, 9, 'Marked Attendance', 'attendance', 374, 'Session ID: 32, Student ID: 101', '2025-07-04 09:17:10'),
(1513, 9, 'Created Invoice', 'invoices', 404, 'Student ID: 101, Session ID: 32, Amount: 1600', '2025-07-04 09:17:10'),
(1514, 9, 'Recorded Payment', 'payments', 469, 'Student ID: 53, Amount: 1600, Invoice ID: 392', '2025-07-04 09:17:42'),
(1515, 9, 'Recorded Payment', 'payments', 470, 'Student ID: 28, Amount: 1600, Invoice ID: 389', '2025-07-04 09:17:57'),
(1516, 9, 'Recorded Payment', 'payments', 471, 'Student ID: 105, Amount: 1600, Invoice ID: 400', '2025-07-04 09:18:15'),
(1517, 9, 'Recorded Payment', 'payments', 472, 'Student ID: 108, Amount: 1600, Invoice ID: 403', '2025-07-04 09:18:30'),
(1518, 9, 'Recorded Payment', 'payments', 473, 'Student ID: 107, Amount: 1600, Invoice ID: 354', '2025-07-04 09:18:50'),
(1519, 9, 'Recorded Payment', 'payments', 474, 'Student ID: 103, Amount: 1600, Invoice ID: 350', '2025-07-04 09:19:10'),
(1520, 9, 'Recorded Payment', 'payments', 475, 'Student ID: 103, Amount: 1600, Invoice ID: 398', '2025-07-04 09:19:10'),
(1521, 9, 'Recorded Payment', 'payments', 476, 'Student ID: 54, Amount: 1600, Invoice ID: 393', '2025-07-04 09:19:35'),
(1522, 9, 'Recorded Payment', 'payments', 477, 'Student ID: 55, Amount: 1600, Invoice ID: 394', '2025-07-04 09:20:01'),
(1523, 9, 'Recorded Payment', 'payments', 478, 'Student ID: 102, Amount: 1600, Invoice ID: 397', '2025-07-04 09:20:29');
INSERT INTO `audit_trail` (`id`, `user_id`, `action`, `table_name`, `record_id`, `details`, `action_time`) VALUES
(1524, 9, 'Recorded Payment', 'payments', 479, 'Student ID: 106, Amount: 500, Invoice ID: 353', '2025-07-04 09:20:47'),
(1525, 9, 'Recorded Payment', 'payments', 480, 'Student ID: 106, Amount: 1100, Invoice ID: 401', '2025-07-04 09:20:47'),
(1526, 9, 'Recorded Payment', 'payments', 481, 'Student ID: 52, Amount: 1600, Invoice ID: 343', '2025-07-04 09:21:16');

-- --------------------------------------------------------

--
-- Table structure for table `catchups`
--

CREATE TABLE `catchups` (
  `id` int(11) NOT NULL,
  `student_id` int(11) DEFAULT NULL,
  `center_name` varchar(100) DEFAULT NULL,
  `coordinator_name` varchar(100) DEFAULT NULL,
  `coordinator_phone` varchar(12) DEFAULT NULL,
  `lecturer_name` varchar(150) DEFAULT NULL,
  `unit_id` int(11) DEFAULT NULL,
  `catchup_date` date DEFAULT NULL,
  `created_at` timestamp NOT NULL DEFAULT current_timestamp(),
  `created_by` int(11) NOT NULL,
  `deleted_at` timestamp NULL DEFAULT NULL,
  `deleted_by` int(11) DEFAULT NULL
) ENGINE=InnoDB DEFAULT CHARSET=utf8mb4 COLLATE=utf8mb4_general_ci;

-- --------------------------------------------------------

--
-- Table structure for table `class_sessions`
--

CREATE TABLE `class_sessions` (
  `id` int(11) NOT NULL,
  `program_id` int(11) DEFAULT NULL,
  `level_id` int(11) DEFAULT NULL,
  `unit_id` int(11) DEFAULT NULL,
  `session_date` date NOT NULL,
  `lecturer_id` int(11) DEFAULT NULL,
  `academic_year` int(11) NOT NULL,
  `is_closed` tinyint(1) DEFAULT 0,
  `created_by` int(11) DEFAULT NULL,
  `updated_by` int(11) DEFAULT NULL,
  `updated_at` timestamp NULL DEFAULT NULL,
  `created_at` timestamp NOT NULL DEFAULT current_timestamp()
) ENGINE=InnoDB DEFAULT CHARSET=utf8mb4 COLLATE=utf8mb4_general_ci;

--
-- Dumping data for table `class_sessions`
--

INSERT INTO `class_sessions` (`id`, `program_id`, `level_id`, `unit_id`, `session_date`, `lecturer_id`, `academic_year`, `is_closed`, `created_by`, `updated_by`, `updated_at`, `created_at`) VALUES
(12, 1, 1, 41, '2025-05-10', 13, 2025, 1, 9, 9, '2025-06-20 08:39:42', '2025-05-28 15:20:16'),
(13, 1, 3, 61, '2025-01-18', 14, 2025, 1, 9, 9, '2025-06-19 09:29:15', '2025-06-19 09:04:58'),
(14, 1, 2, 55, '2025-05-10', 12, 2025, 1, 9, 9, '2025-06-20 08:39:50', '2025-06-19 10:29:58'),
(15, 1, 1, 39, '2025-01-18', 15, 2025, 1, 9, 9, '2025-06-20 09:15:06', '2025-06-20 08:42:59'),
(16, 1, 2, 57, '2025-01-18', 9, 2025, 1, 9, 9, '2025-06-20 09:52:26', '2025-06-20 09:25:47'),
(17, 1, 1, 83, '2025-02-08', 16, 2025, 1, 9, 9, '2025-06-20 12:43:48', '2025-06-20 12:13:31'),
(18, 1, 2, 50, '2025-02-08', 17, 2025, 1, 9, 9, '2025-06-20 14:06:04', '2025-06-20 12:44:40'),
(19, 1, 3, 84, '2025-02-08', 9, 2025, 1, 9, 9, '2025-06-20 15:02:13', '2025-06-20 14:07:50'),
(20, 1, 3, 85, '2025-03-08', 21, 2025, 1, 9, 9, '2025-06-26 09:50:47', '2025-06-26 07:35:02'),
(21, 1, 1, 46, '2025-03-08', 9, 2025, 1, 9, 9, '2025-06-26 08:28:16', '2025-06-26 08:18:51'),
(22, 1, 2, 73, '2025-03-08', 22, 2025, 1, 9, 9, '2025-06-26 09:50:38', '2025-06-26 08:30:11'),
(23, 1, 1, 38, '2025-03-29', 10, 2025, 1, 9, 9, '2025-06-26 11:09:23', '2025-06-26 10:38:36'),
(24, 1, 2, 54, '2025-03-29', 9, 2025, 1, 9, 9, '2025-06-26 11:30:24', '2025-06-26 11:10:02'),
(25, 1, 3, 86, '2025-03-29', 23, 2025, 1, 9, 9, '2025-06-26 11:30:17', '2025-06-26 11:10:33'),
(26, 1, 1, 40, '2025-04-26', 11, 2025, 1, 9, 9, '2025-06-26 11:43:59', '2025-06-26 11:32:12'),
(27, 1, 2, 87, '2025-04-26', 10, 2025, 1, 9, 9, '2025-06-26 11:59:33', '2025-06-26 11:47:08'),
(28, 1, 3, 76, '2025-04-26', 12, 2025, 1, 9, 9, '2025-06-26 12:09:30', '2025-06-26 11:47:32'),
(29, 1, 3, 88, '2025-05-10', 9, 2025, 1, 9, 9, '2025-06-26 12:27:16', '2025-06-26 12:09:53'),
(30, 1, 1, 42, '2025-06-21', 18, 2025, 1, 9, 9, '2025-07-04 09:13:01', '2025-07-04 08:45:28'),
(31, 1, 2, 52, '2025-06-21', 19, 2025, 1, 9, 9, '2025-07-04 09:12:56', '2025-07-04 08:47:15'),
(32, 1, 3, 89, '2025-06-21', 20, 2025, 0, 9, NULL, NULL, '2025-07-04 09:15:51');

-- --------------------------------------------------------

--
-- Table structure for table `constants`
--

CREATE TABLE `constants` (
  `id` int(11) NOT NULL,
  `name` varchar(100) NOT NULL,
  `value` text NOT NULL,
  `created_by` int(11) DEFAULT NULL,
  `created_at` timestamp NOT NULL DEFAULT current_timestamp()
) ENGINE=InnoDB DEFAULT CHARSET=utf8mb4 COLLATE=utf8mb4_general_ci;

--
-- Dumping data for table `constants`
--

INSERT INTO `constants` (`id`, `name`, `value`, `created_by`, `created_at`) VALUES
(3, 'Unit fees', '1600', 1, '2025-06-18 12:48:47'),
(4, 'registration_fee', '500', 1, '2025-06-18 13:36:47');

-- --------------------------------------------------------

--
-- Table structure for table `debts`
--

CREATE TABLE `debts` (
  `id` int(11) NOT NULL,
  `student_id` int(11) NOT NULL,
  `invoice_id` int(11) NOT NULL,
  `amount_due` decimal(10,2) NOT NULL,
  `amount_paid` decimal(10,2) DEFAULT 0.00,
  `debt_date` date NOT NULL,
  `cleared` tinyint(1) DEFAULT 0,
  `cleared_date` date DEFAULT NULL,
  `created_at` timestamp NOT NULL DEFAULT current_timestamp()
) ENGINE=InnoDB DEFAULT CHARSET=utf8mb4 COLLATE=utf8mb4_general_ci;

--
-- Dumping data for table `debts`
--

INSERT INTO `debts` (`id`, `student_id`, `invoice_id`, `amount_due`, `amount_paid`, `debt_date`, `cleared`, `cleared_date`, `created_at`) VALUES
(32, 108, 85, 1600.00, 1600.00, '2025-06-19', 1, '2025-06-19', '2025-06-19 09:11:41'),
(33, 53, 88, 1600.00, 1600.00, '2025-06-19', 1, '2025-06-19', '2025-06-19 09:14:38'),
(34, 55, 90, 1600.00, 1600.00, '2025-06-19', 1, '2025-06-19', '2025-06-19 09:15:43'),
(35, 51, 83, 1600.00, 1600.00, '2025-06-19', 1, '2025-06-19', '2025-06-19 09:16:47'),
(36, 103, 86, 1600.00, 1600.00, '2025-06-19', 1, '2025-06-19', '2025-06-19 09:17:53'),
(37, 28, 81, 1600.00, 1600.00, '2025-06-19', 1, '2025-06-19', '2025-06-19 09:18:35'),
(38, 52, 84, 1600.00, 1600.00, '2025-06-19', 1, '2025-06-19', '2025-06-19 09:19:14'),
(39, 105, 87, 1600.00, 2100.00, '2025-06-19', 1, NULL, '2025-06-19 09:19:55'),
(40, 96, 82, 1600.00, 2000.00, '2025-06-19', 1, NULL, '2025-06-19 09:20:27'),
(41, 102, 91, 1600.00, 1600.00, '2025-06-19', 1, '2025-06-19', '2025-06-19 09:22:09'),
(42, 56, 92, 1600.00, 1600.00, '2025-06-19', 1, '2025-06-19', '2025-06-19 10:42:06'),
(43, 57, 93, 1600.00, 1600.00, '2025-06-19', 1, '2025-06-19', '2025-06-19 13:44:52'),
(44, 58, 94, 1600.00, 1600.00, '2025-06-19', 1, '2025-06-19', '2025-06-19 13:46:31'),
(45, 59, 95, 1600.00, 1600.00, '2025-06-19', 1, '2025-06-19', '2025-06-19 13:47:01'),
(46, 60, 96, 1600.00, 1600.00, '2025-06-19', 1, '2025-06-19', '2025-06-19 13:47:22'),
(47, 61, 97, 1600.00, 1600.00, '2025-06-19', 1, '2025-06-19', '2025-06-19 13:55:31'),
(48, 62, 50, 500.00, 500.00, '2025-06-19', 1, '2025-06-19', '2025-06-19 13:56:04'),
(49, 62, 98, 1600.00, 1700.00, '2025-06-19', 1, NULL, '2025-06-19 13:56:04'),
(50, 63, 99, 1600.00, 1600.00, '2025-06-19', 1, '2025-06-19', '2025-06-19 13:56:59'),
(51, 92, 101, 1600.00, 1600.00, '2025-06-19', 1, '2025-06-19', '2025-06-19 14:12:23'),
(52, 93, 59, 500.00, 500.00, '2025-06-19', 1, '2025-06-19', '2025-06-19 14:14:41'),
(53, 93, 102, 1600.00, 2200.00, '2025-06-19', 1, NULL, '2025-06-19 14:14:41'),
(54, 91, 100, 1600.00, 1600.00, '2025-06-19', 1, '2025-06-19', '2025-06-19 14:15:12'),
(55, 94, 103, 1600.00, 1600.00, '2025-06-19', 1, '2025-06-19', '2025-06-19 14:15:46'),
(56, 98, 105, 1600.00, 1600.00, '2025-06-19', 1, '2025-06-19', '2025-06-19 14:16:24'),
(57, 99, 106, 1600.00, 2400.00, '2025-06-19', 1, NULL, '2025-06-19 14:17:41'),
(58, 99, 106, 1600.00, 1600.00, '2025-06-19', 1, '2025-06-19', '2025-06-19 14:18:03'),
(59, 109, 62, 500.00, 500.00, '2025-06-19', 1, '2025-06-19', '2025-06-19 14:19:49'),
(60, 109, 108, 1600.00, 2200.00, '2025-06-19', 1, NULL, '2025-06-19 14:19:49'),
(61, 110, 63, 500.00, 500.00, '2025-06-19', 1, '2025-06-19', '2025-06-19 14:20:34'),
(62, 110, 109, 1600.00, 1600.00, '2025-06-19', 1, '2025-06-19', '2025-06-19 14:20:34'),
(63, 111, 110, 1600.00, 2800.00, '2025-06-19', 1, NULL, '2025-06-19 14:21:17'),
(64, 111, 110, 1600.00, 1600.00, '2025-06-19', 1, '2025-06-19', '2025-06-19 14:21:48'),
(65, 112, 111, 1600.00, 2400.00, '2025-06-19', 1, NULL, '2025-06-19 14:22:40'),
(66, 117, 112, 1600.00, 1600.00, '2025-06-19', 1, '2025-06-19', '2025-06-19 14:23:22'),
(67, 125, 113, 1600.00, 1600.00, '2025-06-19', 1, '2025-06-19', '2025-06-19 14:23:46'),
(68, 64, 39, 1600.00, 1600.00, '2025-06-20', 1, '2025-06-20', '2025-06-20 08:21:41'),
(69, 71, 44, 1600.00, 1600.00, '2025-06-20', 1, '2025-06-20', '2025-06-20 08:23:02'),
(70, 114, 46, 1600.00, 1600.00, '2025-06-20', 1, '2025-06-20', '2025-06-20 08:26:17'),
(71, 114, 65, 500.00, 800.00, '2025-06-20', 1, NULL, '2025-06-20 08:26:17'),
(72, 114, 65, 500.00, 500.00, '2025-06-20', 1, '2025-06-20', '2025-06-20 08:29:32'),
(73, 69, 42, 1600.00, 1600.00, '2025-06-20', 1, '2025-06-20', '2025-06-20 08:30:48'),
(74, 115, 47, 1600.00, 1600.00, '2025-06-20', 1, '2025-06-20', '2025-06-20 08:31:12'),
(75, 113, 45, 1600.00, 1600.00, '2025-06-20', 1, '2025-06-20', '2025-06-20 08:31:34'),
(76, 67, 41, 1600.00, 1600.00, '2025-06-20', 1, '2025-06-20', '2025-06-20 08:32:06'),
(77, 67, 54, 500.00, 500.00, '2025-06-20', 1, '2025-06-20', '2025-06-20 08:32:06'),
(78, 116, 48, 1600.00, 1600.00, '2025-06-20', 1, '2025-06-20', '2025-06-20 08:32:39'),
(79, 67, 115, 1600.00, 1600.00, '2025-06-20', 1, '2025-06-20', '2025-06-20 08:48:31'),
(80, 68, 55, 500.00, 500.00, '2025-06-20', 1, '2025-06-20', '2025-06-20 08:49:11'),
(81, 68, 116, 1600.00, 2200.00, '2025-06-20', 1, NULL, '2025-06-20 08:49:11'),
(82, 70, 43, 1600.00, 3000.00, '2025-06-20', 1, NULL, '2025-06-20 09:08:07'),
(83, 113, 64, 500.00, 500.00, '2025-06-20', 1, '2025-06-20', '2025-06-20 09:08:36'),
(84, 113, 118, 1600.00, 2200.00, '2025-06-20', 1, NULL, '2025-06-20 09:08:36'),
(85, 66, 40, 1600.00, 1600.00, '2025-06-20', 1, '2025-06-20', '2025-06-20 09:10:05'),
(86, 116, 67, 500.00, 500.00, '2025-06-20', 1, '2025-06-20', '2025-06-20 09:10:33'),
(87, 116, 119, 1600.00, 2200.00, '2025-06-20', 1, NULL, '2025-06-20 09:10:33'),
(88, 123, 123, 500.00, 500.00, '2025-06-20', 1, '2025-06-20', '2025-06-20 09:11:43'),
(89, 123, 128, 1600.00, 2200.00, '2025-06-20', 1, NULL, '2025-06-20 09:11:43'),
(90, 122, 122, 500.00, 500.00, '2025-06-20', 1, '2025-06-20', '2025-06-20 09:12:58'),
(91, 122, 127, 1600.00, 1600.00, '2025-06-20', 1, '2025-06-20', '2025-06-20 09:12:58'),
(92, 118, 120, 500.00, 500.00, '2025-06-20', 1, '2025-06-20', '2025-06-20 09:14:19'),
(93, 118, 125, 1600.00, 2200.00, '2025-06-20', 1, NULL, '2025-06-20 09:14:19'),
(94, 121, 121, 500.00, 500.00, '2025-06-20', 1, '2025-06-20', '2025-06-20 09:14:38'),
(95, 121, 126, 1600.00, 1000.00, '2025-06-20', 0, NULL, '2025-06-20 09:14:38'),
(96, 63, 137, 1600.00, 3100.00, '2025-06-20', 1, NULL, '2025-06-20 09:34:51'),
(97, 59, 133, 1600.00, 1600.00, '2025-06-20', 1, '2025-06-20', '2025-06-20 09:35:11'),
(98, 125, 149, 1600.00, 1600.00, '2025-06-20', 1, '2025-06-20', '2025-06-20 09:35:40'),
(99, 60, 134, 1600.00, 1600.00, '2025-06-20', 1, '2025-06-20', '2025-06-20 09:36:01'),
(100, 111, 146, 1600.00, 1600.00, '2025-06-20', 1, '2025-06-20', '2025-06-20 09:36:24'),
(101, 99, 142, 1600.00, 1600.00, '2025-06-20', 1, '2025-06-20', '2025-06-20 09:36:47'),
(102, 92, 138, 1600.00, 1600.00, '2025-06-20', 1, '2025-06-20', '2025-06-20 09:38:33'),
(103, 100, 107, 1600.00, 1600.00, '2025-06-20', 1, '2025-06-20', '2025-06-20 09:39:08'),
(104, 100, 143, 1600.00, 1600.00, '2025-06-20', 1, '2025-06-20', '2025-06-20 09:39:08'),
(105, 94, 139, 1600.00, 1600.00, '2025-06-20', 1, '2025-06-20', '2025-06-20 09:39:31'),
(106, 61, 135, 1600.00, 1600.00, '2025-06-20', 1, '2025-06-20', '2025-06-20 09:40:05'),
(107, 57, 131, 1600.00, 1600.00, '2025-06-20', 1, '2025-06-20', '2025-06-20 09:40:22'),
(108, 112, 111, 1600.00, 1600.00, '2025-06-20', 1, '2025-06-20', '2025-06-20 09:41:10'),
(109, 112, 147, 1600.00, 1900.00, '2025-06-20', 1, NULL, '2025-06-20 09:41:10'),
(110, 112, 147, 1600.00, 1700.00, '2025-06-20', 1, NULL, '2025-06-20 09:41:32'),
(111, 56, 130, 1600.00, 1600.00, '2025-06-20', 1, '2025-06-20', '2025-06-20 09:41:57'),
(112, 98, 141, 1600.00, 1600.00, '2025-06-20', 1, '2025-06-20', '2025-06-20 09:42:29'),
(113, 58, 132, 1600.00, 1600.00, '2025-06-20', 1, '2025-06-20', '2025-06-20 09:44:03'),
(114, 110, 145, 1600.00, 2800.00, '2025-06-20', 1, NULL, '2025-06-20 09:44:37'),
(115, 109, 108, 1600.00, 1600.00, '2025-06-20', 1, '2025-06-20', '2025-06-20 09:45:25'),
(116, 109, 144, 1600.00, 3000.00, '2025-06-20', 1, NULL, '2025-06-20 09:45:25'),
(117, 117, 148, 1600.00, 1600.00, '2025-06-20', 1, '2025-06-20', '2025-06-20 09:46:00'),
(118, 62, 98, 1600.00, 1600.00, '2025-06-20', 1, '2025-06-20', '2025-06-20 09:46:38'),
(119, 62, 136, 1600.00, 1700.00, '2025-06-20', 1, NULL, '2025-06-20 09:46:38'),
(120, 95, 104, 1600.00, 3000.00, '2025-06-20', 1, NULL, '2025-06-20 09:47:04'),
(121, 113, 118, 1600.00, 1600.00, '2025-06-20', 1, '2025-06-20', '2025-06-20 12:36:51'),
(122, 113, 154, 1600.00, 2200.00, '2025-06-20', 1, NULL, '2025-06-20 12:36:51'),
(123, 68, 116, 1600.00, 1600.00, '2025-06-20', 1, '2025-06-20', '2025-06-20 12:37:54'),
(124, 68, 152, 1600.00, 1600.00, '2025-06-20', 1, '2025-06-20', '2025-06-20 12:37:54'),
(125, 115, 66, 500.00, 500.00, '2025-06-20', 1, '2025-06-20', '2025-06-20 12:38:25'),
(126, 115, 156, 1600.00, 2200.00, '2025-06-20', 1, NULL, '2025-06-20 12:38:25'),
(127, 66, 53, 500.00, 500.00, '2025-06-20', 1, '2025-06-20', '2025-06-20 12:39:04'),
(128, 66, 114, 1600.00, 1800.00, '2025-06-20', 1, NULL, '2025-06-20 12:39:04'),
(129, 66, 114, 1600.00, 1500.00, '2025-06-20', 1, NULL, '2025-06-20 12:39:31'),
(130, 116, 119, 1600.00, 1600.00, '2025-06-20', 1, '2025-06-20', '2025-06-20 12:39:54'),
(131, 116, 157, 1600.00, 1600.00, '2025-06-20', 1, '2025-06-20', '2025-06-20 12:39:54'),
(132, 122, 159, 1600.00, 1600.00, '2025-06-20', 1, '2025-06-20', '2025-06-20 12:40:44'),
(133, 70, 43, 1600.00, 1600.00, '2025-06-20', 1, '2025-06-20', '2025-06-20 12:41:13'),
(134, 70, 57, 500.00, 500.00, '2025-06-20', 1, '2025-06-20', '2025-06-20 12:41:13'),
(135, 70, 117, 1600.00, 2000.00, '2025-06-20', 1, NULL, '2025-06-20 12:41:13'),
(136, 114, 155, 1600.00, 1600.00, '2025-06-20', 1, '2025-06-20', '2025-06-20 12:41:38'),
(137, 67, 151, 1600.00, 1600.00, '2025-06-20', 1, '2025-06-20', '2025-06-20 12:42:00'),
(138, 118, 125, 1600.00, 1600.00, '2025-06-20', 1, '2025-06-20', '2025-06-20 12:42:20'),
(139, 118, 158, 1600.00, 2200.00, '2025-06-20', 1, NULL, '2025-06-20 12:42:20'),
(140, 94, 169, 1600.00, 1600.00, '2025-06-20', 1, '2025-06-20', '2025-06-20 12:50:58'),
(141, 61, 165, 1600.00, 1600.00, '2025-06-20', 1, '2025-06-20', '2025-06-20 13:03:18'),
(142, 92, 168, 1600.00, 1600.00, '2025-06-20', 1, '2025-06-20', '2025-06-20 13:06:33'),
(143, 111, 176, 1600.00, 1600.00, '2025-06-20', 1, '2025-06-20', '2025-06-20 13:06:55'),
(144, 56, 160, 1600.00, 1600.00, '2025-06-20', 1, '2025-06-20', '2025-06-20 13:56:53'),
(145, 60, 164, 1600.00, 1600.00, '2025-06-20', 1, '2025-06-20', '2025-06-20 13:57:11'),
(146, 125, 179, 1600.00, 1600.00, '2025-06-20', 1, '2025-06-20', '2025-06-20 13:57:49'),
(147, 99, 172, 1600.00, 2000.00, '2025-06-20', 1, NULL, '2025-06-20 13:58:11'),
(148, 99, 172, 1600.00, 1600.00, '2025-06-20', 1, '2025-06-20', '2025-06-20 13:58:28'),
(149, 58, 162, 1600.00, 1600.00, '2025-06-20', 1, '2025-06-20', '2025-06-20 13:58:44'),
(150, 91, 167, 1600.00, 2000.00, '2025-06-20', 1, NULL, '2025-06-20 13:59:00'),
(151, 57, 161, 1600.00, 1600.00, '2025-06-20', 1, '2025-06-20', '2025-06-20 13:59:34'),
(152, 109, 144, 1600.00, 1600.00, '2025-06-20', 1, '2025-06-20', '2025-06-20 13:59:58'),
(153, 109, 174, 1600.00, 2200.00, '2025-06-20', 1, NULL, '2025-06-20 13:59:58'),
(154, 109, 174, 1600.00, 1600.00, '2025-06-20', 1, '2025-06-20', '2025-06-20 14:00:19'),
(155, 98, 171, 1600.00, 1600.00, '2025-06-20', 1, '2025-06-20', '2025-06-20 14:00:37'),
(156, 95, 104, 1600.00, 1600.00, '2025-06-20', 1, '2025-06-20', '2025-06-20 14:03:12'),
(157, 95, 140, 1600.00, 1600.00, '2025-06-20', 1, '2025-06-20', '2025-06-20 14:03:32'),
(158, 117, 178, 1600.00, 1600.00, '2025-06-20', 1, '2025-06-20', '2025-06-20 14:04:28'),
(159, 62, 136, 1600.00, 2350.00, '2025-06-20', 1, NULL, '2025-06-20 14:04:51'),
(160, 110, 145, 1600.00, 1600.00, '2025-06-20', 1, '2025-06-20', '2025-06-20 14:05:09'),
(161, 110, 175, 1600.00, 2800.00, '2025-06-20', 1, NULL, '2025-06-20 14:05:09'),
(162, 112, 147, 1600.00, 1600.00, '2025-06-20', 1, '2025-06-20', '2025-06-20 14:05:33'),
(163, 112, 177, 1600.00, 2200.00, '2025-06-20', 1, NULL, '2025-06-20 14:05:33'),
(164, 96, 82, 1600.00, 2200.00, '2025-06-20', 1, NULL, '2025-06-20 14:13:27'),
(165, 104, 89, 1600.00, 1600.00, '2025-06-20', 1, '2025-06-20', '2025-06-20 14:13:50'),
(166, 104, 190, 1600.00, 1800.00, '2025-06-20', 1, NULL, '2025-06-20 14:13:50'),
(167, 108, 194, 1600.00, 1600.00, '2025-06-20', 1, '2025-06-20', '2025-06-20 14:14:08'),
(168, 53, 184, 1600.00, 1600.00, '2025-06-20', 1, '2025-06-20', '2025-06-20 14:14:46'),
(169, 55, 185, 1600.00, 1600.00, '2025-06-20', 1, '2025-06-20', '2025-06-20 14:15:07'),
(170, 28, 181, 1600.00, 1600.00, '2025-06-20', 1, '2025-06-20', '2025-06-20 14:15:25'),
(171, 106, 61, 500.00, 500.00, '2025-06-20', 1, '2025-06-20', '2025-06-20 14:16:11'),
(172, 106, 192, 1600.00, 2200.00, '2025-06-20', 1, NULL, '2025-06-20 14:16:11'),
(173, 105, 87, 1600.00, 1600.00, '2025-06-20', 1, '2025-06-20', '2025-06-20 14:18:44'),
(174, 105, 191, 1600.00, 2800.00, '2025-06-20', 1, NULL, '2025-06-20 14:18:44'),
(175, 102, 188, 1600.00, 1600.00, '2025-06-20', 1, '2025-06-20', '2025-06-20 14:59:22'),
(176, 103, 189, 1600.00, 1600.00, '2025-06-20', 1, '2025-06-20', '2025-06-20 14:59:39'),
(177, 51, 182, 1600.00, 1600.00, '2025-06-20', 1, '2025-06-20', '2025-06-20 14:59:55'),
(178, 107, 193, 1600.00, 1600.00, '2025-06-20', 1, '2025-06-20', '2025-06-20 15:00:12'),
(179, 128, 196, 1600.00, 1600.00, '2025-06-20', 1, '2025-06-20', '2025-06-20 15:00:35'),
(180, 97, 187, 1600.00, 1600.00, '2025-06-20', 1, '2025-06-20', '2025-06-20 15:00:53'),
(181, 52, 183, 1600.00, 1600.00, '2025-06-20', 1, '2025-06-20', '2025-06-20 15:01:08'),
(182, 69, 56, 500.00, 500.00, '2025-06-26', 1, '2025-06-26', '2025-06-26 08:20:40'),
(183, 69, 217, 1600.00, 2200.00, '2025-06-26', 1, NULL, '2025-06-26 08:20:40'),
(184, 115, 156, 1600.00, 1600.00, '2025-06-26', 1, '2025-06-26', '2025-06-26 08:21:03'),
(185, 115, 220, 1600.00, 3000.00, '2025-06-26', 1, NULL, '2025-06-26 08:21:03'),
(186, 67, 215, 1600.00, 1600.00, '2025-06-26', 1, '2025-06-26', '2025-06-26 08:21:38'),
(187, 118, 158, 1600.00, 1600.00, '2025-06-26', 1, '2025-06-26', '2025-06-26 08:22:00'),
(188, 118, 222, 1600.00, 2200.00, '2025-06-26', 1, NULL, '2025-06-26 08:22:00'),
(189, 116, 221, 1600.00, 1600.00, '2025-06-26', 1, '2025-06-26', '2025-06-26 08:22:22'),
(190, 122, 223, 1600.00, 1600.00, '2025-06-26', 1, '2025-06-26', '2025-06-26 08:22:46'),
(191, 64, 51, 500.00, 500.00, '2025-06-26', 1, '2025-06-26', '2025-06-26 08:23:08'),
(192, 64, 213, 1600.00, 1600.00, '2025-06-26', 1, '2025-06-26', '2025-06-26 08:23:08'),
(193, 114, 219, 1600.00, 2200.00, '2025-06-26', 1, NULL, '2025-06-26 08:23:29'),
(194, 70, 117, 1600.00, 1600.00, '2025-06-26', 1, '2025-06-26', '2025-06-26 08:23:58'),
(195, 70, 153, 1600.00, 2000.00, '2025-06-26', 1, NULL, '2025-06-26 08:23:58'),
(196, 68, 216, 1600.00, 1600.00, '2025-06-26', 1, '2025-06-26', '2025-06-26 08:24:18'),
(197, 95, 170, 1600.00, 1600.00, '2025-06-26', 1, '2025-06-26', '2025-06-26 08:32:38'),
(198, 100, 173, 1600.00, 900.00, '2025-06-26', 0, NULL, '2025-06-26 08:32:56'),
(199, 110, 175, 1600.00, 1600.00, '2025-06-26', 1, '2025-06-26', '2025-06-26 08:33:19'),
(200, 110, 239, 1600.00, 2800.00, '2025-06-26', 1, NULL, '2025-06-26 08:33:19'),
(201, 117, 242, 1600.00, 1600.00, '2025-06-26', 1, '2025-06-26', '2025-06-26 08:33:45'),
(202, 57, 225, 1600.00, 1600.00, '2025-06-26', 1, '2025-06-26', '2025-06-26 08:34:09'),
(203, 111, 240, 1600.00, 1600.00, '2025-06-26', 1, '2025-06-26', '2025-06-26 08:34:27'),
(204, 109, 238, 1600.00, 2200.00, '2025-06-26', 1, NULL, '2025-06-26 08:34:48'),
(205, 109, 238, 1600.00, 1600.00, '2025-06-26', 1, '2025-06-26', '2025-06-26 08:35:03'),
(206, 91, 167, 1600.00, 1600.00, '2025-06-26', 1, '2025-06-26', '2025-06-26 08:35:27'),
(207, 91, 231, 1600.00, 1600.00, '2025-06-26', 1, '2025-06-26', '2025-06-26 08:35:27'),
(208, 94, 233, 1600.00, 1600.00, '2025-06-26', 1, '2025-06-26', '2025-06-26 08:35:46'),
(209, 112, 177, 1600.00, 1600.00, '2025-06-26', 1, '2025-06-26', '2025-06-26 08:36:13'),
(210, 112, 241, 1600.00, 2200.00, '2025-06-26', 1, NULL, '2025-06-26 08:36:13'),
(211, 58, 226, 1600.00, 1600.00, '2025-06-26', 1, '2025-06-26', '2025-06-26 08:36:42'),
(212, 92, 232, 1600.00, 1600.00, '2025-06-26', 1, '2025-06-26', '2025-06-26 08:37:00'),
(213, 60, 228, 1600.00, 1600.00, '2025-06-26', 1, '2025-06-26', '2025-06-26 08:37:26'),
(214, 62, 136, 1600.00, 1600.00, '2025-06-26', 1, '2025-06-26', '2025-06-26 08:37:54'),
(215, 62, 166, 1600.00, 1700.00, '2025-06-26', 1, NULL, '2025-06-26 08:37:54'),
(216, 62, 166, 1600.00, 2400.00, '2025-06-26', 1, NULL, '2025-06-26 08:38:14'),
(217, 99, 236, 1600.00, 1600.00, '2025-06-26', 1, '2025-06-26', '2025-06-26 08:38:37'),
(218, 125, 243, 1600.00, 1600.00, '2025-06-26', 1, '2025-06-26', '2025-06-26 08:39:01'),
(219, 63, 137, 1600.00, 1600.00, '2025-06-26', 1, '2025-06-26', '2025-06-26 08:39:19'),
(220, 63, 230, 1600.00, 1600.00, '2025-06-26', 1, '2025-06-26', '2025-06-26 08:39:19'),
(221, 56, 224, 1600.00, 2000.00, '2025-06-26', 1, NULL, '2025-06-26 08:39:45'),
(222, 59, 163, 1600.00, 1600.00, '2025-06-26', 1, '2025-06-26', '2025-06-26 08:40:08'),
(223, 59, 227, 1600.00, 1600.00, '2025-06-26', 1, '2025-06-26', '2025-06-26 08:44:06'),
(224, 28, 197, 1600.00, 1600.00, '2025-06-26', 1, '2025-06-26', '2025-06-26 09:02:51'),
(225, 108, 211, 1600.00, 1600.00, '2025-06-26', 1, '2025-06-26', '2025-06-26 09:03:12'),
(226, 53, 200, 1600.00, 1600.00, '2025-06-26', 1, '2025-06-26', '2025-06-26 09:03:31'),
(227, 55, 202, 1600.00, 1600.00, '2025-06-26', 1, '2025-06-26', '2025-06-26 09:03:51'),
(228, 103, 206, 1600.00, 1600.00, '2025-06-26', 1, '2025-06-26', '2025-06-26 09:04:11'),
(229, 107, 210, 1600.00, 1600.00, '2025-06-26', 1, '2025-06-26', '2025-06-26 09:04:30'),
(230, 96, 82, 1600.00, 1600.00, '2025-06-26', 1, '2025-06-26', '2025-06-26 09:04:54'),
(231, 96, 186, 1600.00, 1600.00, '2025-06-26', 1, NULL, '2025-06-26 09:04:54'),
(232, 106, 192, 1600.00, 1600.00, '2025-06-26', 1, '2025-06-26', '2025-06-26 09:05:30'),
(233, 106, 209, 1600.00, 2200.00, '2025-06-26', 1, NULL, '2025-06-26 09:05:30'),
(234, 102, 205, 1600.00, 1600.00, '2025-06-26', 1, '2025-06-26', '2025-06-26 09:05:58'),
(235, 105, 191, 1600.00, 1600.00, '2025-06-26', 1, '2025-06-26', '2025-06-26 09:06:23'),
(236, 105, 208, 1600.00, 2200.00, '2025-06-26', 1, NULL, '2025-06-26 09:06:23'),
(237, 54, 201, 1600.00, 1600.00, '2025-06-26', 1, '2025-06-26', '2025-06-26 09:06:45'),
(238, 52, 199, 1600.00, 1600.00, '2025-06-26', 1, '2025-06-26', '2025-06-26 09:08:07'),
(239, 133, 256, 1600.00, 1600.00, '2025-06-26', 1, '2025-06-26', '2025-06-26 10:56:45'),
(240, 113, 154, 1600.00, 1600.00, '2025-06-26', 1, '2025-06-26', '2025-06-26 10:57:14'),
(241, 113, 251, 1600.00, 2200.00, '2025-06-26', 1, NULL, '2025-06-26 10:57:14'),
(242, 68, 247, 1600.00, 1600.00, '2025-06-26', 1, '2025-06-26', '2025-06-26 10:57:59'),
(243, 66, 114, 1600.00, 1600.00, '2025-06-26', 1, '2025-06-26', '2025-06-26 10:58:45'),
(244, 66, 150, 1600.00, 2200.00, '2025-06-26', 1, NULL, '2025-06-26 10:58:45'),
(245, 66, 150, 1600.00, 1600.00, '2025-06-26', 1, '2025-06-26', '2025-06-26 10:59:22'),
(246, 66, 214, 1600.00, 2200.00, '2025-06-26', 1, NULL, '2025-06-26 10:59:22'),
(247, 70, 153, 1600.00, 1600.00, '2025-06-26', 1, '2025-06-26', '2025-06-26 11:02:04'),
(248, 70, 218, 1600.00, 1600.00, '2025-06-26', 1, '2025-06-26', '2025-06-26 11:02:04'),
(249, 70, 249, 1600.00, 1600.00, '2025-06-26', 1, '2025-06-26', '2025-06-26 11:02:04'),
(250, 64, 244, 1600.00, 1600.00, '2025-06-26', 1, '2025-06-26', '2025-06-26 11:02:53'),
(251, 71, 58, 500.00, 500.00, '2025-06-26', 1, '2025-06-26', '2025-06-26 11:03:12'),
(252, 71, 250, 1600.00, 2200.00, '2025-06-26', 1, NULL, '2025-06-26 11:03:12'),
(253, 69, 217, 1600.00, 1600.00, '2025-06-26', 1, '2025-06-26', '2025-06-26 11:03:30'),
(254, 69, 248, 1600.00, 1600.00, '2025-06-26', 1, '2025-06-26', '2025-06-26 11:03:30'),
(255, 115, 220, 1600.00, 1600.00, '2025-06-26', 1, '2025-06-26', '2025-06-26 11:04:01'),
(256, 115, 253, 1600.00, 1600.00, '2025-06-26', 1, '2025-06-26', '2025-06-26 11:04:01'),
(257, 122, 255, 1600.00, 1600.00, '2025-06-26', 1, '2025-06-26', '2025-06-26 11:04:40'),
(258, 114, 219, 1600.00, 1600.00, '2025-06-26', 1, '2025-06-26', '2025-06-26 11:04:57'),
(259, 114, 252, 1600.00, 2200.00, '2025-06-26', 1, NULL, '2025-06-26 11:04:57'),
(260, 67, 246, 1600.00, 1600.00, '2025-06-26', 1, '2025-06-26', '2025-06-26 11:05:15'),
(261, 116, 254, 1600.00, 1600.00, '2025-06-26', 1, '2025-06-26', '2025-06-26 11:05:39'),
(262, 53, 260, 1600.00, 1600.00, '2025-06-26', 1, '2025-06-26', '2025-06-26 11:14:17'),
(263, 28, 257, 1600.00, 1600.00, '2025-06-26', 1, '2025-06-26', '2025-06-26 11:14:35'),
(264, 108, 270, 1600.00, 1600.00, '2025-06-26', 1, '2025-06-26', '2025-06-26 11:14:53'),
(265, 104, 190, 1600.00, 1600.00, '2025-06-26', 1, '2025-06-26', '2025-06-26 11:15:14'),
(266, 104, 207, 1600.00, 1600.00, '2025-06-26', 1, NULL, '2025-06-26 11:15:14'),
(267, 105, 208, 1600.00, 1600.00, '2025-06-26', 1, '2025-06-26', '2025-06-26 11:15:34'),
(268, 105, 268, 1600.00, 2200.00, '2025-06-26', 1, NULL, '2025-06-26 11:15:34'),
(269, 128, 272, 1600.00, 2000.00, '2025-06-26', 1, NULL, '2025-06-26 11:15:52'),
(270, 55, 262, 1600.00, 1600.00, '2025-06-26', 1, '2025-06-26', '2025-06-26 11:16:10'),
(271, 54, 261, 1600.00, 1600.00, '2025-06-26', 1, '2025-06-26', '2025-06-26 11:16:29'),
(272, 103, 266, 1600.00, 1600.00, '2025-06-26', 1, '2025-06-26', '2025-06-26 11:17:53'),
(273, 102, 265, 1600.00, 1600.00, '2025-06-26', 1, '2025-06-26', '2025-06-26 11:18:13'),
(274, 106, 209, 1600.00, 1600.00, '2025-06-26', 1, '2025-06-26', '2025-06-26 11:18:29'),
(275, 106, 269, 1600.00, 2200.00, '2025-06-26', 1, NULL, '2025-06-26 11:18:29'),
(276, 97, 204, 1600.00, 1600.00, '2025-06-26', 1, '2025-06-26', '2025-06-26 11:18:48'),
(277, 97, 264, 1600.00, 1800.00, '2025-06-26', 1, NULL, '2025-06-26 11:18:48'),
(278, 52, 259, 1600.00, 1600.00, '2025-06-26', 1, '2025-06-26', '2025-06-26 11:19:16'),
(279, 96, 186, 1600.00, 1600.00, '2025-06-26', 1, '2025-06-26', '2025-06-26 11:19:37'),
(280, 96, 203, 1600.00, 1700.00, '2025-06-26', 1, NULL, '2025-06-26 11:19:37'),
(281, 51, 198, 1600.00, 1600.00, '2025-06-26', 1, '2025-06-26', '2025-06-26 11:19:56'),
(282, 51, 258, 1600.00, 1600.00, '2025-06-26', 1, '2025-06-26', '2025-06-26 11:19:56'),
(283, 95, 234, 1600.00, 1600.00, '2025-06-26', 1, '2025-06-26', '2025-06-26 11:20:22'),
(284, 99, 285, 1600.00, 1600.00, '2025-06-26', 1, '2025-06-26', '2025-06-26 11:21:19'),
(285, 62, 166, 1600.00, 1600.00, '2025-06-26', 1, '2025-06-26', '2025-06-26 11:21:39'),
(286, 62, 229, 1600.00, 1800.00, '2025-06-26', 1, NULL, '2025-06-26 11:21:39'),
(287, 98, 235, 1600.00, 1600.00, '2025-06-26', 1, '2025-06-26', '2025-06-26 11:22:01'),
(288, 112, 241, 1600.00, 1600.00, '2025-06-26', 1, '2025-06-26', '2025-06-26 11:22:24'),
(289, 112, 290, 1600.00, 1800.00, '2025-06-26', 1, NULL, '2025-06-26 11:22:24'),
(290, 117, 291, 1600.00, 1600.00, '2025-06-26', 1, '2025-06-26', '2025-06-26 11:22:42'),
(291, 94, 282, 1600.00, 1600.00, '2025-06-26', 1, '2025-06-26', '2025-06-26 11:22:56'),
(292, 111, 289, 1600.00, 1600.00, '2025-06-26', 1, '2025-06-26', '2025-06-26 11:23:21'),
(293, 125, 292, 1600.00, 1600.00, '2025-06-26', 1, '2025-06-26', '2025-06-26 11:23:36'),
(294, 110, 239, 1600.00, 1600.00, '2025-06-26', 1, '2025-06-26', '2025-06-26 11:24:17'),
(295, 110, 288, 1600.00, 1600.00, '2025-06-26', 1, NULL, '2025-06-26 11:24:17'),
(296, 60, 277, 1600.00, 1600.00, '2025-06-26', 1, '2025-06-26', '2025-06-26 11:24:31'),
(297, 56, 224, 1600.00, 1600.00, '2025-06-26', 1, '2025-06-26', '2025-06-26 11:24:57'),
(298, 56, 273, 1600.00, 1600.00, '2025-06-26', 1, '2025-06-26', '2025-06-26 11:24:57'),
(299, 109, 287, 1600.00, 1600.00, '2025-06-26', 1, '2025-06-26', '2025-06-26 11:25:12'),
(300, 57, 274, 1600.00, 1600.00, '2025-06-26', 1, '2025-06-26', '2025-06-26 11:25:41'),
(301, 92, 281, 1600.00, 1600.00, '2025-06-26', 1, '2025-06-26', '2025-06-26 11:25:54'),
(302, 58, 275, 1600.00, 1600.00, '2025-06-26', 1, '2025-06-26', '2025-06-26 11:26:06'),
(303, 61, 278, 1600.00, 1600.00, '2025-06-26', 1, '2025-06-26', '2025-06-26 11:26:21'),
(304, 59, 276, 1600.00, 1600.00, '2025-06-26', 1, '2025-06-26', '2025-06-26 11:26:38'),
(305, 63, 280, 1600.00, 2000.00, '2025-06-26', 1, NULL, '2025-06-26 11:30:00'),
(306, 116, 303, 1600.00, 2000.00, '2025-06-26', 1, NULL, '2025-06-26 11:34:11'),
(307, 116, 303, 1600.00, 1600.00, '2025-06-26', 1, '2025-06-26', '2025-06-26 11:34:28'),
(308, 69, 297, 1600.00, 1600.00, '2025-06-26', 1, '2025-06-26', '2025-06-26 11:35:27'),
(309, 123, 128, 1600.00, 1600.00, '2025-06-26', 1, '2025-06-26', '2025-06-26 11:35:48'),
(310, 123, 304, 1600.00, 1600.00, '2025-06-26', 1, '2025-06-26', '2025-06-26 11:35:48'),
(311, 66, 214, 1600.00, 1600.00, '2025-06-26', 1, '2025-06-26', '2025-06-26 11:36:08'),
(312, 66, 245, 1600.00, 2200.00, '2025-06-26', 1, NULL, '2025-06-26 11:36:08'),
(313, 67, 295, 1600.00, 2200.00, '2025-06-26', 1, NULL, '2025-06-26 11:36:26'),
(314, 114, 252, 1600.00, 1600.00, '2025-06-26', 1, '2025-06-26', '2025-06-26 11:36:48'),
(315, 114, 301, 1600.00, 1500.00, '2025-06-26', 0, NULL, '2025-06-26 11:36:48'),
(316, 115, 302, 1600.00, 1600.00, '2025-06-26', 1, '2025-06-26', '2025-06-26 11:37:10'),
(317, 113, 251, 1600.00, 1600.00, '2025-06-26', 1, '2025-06-26', '2025-06-26 11:37:28'),
(318, 113, 300, 1600.00, 2200.00, '2025-06-26', 1, NULL, '2025-06-26 11:37:28'),
(319, 71, 250, 1600.00, 1600.00, '2025-06-26', 1, '2025-06-26', '2025-06-26 11:37:55'),
(320, 71, 299, 1600.00, 2200.00, '2025-06-26', 1, NULL, '2025-06-26 11:37:55'),
(321, 64, 293, 1600.00, 1600.00, '2025-06-26', 1, '2025-06-26', '2025-06-26 11:38:12'),
(322, 68, 296, 1600.00, 1600.00, '2025-06-26', 1, '2025-06-26', '2025-06-26 11:38:38'),
(323, 95, 283, 1600.00, 1600.00, '2025-06-26', 1, '2025-06-26', '2025-06-26 11:51:12'),
(324, 112, 290, 1600.00, 2600.00, '2025-06-26', 1, NULL, '2025-06-26 11:51:31'),
(325, 112, 290, 1600.00, 1600.00, '2025-06-26', 1, '2025-06-26', '2025-06-26 11:51:47'),
(326, 112, 323, 1600.00, 1800.00, '2025-06-26', 1, NULL, '2025-06-26 11:51:47'),
(327, 58, 307, 1600.00, 1600.00, '2025-06-26', 1, '2025-06-26', '2025-06-26 11:52:09'),
(328, 56, 305, 1600.00, 1600.00, '2025-06-26', 1, '2025-06-26', '2025-06-26 11:52:36'),
(329, 99, 318, 1600.00, 1600.00, '2025-06-26', 1, '2025-06-26', '2025-06-26 11:53:01'),
(330, 125, 325, 1600.00, 1600.00, '2025-06-26', 1, '2025-06-26', '2025-06-26 11:53:26'),
(331, 93, 102, 1600.00, 1600.00, '2025-06-26', 1, '2025-06-26', '2025-06-26 11:53:47'),
(332, 93, 315, 1600.00, 1600.00, '2025-06-26', 1, '2025-06-26', '2025-06-26 11:53:47'),
(333, 111, 322, 1600.00, 1600.00, '2025-06-26', 1, NULL, '2025-06-26 11:54:08'),
(334, 62, 229, 1600.00, 1600.00, '2025-06-26', 1, '2025-06-26', '2025-06-26 11:54:32'),
(335, 62, 279, 1600.00, 1800.00, '2025-06-26', 1, NULL, '2025-06-26 11:54:32'),
(336, 61, 310, 1600.00, 1600.00, '2025-06-26', 1, '2025-06-26', '2025-06-26 11:54:54'),
(337, 63, 280, 1600.00, 1600.00, '2025-06-26', 1, '2025-06-26', '2025-06-26 11:55:16'),
(338, 63, 312, 1600.00, 1900.00, '2025-06-26', 1, NULL, '2025-06-26 11:55:16'),
(339, 59, 308, 1600.00, 1600.00, '2025-06-26', 1, '2025-06-26', '2025-06-26 11:55:40'),
(340, 109, 320, 1600.00, 2000.00, '2025-06-26', 1, NULL, '2025-06-26 11:56:07'),
(341, 109, 320, 1600.00, 1600.00, '2025-06-26', 1, '2025-06-26', '2025-06-26 11:56:21'),
(342, 57, 306, 1600.00, 1600.00, '2025-06-26', 1, '2025-06-26', '2025-06-26 11:56:36'),
(343, 117, 324, 1600.00, 1600.00, '2025-06-26', 1, '2025-06-26', '2025-06-26 11:57:00'),
(344, 60, 309, 1600.00, 1600.00, '2025-06-26', 1, '2025-06-26', '2025-06-26 11:57:15'),
(345, 94, 316, 1600.00, 1600.00, '2025-06-26', 1, '2025-06-26', '2025-06-26 11:57:30'),
(346, 102, 333, 1600.00, 1600.00, '2025-06-26', 1, '2025-06-26', '2025-06-26 12:02:09'),
(347, 53, 329, 1600.00, 1600.00, '2025-06-26', 1, '2025-06-26', '2025-06-26 12:02:23'),
(348, 51, 327, 1600.00, 1600.00, '2025-06-26', 1, '2025-06-26', '2025-06-26 12:02:41'),
(349, 55, 331, 1600.00, 1600.00, '2025-06-26', 1, '2025-06-26', '2025-06-26 12:03:02'),
(350, 106, 269, 1600.00, 1600.00, '2025-06-26', 1, '2025-06-26', '2025-06-26 12:03:17'),
(351, 106, 337, 1600.00, 2200.00, '2025-06-26', 1, NULL, '2025-06-26 12:03:17'),
(352, 97, 264, 1600.00, 1600.00, '2025-06-26', 1, '2025-06-26', '2025-06-26 12:03:49'),
(353, 97, 332, 1600.00, 1800.00, '2025-06-26', 1, NULL, '2025-06-26 12:03:49'),
(354, 103, 334, 1600.00, 1600.00, '2025-06-26', 1, '2025-06-26', '2025-06-26 12:04:12'),
(355, 105, 268, 1600.00, 1600.00, '2025-06-26', 1, '2025-06-26', '2025-06-26 12:04:30'),
(356, 105, 336, 1600.00, 2200.00, '2025-06-26', 1, NULL, '2025-06-26 12:04:30'),
(357, 54, 330, 1600.00, 1600.00, '2025-06-26', 1, '2025-06-26', '2025-06-26 12:07:00'),
(358, 28, 326, 1600.00, 1600.00, '2025-06-26', 1, '2025-06-26', '2025-06-26 12:08:03'),
(359, 108, 339, 1600.00, 1600.00, '2025-06-26', 1, '2025-06-26', '2025-06-26 12:08:19'),
(360, 106, 337, 1600.00, 1600.00, '2025-06-26', 1, '2025-06-26', '2025-06-26 12:13:09'),
(361, 106, 353, 1600.00, 2200.00, '2025-06-26', 1, NULL, '2025-06-26 12:13:09'),
(362, 52, 328, 1600.00, 1600.00, '2025-06-26', 1, '2025-06-26', '2025-06-26 12:13:35'),
(363, 51, 342, 1600.00, 1600.00, '2025-06-26', 1, '2025-06-26', '2025-06-26 12:23:47'),
(364, 96, 203, 1600.00, 1600.00, '2025-06-26', 1, '2025-06-26', '2025-06-26 12:24:06'),
(365, 96, 263, 1600.00, 200.00, '2025-06-26', 0, NULL, '2025-06-26 12:24:06'),
(366, 102, 349, 1600.00, 1600.00, '2025-06-26', 1, '2025-06-26', '2025-06-26 12:24:23'),
(367, 105, 336, 1600.00, 1600.00, '2025-06-26', 1, '2025-06-26', '2025-06-26 12:24:44'),
(368, 105, 352, 1600.00, 2200.00, '2025-06-26', 1, NULL, '2025-06-26 12:24:44'),
(369, 107, 338, 1600.00, 1600.00, '2025-06-26', 1, '2025-06-26', '2025-06-26 12:25:03'),
(370, 97, 332, 1600.00, 1600.00, '2025-06-26', 1, '2025-06-26', '2025-06-26 12:25:23'),
(371, 97, 348, 1600.00, 1800.00, '2025-06-26', 1, NULL, '2025-06-26 12:25:23'),
(372, 104, 207, 1600.00, 1600.00, '2025-06-26', 1, '2025-06-26', '2025-06-26 12:25:46'),
(373, 104, 267, 1600.00, 1600.00, '2025-06-26', 1, NULL, '2025-06-26 12:25:46'),
(374, 53, 344, 1600.00, 1600.00, '2025-06-26', 1, '2025-06-26', '2025-06-26 12:26:00'),
(375, 54, 345, 1600.00, 1600.00, '2025-06-26', 1, '2025-06-26', '2025-06-26 12:26:17'),
(376, 28, 341, 1600.00, 1600.00, '2025-06-26', 1, '2025-06-26', '2025-06-26 12:26:34'),
(377, 108, 355, 1600.00, 1600.00, '2025-06-26', 1, '2025-06-26', '2025-06-26 12:26:49'),
(378, 55, 346, 1600.00, 1600.00, '2025-06-26', 1, '2025-06-26', '2025-06-26 12:27:03'),
(379, 92, 314, 1600.00, 1600.00, '2025-06-26', 1, '2025-06-26', '2025-06-26 12:39:12'),
(380, 105, 352, 1600.00, 1600.00, '2025-06-26', 1, '2025-06-26', '2025-06-26 12:43:48'),
(381, 114, 301, 1600.00, 1500.00, '2025-07-04', 0, NULL, '2025-07-04 08:57:54'),
(382, 64, 357, 1600.00, 1600.00, '2025-07-04', 1, '2025-07-04', '2025-07-04 08:58:36'),
(383, 66, 245, 1600.00, 1600.00, '2025-07-04', 1, '2025-07-04', '2025-07-04 08:59:12'),
(384, 66, 294, 1600.00, 1600.00, '2025-07-04', 1, '2025-07-04', '2025-07-04 08:59:12'),
(385, 66, 358, 1600.00, 1600.00, '2025-07-04', 1, '2025-07-04', '2025-07-04 08:59:12'),
(386, 71, 299, 1600.00, 1600.00, '2025-07-04', 1, '2025-07-04', '2025-07-04 08:59:47'),
(387, 71, 362, 1600.00, 2200.00, '2025-07-04', 1, NULL, '2025-07-04 08:59:47'),
(388, 115, 365, 1600.00, 1600.00, '2025-07-04', 1, '2025-07-04', '2025-07-04 09:00:04'),
(389, 67, 295, 1600.00, 1600.00, '2025-07-04', 1, '2025-07-04', '2025-07-04 09:01:04'),
(390, 67, 359, 1600.00, 2200.00, '2025-07-04', 1, NULL, '2025-07-04 09:01:04'),
(391, 113, 300, 1600.00, 1600.00, '2025-07-04', 1, '2025-07-04', '2025-07-04 09:01:31'),
(392, 113, 363, 1600.00, 2200.00, '2025-07-04', 1, NULL, '2025-07-04 09:01:31'),
(393, 69, 360, 1600.00, 1600.00, '2025-07-04', 1, '2025-07-04', '2025-07-04 09:02:21'),
(394, 116, 366, 1600.00, 1600.00, '2025-07-04', 1, '2025-07-04', '2025-07-04 09:02:52'),
(395, 60, 371, 1600.00, 1600.00, '2025-07-04', 1, '2025-07-04', '2025-07-04 09:04:10'),
(396, 63, 312, 1600.00, 1600.00, '2025-07-04', 1, '2025-07-04', '2025-07-04 09:04:30'),
(397, 63, 374, 1600.00, 1900.00, '2025-07-04', 1, NULL, '2025-07-04 09:04:30'),
(398, 59, 370, 1600.00, 1600.00, '2025-07-04', 1, '2025-07-04', '2025-07-04 09:05:05'),
(399, 117, 387, 1600.00, 1600.00, '2025-07-04', 1, '2025-07-04', '2025-07-04 09:06:49'),
(400, 92, 376, 1600.00, 1600.00, '2025-07-04', 1, '2025-07-04', '2025-07-04 09:07:10'),
(401, 99, 381, 1600.00, 1600.00, '2025-07-04', 1, '2025-07-04', '2025-07-04 09:07:36'),
(402, 111, 322, 1600.00, 2000.00, '2025-07-04', 1, NULL, '2025-07-04 09:08:07'),
(403, 58, 369, 1600.00, 1600.00, '2025-07-04', 1, '2025-07-04', '2025-07-04 09:08:27'),
(404, 125, 388, 1600.00, 1600.00, '2025-07-04', 1, '2025-07-04', '2025-07-04 09:08:44'),
(405, 110, 288, 1600.00, 1800.00, '2025-07-04', 1, NULL, '2025-07-04 09:09:11'),
(406, 62, 279, 1600.00, 1600.00, '2025-07-04', 1, '2025-07-04', '2025-07-04 09:09:36'),
(407, 62, 311, 1600.00, 1600.00, '2025-07-04', 1, '2025-07-04', '2025-07-04 09:09:36'),
(408, 62, 373, 1600.00, 600.00, '2025-07-04', 0, NULL, '2025-07-04 09:09:36'),
(409, 109, 383, 1600.00, 1600.00, '2025-07-04', 1, '2025-07-04', '2025-07-04 09:10:01'),
(410, 61, 372, 1600.00, 1600.00, '2025-07-04', 1, '2025-07-04', '2025-07-04 09:10:20'),
(411, 57, 368, 1600.00, 1600.00, '2025-07-04', 1, '2025-07-04', '2025-07-04 09:10:41'),
(412, 93, 377, 1600.00, 1600.00, '2025-07-04', 1, '2025-07-04', '2025-07-04 09:10:58'),
(413, 94, 378, 1600.00, 1600.00, '2025-07-04', 1, '2025-07-04', '2025-07-04 09:11:18'),
(414, 112, 323, 1600.00, 1600.00, '2025-07-04', 1, '2025-07-04', '2025-07-04 09:11:47'),
(415, 112, 386, 1600.00, 800.00, '2025-07-04', 0, NULL, '2025-07-04 09:11:47'),
(416, 100, 173, 1600.00, 1200.00, '2025-07-04', 0, NULL, '2025-07-04 09:12:10'),
(417, 98, 284, 1600.00, 1600.00, '2025-07-04', 1, '2025-07-04', '2025-07-04 09:12:31'),
(418, 98, 380, 1600.00, 1600.00, '2025-07-04', 1, '2025-07-04', '2025-07-04 09:12:31'),
(419, 53, 392, 1600.00, 1600.00, '2025-07-04', 1, '2025-07-04', '2025-07-04 09:17:42'),
(420, 28, 389, 1600.00, 1600.00, '2025-07-04', 1, '2025-07-04', '2025-07-04 09:17:57'),
(421, 105, 400, 1600.00, 1600.00, '2025-07-04', 1, '2025-07-04', '2025-07-04 09:18:15'),
(422, 108, 403, 1600.00, 1600.00, '2025-07-04', 1, '2025-07-04', '2025-07-04 09:18:30'),
(423, 107, 354, 1600.00, 1600.00, '2025-07-04', 1, '2025-07-04', '2025-07-04 09:18:50'),
(424, 103, 350, 1600.00, 1600.00, '2025-07-04', 1, '2025-07-04', '2025-07-04 09:19:10'),
(425, 103, 398, 1600.00, 1600.00, '2025-07-04', 1, '2025-07-04', '2025-07-04 09:19:10'),
(426, 54, 393, 1600.00, 1600.00, '2025-07-04', 1, '2025-07-04', '2025-07-04 09:19:35'),
(427, 55, 394, 1600.00, 1600.00, '2025-07-04', 1, '2025-07-04', '2025-07-04 09:20:01'),
(428, 102, 397, 1600.00, 1600.00, '2025-07-04', 1, '2025-07-04', '2025-07-04 09:20:29'),
(429, 106, 353, 1600.00, 1600.00, '2025-07-04', 1, '2025-07-04', '2025-07-04 09:20:47'),
(430, 106, 401, 1600.00, 2200.00, '2025-07-04', 1, NULL, '2025-07-04 09:20:47'),
(431, 52, 343, 1600.00, 1600.00, '2025-07-04', 1, '2025-07-04', '2025-07-04 09:21:16');

-- --------------------------------------------------------

--
-- Table structure for table `enrollments`
--

CREATE TABLE `enrollments` (
  `id` int(11) NOT NULL,
  `student_id` int(11) DEFAULT NULL,
  `academic_year` int(11) NOT NULL,
  `program_id` int(11) DEFAULT NULL,
  `level_id` int(11) DEFAULT NULL,
  `enrolled_at` timestamp NOT NULL DEFAULT current_timestamp()
) ENGINE=InnoDB DEFAULT CHARSET=utf8mb4 COLLATE=utf8mb4_general_ci;

--
-- Dumping data for table `enrollments`
--

INSERT INTO `enrollments` (`id`, `student_id`, `academic_year`, `program_id`, `level_id`, `enrolled_at`) VALUES
(28, 28, 2025, 1, 3, '2025-05-06 14:21:31'),
(29, 51, 2025, 1, 3, '2025-05-06 14:22:01'),
(30, 52, 2025, 1, 3, '2025-05-06 14:22:17'),
(31, 53, 2025, 1, 3, '2025-05-09 12:56:21'),
(32, 54, 2025, 1, 3, '2025-05-09 12:57:00'),
(33, 55, 2025, 1, 3, '2025-05-09 12:57:23'),
(34, 96, 2025, 1, 3, '2025-05-09 12:57:46'),
(35, 56, 2025, 1, 2, '2025-05-09 12:58:02'),
(36, 57, 2025, 1, 2, '2025-05-09 12:58:19'),
(37, 58, 2025, 1, 2, '2025-05-09 12:58:42'),
(38, 59, 2025, 1, 2, '2025-05-09 12:58:58'),
(39, 60, 2025, 1, 2, '2025-05-09 12:59:44'),
(40, 61, 2025, 1, 2, '2025-05-09 12:59:59'),
(41, 62, 2025, 1, 2, '2025-05-09 13:00:16'),
(42, 63, 2025, 1, 2, '2025-05-09 13:00:40'),
(43, 91, 2025, 1, 2, '2025-05-09 13:01:06'),
(44, 92, 2025, 1, 2, '2025-05-09 13:01:25'),
(46, 94, 2025, 1, 2, '2025-05-09 13:02:05'),
(47, 95, 2025, 1, 2, '2025-05-09 13:02:24'),
(48, 64, 2025, 1, 1, '2025-05-09 13:02:45'),
(49, 65, 2025, 1, 1, '2025-05-09 13:03:20'),
(50, 66, 2025, 1, 1, '2025-05-09 13:03:34'),
(51, 67, 2025, 1, 1, '2025-05-09 13:03:50'),
(52, 68, 2025, 1, 1, '2025-05-09 13:04:13'),
(53, 69, 2025, 1, 1, '2025-05-09 13:04:32'),
(54, 70, 2025, 1, 1, '2025-05-09 13:04:49'),
(55, 71, 2025, 1, 1, '2025-05-09 13:05:14'),
(57, 97, 2025, 1, 3, '2025-05-10 10:11:22'),
(58, 93, 2025, 1, 2, '2025-05-10 11:56:09'),
(59, 98, 2025, 1, 2, '2025-05-10 12:25:37'),
(60, 99, 2025, 1, 2, '2025-05-10 12:27:13'),
(61, 102, 2025, 1, 3, '2025-05-26 06:41:06'),
(62, 103, 2025, 1, 3, '2025-05-26 06:41:31'),
(63, 105, 2025, 1, 3, '2025-05-26 06:42:30'),
(64, 106, 2025, 1, 3, '2025-05-26 06:42:52'),
(65, 107, 2025, 1, 3, '2025-05-26 06:44:06'),
(66, 108, 2025, 1, 3, '2025-05-26 06:44:30'),
(67, 100, 2025, 1, 2, '2025-05-26 06:56:13'),
(68, 101, 2025, 1, 3, '2025-05-26 06:56:46'),
(69, 109, 2025, 1, 2, '2025-05-26 06:57:03'),
(70, 104, 2025, 1, 3, '2025-05-26 07:23:51'),
(71, 110, 2025, 1, 2, '2025-05-26 07:26:41'),
(72, 111, 2025, 1, 2, '2025-05-26 07:27:03'),
(73, 112, 2025, 1, 2, '2025-05-26 07:27:21'),
(74, 116, 2025, 1, 1, '2025-05-26 07:27:49'),
(75, 115, 2025, 1, 1, '2025-05-26 07:28:02'),
(76, 114, 2025, 1, 1, '2025-05-26 07:28:18'),
(77, 113, 2025, 1, 1, '2025-05-26 07:28:33'),
(79, 117, 2025, 1, 2, '2025-06-19 10:52:35'),
(80, 125, 2025, 1, 2, '2025-06-19 13:42:25'),
(81, 118, 2025, 1, 1, '2025-06-20 08:45:20'),
(82, 121, 2025, 1, 1, '2025-06-20 08:45:41'),
(83, 122, 2025, 1, 1, '2025-06-20 08:46:06'),
(84, 123, 2025, 1, 1, '2025-06-20 08:46:26'),
(85, 124, 2025, 1, 1, '2025-06-20 08:46:49'),
(86, 126, 2025, 1, 2, '2025-06-20 12:49:58'),
(87, 128, 2025, 1, 3, '2025-06-20 14:12:31'),
(88, 133, 2025, 1, 1, '2025-06-26 10:54:56');

-- --------------------------------------------------------

--
-- Table structure for table `expenses`
--

CREATE TABLE `expenses` (
  `id` int(11) NOT NULL,
  `expense_date` date DEFAULT NULL,
  `amount` decimal(10,2) NOT NULL,
  `category` enum('Meals','Stationery','Lecturer Allowance','Fuel','Center Clerk','Airtime','Other') NOT NULL,
  `description` text DEFAULT NULL,
  `payee` varchar(100) DEFAULT NULL,
  `payment_mode` enum('Cash','MPESA') NOT NULL,
  `mpesa_code` varchar(20) DEFAULT NULL,
  `created_by` int(11) DEFAULT NULL,
  `created_at` timestamp NOT NULL DEFAULT current_timestamp(),
  `updated_at` datetime DEFAULT NULL,
  `updated_by` int(11) DEFAULT NULL,
  `deleted_at` datetime DEFAULT NULL,
  `deleted_by` int(11) DEFAULT NULL
) ENGINE=InnoDB DEFAULT CHARSET=utf8mb4 COLLATE=utf8mb4_general_ci;

-- --------------------------------------------------------

--
-- Table structure for table `graduation_clearance`
--

CREATE TABLE `graduation_clearance` (
  `id` int(11) NOT NULL,
  `student_id` int(11) NOT NULL,
  `reg_number` varchar(50) NOT NULL,
  `full_name` varchar(150) NOT NULL,
  `phone_number` varchar(12) NOT NULL,
  `level_id` int(11) NOT NULL,
  `graduation_event_id` int(11) NOT NULL,
  `cleared_at` timestamp NOT NULL DEFAULT current_timestamp(),
  `cleared_by` int(11) DEFAULT NULL,
  `notes` text DEFAULT NULL
) ENGINE=InnoDB DEFAULT CHARSET=utf8mb4 COLLATE=utf8mb4_general_ci;

-- --------------------------------------------------------

--
-- Table structure for table `graduation_events`
--

CREATE TABLE `graduation_events` (
  `id` int(11) NOT NULL,
  `name` varchar(100) NOT NULL,
  `event_date` date NOT NULL,
  `description` text DEFAULT NULL,
  `created_at` timestamp NOT NULL DEFAULT current_timestamp(),
  `created_by` int(11) DEFAULT NULL
) ENGINE=InnoDB DEFAULT CHARSET=utf8mb4 COLLATE=utf8mb4_general_ci;

-- --------------------------------------------------------

--
-- Table structure for table `invoices`
--

CREATE TABLE `invoices` (
  `id` int(11) NOT NULL,
  `student_id` int(11) DEFAULT NULL,
  `session_id` int(11) DEFAULT NULL,
  `amount_due` decimal(10,2) NOT NULL,
  `invoice_date` timestamp NOT NULL DEFAULT current_timestamp()
) ENGINE=InnoDB DEFAULT CHARSET=utf8mb4 COLLATE=utf8mb4_general_ci;

--
-- Dumping data for table `invoices`
--

INSERT INTO `invoices` (`id`, `student_id`, `session_id`, `amount_due`, `invoice_date`) VALUES
(39, 64, 12, 1600.00, '2025-05-28 15:21:32'),
(40, 66, 12, 1600.00, '2025-05-28 15:21:32'),
(41, 67, 12, 1600.00, '2025-05-28 15:21:32'),
(42, 69, 12, 1600.00, '2025-05-28 15:21:32'),
(43, 70, 12, 1600.00, '2025-05-28 15:21:32'),
(44, 71, 12, 1600.00, '2025-05-28 15:21:32'),
(45, 113, 12, 1600.00, '2025-05-28 15:21:32'),
(46, 114, 12, 1600.00, '2025-05-28 15:21:32'),
(47, 115, 12, 1600.00, '2025-05-28 15:21:32'),
(48, 116, 12, 1600.00, '2025-05-28 15:21:32'),
(49, 72, NULL, 500.00, '2025-06-18 14:09:24'),
(50, 62, NULL, 500.00, '2025-06-18 14:22:32'),
(51, 64, NULL, 500.00, '2025-06-18 14:22:32'),
(52, 65, NULL, 500.00, '2025-06-18 14:22:32'),
(53, 66, NULL, 500.00, '2025-06-18 14:22:32'),
(54, 67, NULL, 500.00, '2025-06-18 14:22:32'),
(55, 68, NULL, 500.00, '2025-06-18 14:22:32'),
(56, 69, NULL, 500.00, '2025-06-18 14:22:32'),
(57, 70, NULL, 500.00, '2025-06-18 14:22:32'),
(58, 71, NULL, 500.00, '2025-06-18 14:22:32'),
(59, 93, NULL, 500.00, '2025-06-18 14:22:32'),
(60, 101, NULL, 500.00, '2025-06-18 14:22:32'),
(61, 106, NULL, 500.00, '2025-06-18 14:22:32'),
(62, 109, NULL, 500.00, '2025-06-18 14:22:32'),
(63, 110, NULL, 500.00, '2025-06-18 14:22:32'),
(64, 113, NULL, 500.00, '2025-06-18 14:22:32'),
(65, 114, NULL, 500.00, '2025-06-18 14:22:32'),
(66, 115, NULL, 500.00, '2025-06-18 14:22:32'),
(67, 116, NULL, 500.00, '2025-06-18 14:22:32'),
(81, 28, 13, 1600.00, '2025-06-19 09:08:10'),
(82, 96, 13, 1600.00, '2025-06-19 09:08:10'),
(83, 51, 13, 1600.00, '2025-06-19 09:08:10'),
(84, 52, 13, 1600.00, '2025-06-19 09:08:10'),
(85, 108, 13, 1600.00, '2025-06-19 09:08:10'),
(86, 103, 13, 1600.00, '2025-06-19 09:08:10'),
(87, 105, 13, 1600.00, '2025-06-19 09:08:10'),
(88, 53, 13, 1600.00, '2025-06-19 09:08:10'),
(89, 104, 13, 1600.00, '2025-06-19 09:08:10'),
(90, 55, 13, 1600.00, '2025-06-19 09:08:10'),
(91, 102, 13, 1600.00, '2025-06-19 09:08:10'),
(92, 56, 14, 1600.00, '2025-06-19 10:33:28'),
(93, 57, 14, 1600.00, '2025-06-19 10:33:28'),
(94, 58, 14, 1600.00, '2025-06-19 10:33:28'),
(95, 59, 14, 1600.00, '2025-06-19 10:33:28'),
(96, 60, 14, 1600.00, '2025-06-19 10:33:28'),
(97, 61, 14, 1600.00, '2025-06-19 10:33:28'),
(98, 62, 14, 1600.00, '2025-06-19 10:33:28'),
(99, 63, 14, 1600.00, '2025-06-19 10:33:28'),
(100, 91, 14, 1600.00, '2025-06-19 10:33:28'),
(101, 92, 14, 1600.00, '2025-06-19 10:33:28'),
(102, 93, 14, 1600.00, '2025-06-19 10:33:28'),
(103, 94, 14, 1600.00, '2025-06-19 10:33:28'),
(104, 95, 14, 1600.00, '2025-06-19 10:33:28'),
(105, 98, 14, 1600.00, '2025-06-19 10:33:28'),
(106, 99, 14, 1600.00, '2025-06-19 10:33:28'),
(107, 100, 14, 1600.00, '2025-06-19 10:33:28'),
(108, 109, 14, 1600.00, '2025-06-19 10:33:28'),
(109, 110, 14, 1600.00, '2025-06-19 10:33:28'),
(110, 111, 14, 1600.00, '2025-06-19 10:33:28'),
(111, 112, 14, 1600.00, '2025-06-19 10:33:28'),
(112, 117, 14, 1600.00, '2025-06-19 13:42:57'),
(113, 125, 14, 1600.00, '2025-06-19 13:42:57'),
(114, 66, 15, 1600.00, '2025-06-20 08:44:07'),
(115, 67, 15, 1600.00, '2025-06-20 08:44:07'),
(116, 68, 15, 1600.00, '2025-06-20 08:44:07'),
(117, 70, 15, 1600.00, '2025-06-20 08:44:07'),
(118, 113, 15, 1600.00, '2025-06-20 08:44:07'),
(119, 116, 15, 1600.00, '2025-06-20 08:44:07'),
(120, 118, NULL, 500.00, '2025-06-20 08:45:20'),
(121, 121, NULL, 500.00, '2025-06-20 08:45:41'),
(122, 122, NULL, 500.00, '2025-06-20 08:46:06'),
(123, 123, NULL, 500.00, '2025-06-20 08:46:26'),
(124, 124, NULL, 500.00, '2025-06-20 08:46:49'),
(125, 118, 15, 1600.00, '2025-06-20 08:47:32'),
(126, 121, 15, 1600.00, '2025-06-20 08:47:32'),
(127, 122, 15, 1600.00, '2025-06-20 08:47:32'),
(128, 123, 15, 1600.00, '2025-06-20 08:47:32'),
(129, 124, 15, 1600.00, '2025-06-20 08:47:32'),
(130, 56, 16, 1600.00, '2025-06-20 09:29:00'),
(131, 57, 16, 1600.00, '2025-06-20 09:29:00'),
(132, 58, 16, 1600.00, '2025-06-20 09:29:00'),
(133, 59, 16, 1600.00, '2025-06-20 09:29:00'),
(134, 60, 16, 1600.00, '2025-06-20 09:29:00'),
(135, 61, 16, 1600.00, '2025-06-20 09:29:00'),
(136, 62, 16, 1600.00, '2025-06-20 09:29:00'),
(137, 63, 16, 1600.00, '2025-06-20 09:29:00'),
(138, 92, 16, 1600.00, '2025-06-20 09:29:00'),
(139, 94, 16, 1600.00, '2025-06-20 09:29:00'),
(140, 95, 16, 1600.00, '2025-06-20 09:29:00'),
(141, 98, 16, 1600.00, '2025-06-20 09:29:00'),
(142, 99, 16, 1600.00, '2025-06-20 09:29:00'),
(143, 100, 16, 1600.00, '2025-06-20 09:29:00'),
(144, 109, 16, 1600.00, '2025-06-20 09:29:00'),
(145, 110, 16, 1600.00, '2025-06-20 09:29:00'),
(146, 111, 16, 1600.00, '2025-06-20 09:29:00'),
(147, 112, 16, 1600.00, '2025-06-20 09:29:00'),
(148, 117, 16, 1600.00, '2025-06-20 09:29:00'),
(149, 125, 16, 1600.00, '2025-06-20 09:29:00'),
(150, 66, 17, 1600.00, '2025-06-20 12:36:09'),
(151, 67, 17, 1600.00, '2025-06-20 12:36:09'),
(152, 68, 17, 1600.00, '2025-06-20 12:36:09'),
(153, 70, 17, 1600.00, '2025-06-20 12:36:09'),
(154, 113, 17, 1600.00, '2025-06-20 12:36:09'),
(155, 114, 17, 1600.00, '2025-06-20 12:36:09'),
(156, 115, 17, 1600.00, '2025-06-20 12:36:09'),
(157, 116, 17, 1600.00, '2025-06-20 12:36:09'),
(158, 118, 17, 1600.00, '2025-06-20 12:36:09'),
(159, 122, 17, 1600.00, '2025-06-20 12:36:09'),
(160, 56, 18, 1600.00, '2025-06-20 12:46:44'),
(161, 57, 18, 1600.00, '2025-06-20 12:46:44'),
(162, 58, 18, 1600.00, '2025-06-20 12:46:44'),
(163, 59, 18, 1600.00, '2025-06-20 12:46:44'),
(164, 60, 18, 1600.00, '2025-06-20 12:46:44'),
(165, 61, 18, 1600.00, '2025-06-20 12:46:44'),
(166, 62, 18, 1600.00, '2025-06-20 12:46:44'),
(167, 91, 18, 1600.00, '2025-06-20 12:46:44'),
(168, 92, 18, 1600.00, '2025-06-20 12:46:44'),
(169, 94, 18, 1600.00, '2025-06-20 12:46:44'),
(170, 95, 18, 1600.00, '2025-06-20 12:46:44'),
(171, 98, 18, 1600.00, '2025-06-20 12:46:44'),
(172, 99, 18, 1600.00, '2025-06-20 12:46:44'),
(173, 100, 18, 1600.00, '2025-06-20 12:46:44'),
(174, 109, 18, 1600.00, '2025-06-20 12:46:44'),
(175, 110, 18, 1600.00, '2025-06-20 12:46:44'),
(176, 111, 18, 1600.00, '2025-06-20 12:46:44'),
(177, 112, 18, 1600.00, '2025-06-20 12:46:44'),
(178, 117, 18, 1600.00, '2025-06-20 12:46:44'),
(179, 125, 18, 1600.00, '2025-06-20 12:46:44'),
(180, 126, 18, 1600.00, '2025-06-20 12:50:20'),
(181, 28, 19, 1600.00, '2025-06-20 14:09:12'),
(182, 51, 19, 1600.00, '2025-06-20 14:09:12'),
(183, 52, 19, 1600.00, '2025-06-20 14:09:12'),
(184, 53, 19, 1600.00, '2025-06-20 14:09:12'),
(185, 55, 19, 1600.00, '2025-06-20 14:09:12'),
(186, 96, 19, 1600.00, '2025-06-20 14:09:12'),
(187, 97, 19, 1600.00, '2025-06-20 14:09:12'),
(188, 102, 19, 1600.00, '2025-06-20 14:09:12'),
(189, 103, 19, 1600.00, '2025-06-20 14:09:12'),
(190, 104, 19, 1600.00, '2025-06-20 14:09:12'),
(191, 105, 19, 1600.00, '2025-06-20 14:09:12'),
(192, 106, 19, 1600.00, '2025-06-20 14:09:12'),
(193, 107, 19, 1600.00, '2025-06-20 14:09:12'),
(194, 108, 19, 1600.00, '2025-06-20 14:09:12'),
(195, 101, 19, 1600.00, '2025-06-20 14:09:12'),
(196, 128, 19, 1600.00, '2025-06-20 14:12:46'),
(197, 28, 20, 1600.00, '2025-06-26 07:36:42'),
(198, 51, 20, 1600.00, '2025-06-26 07:36:42'),
(199, 52, 20, 1600.00, '2025-06-26 07:36:42'),
(200, 53, 20, 1600.00, '2025-06-26 07:36:42'),
(201, 54, 20, 1600.00, '2025-06-26 07:36:42'),
(202, 55, 20, 1600.00, '2025-06-26 07:36:42'),
(203, 96, 20, 1600.00, '2025-06-26 07:36:42'),
(204, 97, 20, 1600.00, '2025-06-26 07:36:42'),
(205, 102, 20, 1600.00, '2025-06-26 07:36:42'),
(206, 103, 20, 1600.00, '2025-06-26 07:36:42'),
(207, 104, 20, 1600.00, '2025-06-26 07:36:42'),
(208, 105, 20, 1600.00, '2025-06-26 07:36:42'),
(209, 106, 20, 1600.00, '2025-06-26 07:36:42'),
(210, 107, 20, 1600.00, '2025-06-26 07:36:42'),
(211, 108, 20, 1600.00, '2025-06-26 07:36:42'),
(212, 101, 20, 1600.00, '2025-06-26 07:36:42'),
(213, 64, 21, 1600.00, '2025-06-26 08:20:04'),
(214, 66, 21, 1600.00, '2025-06-26 08:20:04'),
(215, 67, 21, 1600.00, '2025-06-26 08:20:04'),
(216, 68, 21, 1600.00, '2025-06-26 08:20:04'),
(217, 69, 21, 1600.00, '2025-06-26 08:20:04'),
(218, 70, 21, 1600.00, '2025-06-26 08:20:04'),
(219, 114, 21, 1600.00, '2025-06-26 08:20:04'),
(220, 115, 21, 1600.00, '2025-06-26 08:20:04'),
(221, 116, 21, 1600.00, '2025-06-26 08:20:04'),
(222, 118, 21, 1600.00, '2025-06-26 08:20:04'),
(223, 122, 21, 1600.00, '2025-06-26 08:20:04'),
(224, 56, 22, 1600.00, '2025-06-26 08:32:12'),
(225, 57, 22, 1600.00, '2025-06-26 08:32:12'),
(226, 58, 22, 1600.00, '2025-06-26 08:32:12'),
(227, 59, 22, 1600.00, '2025-06-26 08:32:12'),
(228, 60, 22, 1600.00, '2025-06-26 08:32:12'),
(229, 62, 22, 1600.00, '2025-06-26 08:32:12'),
(230, 63, 22, 1600.00, '2025-06-26 08:32:12'),
(231, 91, 22, 1600.00, '2025-06-26 08:32:12'),
(232, 92, 22, 1600.00, '2025-06-26 08:32:12'),
(233, 94, 22, 1600.00, '2025-06-26 08:32:12'),
(234, 95, 22, 1600.00, '2025-06-26 08:32:12'),
(235, 98, 22, 1600.00, '2025-06-26 08:32:12'),
(236, 99, 22, 1600.00, '2025-06-26 08:32:12'),
(237, 100, 22, 1600.00, '2025-06-26 08:32:12'),
(238, 109, 22, 1600.00, '2025-06-26 08:32:12'),
(239, 110, 22, 1600.00, '2025-06-26 08:32:12'),
(240, 111, 22, 1600.00, '2025-06-26 08:32:12'),
(241, 112, 22, 1600.00, '2025-06-26 08:32:12'),
(242, 117, 22, 1600.00, '2025-06-26 08:32:12'),
(243, 125, 22, 1600.00, '2025-06-26 08:32:12'),
(244, 64, 23, 1600.00, '2025-06-26 10:40:49'),
(245, 66, 23, 1600.00, '2025-06-26 10:40:49'),
(246, 67, 23, 1600.00, '2025-06-26 10:40:49'),
(247, 68, 23, 1600.00, '2025-06-26 10:40:49'),
(248, 69, 23, 1600.00, '2025-06-26 10:40:49'),
(249, 70, 23, 1600.00, '2025-06-26 10:40:49'),
(250, 71, 23, 1600.00, '2025-06-26 10:40:49'),
(251, 113, 23, 1600.00, '2025-06-26 10:40:49'),
(252, 114, 23, 1600.00, '2025-06-26 10:40:49'),
(253, 115, 23, 1600.00, '2025-06-26 10:40:49'),
(254, 116, 23, 1600.00, '2025-06-26 10:40:49'),
(255, 122, 23, 1600.00, '2025-06-26 10:40:49'),
(256, 133, 23, 1600.00, '2025-06-26 10:56:09'),
(257, 28, 25, 1600.00, '2025-06-26 11:11:54'),
(258, 51, 25, 1600.00, '2025-06-26 11:11:54'),
(259, 52, 25, 1600.00, '2025-06-26 11:11:54'),
(260, 53, 25, 1600.00, '2025-06-26 11:11:54'),
(261, 54, 25, 1600.00, '2025-06-26 11:11:54'),
(262, 55, 25, 1600.00, '2025-06-26 11:11:54'),
(263, 96, 25, 1600.00, '2025-06-26 11:11:54'),
(264, 97, 25, 1600.00, '2025-06-26 11:11:54'),
(265, 102, 25, 1600.00, '2025-06-26 11:11:54'),
(266, 103, 25, 1600.00, '2025-06-26 11:11:54'),
(267, 104, 25, 1600.00, '2025-06-26 11:11:54'),
(268, 105, 25, 1600.00, '2025-06-26 11:11:54'),
(269, 106, 25, 1600.00, '2025-06-26 11:11:54'),
(270, 108, 25, 1600.00, '2025-06-26 11:11:54'),
(271, 101, 25, 1600.00, '2025-06-26 11:11:54'),
(272, 128, 25, 1600.00, '2025-06-26 11:11:54'),
(273, 56, 24, 1600.00, '2025-06-26 11:13:45'),
(274, 57, 24, 1600.00, '2025-06-26 11:13:45'),
(275, 58, 24, 1600.00, '2025-06-26 11:13:45'),
(276, 59, 24, 1600.00, '2025-06-26 11:13:45'),
(277, 60, 24, 1600.00, '2025-06-26 11:13:45'),
(278, 61, 24, 1600.00, '2025-06-26 11:13:45'),
(279, 62, 24, 1600.00, '2025-06-26 11:13:45'),
(280, 63, 24, 1600.00, '2025-06-26 11:13:45'),
(281, 92, 24, 1600.00, '2025-06-26 11:13:45'),
(282, 94, 24, 1600.00, '2025-06-26 11:13:45'),
(283, 95, 24, 1600.00, '2025-06-26 11:13:45'),
(284, 98, 24, 1600.00, '2025-06-26 11:13:45'),
(285, 99, 24, 1600.00, '2025-06-26 11:13:45'),
(286, 100, 24, 1600.00, '2025-06-26 11:13:45'),
(287, 109, 24, 1600.00, '2025-06-26 11:13:45'),
(288, 110, 24, 1600.00, '2025-06-26 11:13:45'),
(289, 111, 24, 1600.00, '2025-06-26 11:13:45'),
(290, 112, 24, 1600.00, '2025-06-26 11:13:45'),
(291, 117, 24, 1600.00, '2025-06-26 11:13:45'),
(292, 125, 24, 1600.00, '2025-06-26 11:13:45'),
(293, 64, 26, 1600.00, '2025-06-26 11:33:21'),
(294, 66, 26, 1600.00, '2025-06-26 11:33:21'),
(295, 67, 26, 1600.00, '2025-06-26 11:33:21'),
(296, 68, 26, 1600.00, '2025-06-26 11:33:21'),
(297, 69, 26, 1600.00, '2025-06-26 11:33:21'),
(298, 70, 26, 1600.00, '2025-06-26 11:33:21'),
(299, 71, 26, 1600.00, '2025-06-26 11:33:21'),
(300, 113, 26, 1600.00, '2025-06-26 11:33:21'),
(301, 114, 26, 1600.00, '2025-06-26 11:33:21'),
(302, 115, 26, 1600.00, '2025-06-26 11:33:21'),
(303, 116, 26, 1600.00, '2025-06-26 11:33:21'),
(304, 123, 26, 1600.00, '2025-06-26 11:33:21'),
(305, 56, 27, 1600.00, '2025-06-26 11:50:05'),
(306, 57, 27, 1600.00, '2025-06-26 11:50:05'),
(307, 58, 27, 1600.00, '2025-06-26 11:50:05'),
(308, 59, 27, 1600.00, '2025-06-26 11:50:05'),
(309, 60, 27, 1600.00, '2025-06-26 11:50:05'),
(310, 61, 27, 1600.00, '2025-06-26 11:50:05'),
(311, 62, 27, 1600.00, '2025-06-26 11:50:05'),
(312, 63, 27, 1600.00, '2025-06-26 11:50:05'),
(313, 91, 27, 1600.00, '2025-06-26 11:50:05'),
(314, 92, 27, 1600.00, '2025-06-26 11:50:05'),
(315, 93, 27, 1600.00, '2025-06-26 11:50:05'),
(316, 94, 27, 1600.00, '2025-06-26 11:50:05'),
(317, 95, 27, 1600.00, '2025-06-26 11:50:05'),
(318, 99, 27, 1600.00, '2025-06-26 11:50:05'),
(319, 100, 27, 1600.00, '2025-06-26 11:50:05'),
(320, 109, 27, 1600.00, '2025-06-26 11:50:05'),
(321, 110, 27, 1600.00, '2025-06-26 11:50:05'),
(322, 111, 27, 1600.00, '2025-06-26 11:50:05'),
(323, 112, 27, 1600.00, '2025-06-26 11:50:05'),
(324, 117, 27, 1600.00, '2025-06-26 11:50:05'),
(325, 125, 27, 1600.00, '2025-06-26 11:50:05'),
(326, 28, 28, 1600.00, '2025-06-26 12:00:41'),
(327, 51, 28, 1600.00, '2025-06-26 12:00:41'),
(328, 52, 28, 1600.00, '2025-06-26 12:00:41'),
(329, 53, 28, 1600.00, '2025-06-26 12:00:41'),
(330, 54, 28, 1600.00, '2025-06-26 12:00:41'),
(331, 55, 28, 1600.00, '2025-06-26 12:00:41'),
(332, 97, 28, 1600.00, '2025-06-26 12:00:41'),
(333, 102, 28, 1600.00, '2025-06-26 12:00:41'),
(334, 103, 28, 1600.00, '2025-06-26 12:00:41'),
(335, 104, 28, 1600.00, '2025-06-26 12:00:41'),
(336, 105, 28, 1600.00, '2025-06-26 12:00:41'),
(337, 106, 28, 1600.00, '2025-06-26 12:00:41'),
(338, 107, 28, 1600.00, '2025-06-26 12:00:41'),
(339, 108, 28, 1600.00, '2025-06-26 12:00:41'),
(340, 101, 28, 1600.00, '2025-06-26 12:00:41'),
(341, 28, 29, 1600.00, '2025-06-26 12:11:01'),
(342, 51, 29, 1600.00, '2025-06-26 12:11:01'),
(343, 52, 29, 1600.00, '2025-06-26 12:11:01'),
(344, 53, 29, 1600.00, '2025-06-26 12:11:01'),
(345, 54, 29, 1600.00, '2025-06-26 12:11:01'),
(346, 55, 29, 1600.00, '2025-06-26 12:11:01'),
(347, 96, 29, 1600.00, '2025-06-26 12:11:01'),
(348, 97, 29, 1600.00, '2025-06-26 12:11:01'),
(349, 102, 29, 1600.00, '2025-06-26 12:11:01'),
(350, 103, 29, 1600.00, '2025-06-26 12:11:01'),
(351, 104, 29, 1600.00, '2025-06-26 12:11:01'),
(352, 105, 29, 1600.00, '2025-06-26 12:11:01'),
(353, 106, 29, 1600.00, '2025-06-26 12:11:01'),
(354, 107, 29, 1600.00, '2025-06-26 12:11:01'),
(355, 108, 29, 1600.00, '2025-06-26 12:11:01'),
(356, 101, 29, 1600.00, '2025-06-26 12:11:01'),
(357, 64, 30, 1600.00, '2025-07-04 08:46:37'),
(358, 66, 30, 1600.00, '2025-07-04 08:46:37'),
(359, 67, 30, 1600.00, '2025-07-04 08:46:37'),
(360, 69, 30, 1600.00, '2025-07-04 08:46:37'),
(361, 70, 30, 1600.00, '2025-07-04 08:46:37'),
(362, 71, 30, 1600.00, '2025-07-04 08:46:37'),
(363, 113, 30, 1600.00, '2025-07-04 08:46:37'),
(364, 114, 30, 1600.00, '2025-07-04 08:46:37'),
(365, 115, 30, 1600.00, '2025-07-04 08:46:37'),
(366, 116, 30, 1600.00, '2025-07-04 08:46:37'),
(367, 56, 31, 1600.00, '2025-07-04 08:56:45'),
(368, 57, 31, 1600.00, '2025-07-04 08:56:45'),
(369, 58, 31, 1600.00, '2025-07-04 08:56:45'),
(370, 59, 31, 1600.00, '2025-07-04 08:56:45'),
(371, 60, 31, 1600.00, '2025-07-04 08:56:45'),
(372, 61, 31, 1600.00, '2025-07-04 08:56:45'),
(373, 62, 31, 1600.00, '2025-07-04 08:56:45'),
(374, 63, 31, 1600.00, '2025-07-04 08:56:45'),
(375, 91, 31, 1600.00, '2025-07-04 08:56:45'),
(376, 92, 31, 1600.00, '2025-07-04 08:56:45'),
(377, 93, 31, 1600.00, '2025-07-04 08:56:45'),
(378, 94, 31, 1600.00, '2025-07-04 08:56:45'),
(379, 95, 31, 1600.00, '2025-07-04 08:56:45'),
(380, 98, 31, 1600.00, '2025-07-04 08:56:45'),
(381, 99, 31, 1600.00, '2025-07-04 08:56:45'),
(382, 100, 31, 1600.00, '2025-07-04 08:56:45'),
(383, 109, 31, 1600.00, '2025-07-04 08:56:45'),
(384, 110, 31, 1600.00, '2025-07-04 08:56:45'),
(385, 111, 31, 1600.00, '2025-07-04 08:56:45'),
(386, 112, 31, 1600.00, '2025-07-04 08:56:45'),
(387, 117, 31, 1600.00, '2025-07-04 08:56:45'),
(388, 125, 31, 1600.00, '2025-07-04 08:56:45'),
(389, 28, 32, 1600.00, '2025-07-04 09:17:10'),
(390, 51, 32, 1600.00, '2025-07-04 09:17:10'),
(391, 52, 32, 1600.00, '2025-07-04 09:17:10'),
(392, 53, 32, 1600.00, '2025-07-04 09:17:10'),
(393, 54, 32, 1600.00, '2025-07-04 09:17:10'),
(394, 55, 32, 1600.00, '2025-07-04 09:17:10'),
(395, 96, 32, 1600.00, '2025-07-04 09:17:10'),
(396, 97, 32, 1600.00, '2025-07-04 09:17:10'),
(397, 102, 32, 1600.00, '2025-07-04 09:17:10'),
(398, 103, 32, 1600.00, '2025-07-04 09:17:10'),
(399, 104, 32, 1600.00, '2025-07-04 09:17:10'),
(400, 105, 32, 1600.00, '2025-07-04 09:17:10'),
(401, 106, 32, 1600.00, '2025-07-04 09:17:10'),
(402, 107, 32, 1600.00, '2025-07-04 09:17:10'),
(403, 108, 32, 1600.00, '2025-07-04 09:17:10'),
(404, 101, 32, 1600.00, '2025-07-04 09:17:10');

-- --------------------------------------------------------

--
-- Table structure for table `lecturers`
--

CREATE TABLE `lecturers` (
  `id` int(11) NOT NULL,
  `title` varchar(20) DEFAULT NULL,
  `full_name` varchar(150) NOT NULL,
  `phone_number` varchar(12) NOT NULL CHECK (`phone_number` regexp '^[0-9]{4} [0-9]{6}$')
) ENGINE=InnoDB DEFAULT CHARSET=utf8mb4 COLLATE=utf8mb4_general_ci;

--
-- Dumping data for table `lecturers`
--

INSERT INTO `lecturers` (`id`, `title`, `full_name`, `phone_number`) VALUES
(9, 'Rev', 'Abel Opunga', '0725 106016'),
(10, 'Rev', 'Grace Malinda', '0725 532728'),
(11, 'Bishop', 'John Maitu', '0722 756938'),
(12, 'Rev', 'Kefa Onsando', '0722 802978'),
(13, 'Rev', 'Olive Gicia', '0727 844915'),
(14, 'Mr', 'Phillip Otieno', '0700 010000'),
(15, 'Rev', 'Simon Njagi', '0700 011000'),
(16, 'Mr', 'David Njiri', '0700 100100'),
(17, 'Mr', 'David Njuguna', '0700 101101'),
(18, 'Pastor', 'Mary Churu', '0715 842220'),
(19, 'Pastor', 'Deborah Mukabane', '0722 631076'),
(20, 'Bishop', 'Jonathan Mumo', '0720 665646'),
(21, 'Mr', 'George Kamau', '0700 110100'),
(22, 'Mrs', 'Alice Waituka', '0700 111000'),
(23, 'Mr', 'Harry Randa', '0700 011010');

-- --------------------------------------------------------

--
-- Table structure for table `levels`
--

CREATE TABLE `levels` (
  `id` int(11) NOT NULL,
  `program_id` int(11) DEFAULT NULL,
  `name` varchar(50) NOT NULL,
  `sequence` int(11) NOT NULL
) ENGINE=InnoDB DEFAULT CHARSET=utf8mb4 COLLATE=utf8mb4_general_ci;

--
-- Dumping data for table `levels`
--

INSERT INTO `levels` (`id`, `program_id`, `name`, `sequence`) VALUES
(1, 1, 'Certificate', 1),
(2, 1, 'Associate Diploma', 2),
(3, 1, 'Diploma', 3);

-- --------------------------------------------------------

--
-- Table structure for table `marks`
--

CREATE TABLE `marks` (
  `id` int(11) NOT NULL,
  `marks_upload_id` int(11) DEFAULT NULL,
  `student_id` int(11) NOT NULL,
  `unit_id` int(11) NOT NULL,
  `mark` decimal(5,2) NOT NULL CHECK (`mark` between 0 and 100),
  `recorded_date` date NOT NULL,
  `created_at` timestamp NOT NULL DEFAULT current_timestamp(),
  `created_by` int(11) DEFAULT NULL,
  `updated_at` timestamp NULL DEFAULT NULL,
  `updated_by` int(11) DEFAULT NULL,
  `deleted_at` timestamp NULL DEFAULT NULL,
  `deleted_by` int(11) DEFAULT NULL
) ENGINE=InnoDB DEFAULT CHARSET=utf8mb4 COLLATE=utf8mb4_general_ci;

-- --------------------------------------------------------

--
-- Table structure for table `marks_upload`
--

CREATE TABLE `marks_upload` (
  `id` int(11) NOT NULL,
  `file_path` varchar(255) NOT NULL,
  `file_hash` varchar(64) NOT NULL,
  `received_date` date NOT NULL,
  `sent_by_college` varchar(100) NOT NULL,
  `received_method` enum('email','whatsapp','sms','hardcopy') NOT NULL,
  `description` varchar(255) DEFAULT NULL,
  `upload_date` timestamp NOT NULL DEFAULT current_timestamp(),
  `uploaded_by` int(11) NOT NULL
) ENGINE=InnoDB DEFAULT CHARSET=utf8mb4 COLLATE=utf8mb4_general_ci;

-- --------------------------------------------------------

--
-- Table structure for table `payments`
--

CREATE TABLE `payments` (
  `id` int(11) NOT NULL,
  `invoice_id` int(11) DEFAULT NULL,
  `student_id` int(11) DEFAULT NULL,
  `amount_paid` decimal(10,2) NOT NULL,
  `payment_mode` enum('Cash','MPESA') NOT NULL,
  `payment_date` timestamp NOT NULL DEFAULT current_timestamp(),
  `mpesa_code` varchar(20) DEFAULT NULL,
  `from_balance` tinyint(1) DEFAULT 0,
  `payment_purpose` varchar(100) DEFAULT NULL,
  `is_prepayment` tinyint(1) DEFAULT 0,
  `created_by` int(11) NOT NULL DEFAULT 0,
  `created_at` datetime NOT NULL DEFAULT current_timestamp()
) ENGINE=InnoDB DEFAULT CHARSET=utf8mb4 COLLATE=utf8mb4_general_ci;

--
-- Dumping data for table `payments`
--

INSERT INTO `payments` (`id`, `invoice_id`, `student_id`, `amount_paid`, `payment_mode`, `payment_date`, `mpesa_code`, `from_balance`, `payment_purpose`, `is_prepayment`, `created_by`, `created_at`) VALUES
(55, NULL, 64, 1000.00, 'Cash', '2025-05-11 10:50:50', NULL, 0, 'Class Fees', 1, 1, '2025-05-11 13:50:50'),
(56, 85, 108, 1600.00, 'Cash', '2025-06-19 09:11:41', NULL, 0, 'Class Fees', 0, 9, '2025-06-19 12:11:41'),
(57, 88, 53, 1600.00, 'MPESA', '2025-06-19 09:14:38', '65******', 0, 'Class Fees', 0, 9, '2025-06-19 12:14:38'),
(58, 90, 55, 1600.00, 'MPESA', '2025-06-19 09:15:43', '65####', 0, 'Class Fees', 0, 9, '2025-06-19 12:15:43'),
(59, 83, 51, 1600.00, 'Cash', '2025-06-19 09:16:47', NULL, 0, 'Class Fees', 0, 9, '2025-06-19 12:16:47'),
(60, 86, 103, 1600.00, 'Cash', '2025-06-19 09:17:53', NULL, 0, 'Class Fees', 0, 9, '2025-06-19 12:17:53'),
(61, 81, 28, 1600.00, 'Cash', '2025-06-19 09:18:35', NULL, 0, 'Class Fees', 0, 9, '2025-06-19 12:18:35'),
(62, 84, 52, 1600.00, 'Cash', '2025-06-19 09:19:14', NULL, 0, 'Class Fees', 0, 9, '2025-06-19 12:19:14'),
(63, NULL, 52, 400.00, 'Cash', '2025-06-19 09:19:14', NULL, 0, 'Class Fees', 1, 9, '2025-06-19 12:19:14'),
(64, 87, 105, 500.00, 'Cash', '2025-06-19 09:19:55', NULL, 0, 'Class Fees', 0, 9, '2025-06-19 12:19:55'),
(65, 82, 96, 600.00, 'Cash', '2025-06-19 09:20:27', NULL, 0, 'Class Fees', 0, 9, '2025-06-19 12:20:27'),
(66, 91, 102, 1600.00, 'MPESA', '2025-06-19 09:22:09', '65%%%%%', 0, 'Class Fees', 0, 9, '2025-06-19 12:22:09'),
(67, 92, 56, 1600.00, 'MPESA', '2025-06-19 10:42:06', NULL, 0, 'Class Fees', 0, 9, '2025-06-19 13:42:06'),
(68, 93, 57, 1600.00, 'MPESA', '2025-06-19 13:44:52', NULL, 0, 'Class Fees', 0, 9, '2025-06-19 16:44:52'),
(69, 94, 58, 1600.00, 'MPESA', '2025-06-19 13:46:31', NULL, 0, 'Class Fees', 0, 9, '2025-06-19 16:46:31'),
(70, 95, 59, 1600.00, 'Cash', '2025-06-19 13:47:01', NULL, 0, 'Class Fees', 0, 9, '2025-06-19 16:47:01'),
(71, 96, 60, 1600.00, 'Cash', '2025-06-19 13:47:22', NULL, 0, 'Class Fees', 0, 9, '2025-06-19 16:47:22'),
(72, 97, 61, 1600.00, 'Cash', '2025-06-19 13:55:31', NULL, 0, 'Class Fees', 0, 9, '2025-06-19 16:55:31'),
(73, 50, 62, 500.00, 'MPESA', '2025-06-19 13:56:04', NULL, 0, 'Class Fees', 0, 9, '2025-06-19 16:56:04'),
(74, 98, 62, 100.00, 'MPESA', '2025-06-19 13:56:04', NULL, 0, 'Class Fees', 0, 9, '2025-06-19 16:56:04'),
(75, 99, 63, 1600.00, 'Cash', '2025-06-19 13:56:59', NULL, 0, 'Class Fees', 0, 9, '2025-06-19 16:56:59'),
(76, 101, 92, 1600.00, 'Cash', '2025-06-19 14:12:23', NULL, 0, 'Class Fees', 0, 9, '2025-06-19 17:12:23'),
(77, 59, 93, 500.00, 'MPESA', '2025-06-19 14:14:41', NULL, 0, 'Class Fees', 0, 9, '2025-06-19 17:14:41'),
(78, 102, 93, 1100.00, 'MPESA', '2025-06-19 14:14:41', NULL, 0, 'Class Fees', 0, 9, '2025-06-19 17:14:41'),
(79, 100, 91, 1600.00, 'Cash', '2025-06-19 14:15:12', NULL, 0, 'Class Fees', 0, 9, '2025-06-19 17:15:12'),
(80, NULL, 91, 1000.00, 'Cash', '2025-06-19 14:15:12', NULL, 0, 'Class Fees', 1, 9, '2025-06-19 17:15:12'),
(81, 103, 94, 1600.00, 'MPESA', '2025-06-19 14:15:46', NULL, 0, 'Class Fees', 0, 9, '2025-06-19 17:15:46'),
(82, 105, 98, 1600.00, 'MPESA', '2025-06-19 14:16:24', NULL, 0, 'Class Fees', 0, 9, '2025-06-19 17:16:24'),
(83, 106, 99, 1200.00, 'Cash', '2025-06-19 14:17:41', NULL, 0, 'Class Fees', 0, 9, '2025-06-19 17:17:41'),
(84, 106, 99, 400.00, 'MPESA', '2025-06-19 14:18:03', NULL, 0, 'Class Fees', 0, 9, '2025-06-19 17:18:03'),
(85, 62, 109, 500.00, 'MPESA', '2025-06-19 14:19:49', NULL, 0, 'Class Fees', 0, 9, '2025-06-19 17:19:49'),
(86, 108, 109, 1100.00, 'MPESA', '2025-06-19 14:19:49', NULL, 0, 'Class Fees', 0, 9, '2025-06-19 17:19:49'),
(87, 63, 110, 500.00, 'MPESA', '2025-06-19 14:20:34', NULL, 0, 'Class Fees', 0, 9, '2025-06-19 17:20:34'),
(88, 109, 110, 1600.00, 'MPESA', '2025-06-19 14:20:34', NULL, 0, 'Class Fees', 0, 9, '2025-06-19 17:20:34'),
(89, NULL, 110, 1100.00, 'MPESA', '2025-06-19 14:20:34', NULL, 0, 'Class Fees', 1, 9, '2025-06-19 17:20:34'),
(90, 110, 111, 1400.00, 'MPESA', '2025-06-19 14:21:17', NULL, 0, 'Class Fees', 0, 9, '2025-06-19 17:21:17'),
(91, 110, 111, 200.00, 'Cash', '2025-06-19 14:21:48', NULL, 0, 'Class Fees', 0, 9, '2025-06-19 17:21:48'),
(92, 111, 112, 1200.00, 'Cash', '2025-06-19 14:22:40', NULL, 0, 'Class Fees', 0, 9, '2025-06-19 17:22:40'),
(93, 112, 117, 1600.00, 'MPESA', '2025-06-19 14:23:22', NULL, 0, 'Class Fees', 0, 9, '2025-06-19 17:23:22'),
(94, 113, 125, 1600.00, 'MPESA', '2025-06-19 14:23:46', NULL, 0, 'Class Fees', 0, 9, '2025-06-19 17:23:46'),
(95, 39, 64, 1600.00, 'MPESA', '2025-06-20 08:21:41', NULL, 0, 'Class Fees', 0, 9, '2025-06-20 11:21:41'),
(96, 44, 71, 1600.00, 'Cash', '2025-06-20 08:23:02', NULL, 0, 'Class Fees', 0, 9, '2025-06-20 11:23:02'),
(98, 46, 114, 1600.00, 'MPESA', '2025-06-20 08:26:17', NULL, 0, 'Class Fees', 0, 9, '2025-06-20 11:26:17'),
(99, 65, 114, 400.00, 'MPESA', '2025-06-20 08:26:17', NULL, 0, 'Class Fees', 0, 9, '2025-06-20 11:26:17'),
(100, 65, 114, 100.00, 'MPESA', '2025-06-20 08:29:32', NULL, 0, 'Class Fees', 0, 9, '2025-06-20 11:29:32'),
(101, NULL, 114, 100.00, 'MPESA', '2025-06-20 08:29:32', NULL, 0, 'Class Fees', 1, 9, '2025-06-20 11:29:32'),
(102, 42, 69, 1600.00, 'Cash', '2025-06-20 08:30:48', NULL, 0, 'Class Fees', 0, 9, '2025-06-20 11:30:48'),
(103, 47, 115, 1600.00, 'Cash', '2025-06-20 08:31:12', NULL, 0, 'Class Fees', 0, 9, '2025-06-20 11:31:12'),
(104, 45, 113, 1600.00, 'MPESA', '2025-06-20 08:31:34', NULL, 0, 'Class Fees', 0, 9, '2025-06-20 11:31:34'),
(105, 41, 67, 1600.00, 'MPESA', '2025-06-20 08:32:06', NULL, 0, 'Class Fees', 0, 9, '2025-06-20 11:32:06'),
(106, 54, 67, 500.00, 'MPESA', '2025-06-20 08:32:06', NULL, 0, 'Class Fees', 0, 9, '2025-06-20 11:32:06'),
(107, 48, 116, 1600.00, 'MPESA', '2025-06-20 08:32:39', NULL, 0, 'Class Fees', 0, 9, '2025-06-20 11:32:39'),
(108, 115, 67, 1600.00, 'MPESA', '2025-06-20 08:48:31', NULL, 0, 'Class Fees', 0, 9, '2025-06-20 11:48:31'),
(109, 55, 68, 500.00, 'MPESA', '2025-06-20 08:49:11', NULL, 0, 'Class Fees', 0, 9, '2025-06-20 11:49:11'),
(110, 116, 68, 1100.00, 'MPESA', '2025-06-20 08:49:11', NULL, 0, 'Class Fees', 0, 9, '2025-06-20 11:49:11'),
(111, 43, 70, 1500.00, 'Cash', '2025-06-20 09:08:07', NULL, 0, 'Class Fees', 0, 9, '2025-06-20 12:08:07'),
(112, 64, 113, 500.00, 'MPESA', '2025-06-20 09:08:36', NULL, 0, 'Class Fees', 0, 9, '2025-06-20 12:08:36'),
(113, 118, 113, 1100.00, 'MPESA', '2025-06-20 09:08:36', NULL, 0, 'Class Fees', 0, 9, '2025-06-20 12:08:36'),
(114, NULL, 66, 500.00, 'MPESA', '2025-06-20 09:09:38', NULL, 0, 'Registration Fees', 0, 9, '2025-06-20 12:09:38'),
(115, 40, 66, 1600.00, 'Cash', '2025-06-20 09:10:05', NULL, 0, 'Class Fees', 0, 9, '2025-06-20 12:10:05'),
(116, 67, 116, 500.00, 'MPESA', '2025-06-20 09:10:33', NULL, 0, 'Class Fees', 0, 9, '2025-06-20 12:10:33'),
(117, 119, 116, 1100.00, 'MPESA', '2025-06-20 09:10:33', NULL, 0, 'Class Fees', 0, 9, '2025-06-20 12:10:33'),
(118, 123, 123, 500.00, 'MPESA', '2025-06-20 09:11:43', NULL, 0, 'Class Fees', 0, 9, '2025-06-20 12:11:43'),
(119, 128, 123, 1100.00, 'MPESA', '2025-06-20 09:11:43', NULL, 0, 'Class Fees', 0, 9, '2025-06-20 12:11:43'),
(121, 122, 122, 500.00, 'MPESA', '2025-06-20 09:12:58', NULL, 0, 'Class Fees', 0, 9, '2025-06-20 12:12:58'),
(122, 127, 122, 1600.00, 'MPESA', '2025-06-20 09:12:58', NULL, 0, 'Class Fees', 0, 9, '2025-06-20 12:12:58'),
(123, NULL, 118, 500.00, 'Cash', '2025-06-20 09:13:40', NULL, 0, 'Registration Fees', 0, 9, '2025-06-20 12:13:40'),
(124, 120, 118, 500.00, 'MPESA', '2025-06-20 09:14:19', NULL, 0, 'Class Fees', 0, 9, '2025-06-20 12:14:19'),
(125, 125, 118, 1100.00, 'MPESA', '2025-06-20 09:14:19', NULL, 0, 'Class Fees', 0, 9, '2025-06-20 12:14:19'),
(126, 121, 121, 500.00, 'Cash', '2025-06-20 09:14:38', NULL, 0, 'Class Fees', 0, 9, '2025-06-20 12:14:38'),
(127, 126, 121, 500.00, 'Cash', '2025-06-20 09:14:38', NULL, 0, 'Class Fees', 0, 9, '2025-06-20 12:14:38'),
(128, 137, 63, 1550.00, 'Cash', '2025-06-20 09:34:51', NULL, 0, 'Class Fees', 0, 9, '2025-06-20 12:34:51'),
(129, 133, 59, 1600.00, 'MPESA', '2025-06-20 09:35:11', NULL, 0, 'Class Fees', 0, 9, '2025-06-20 12:35:11'),
(130, 149, 125, 1600.00, 'MPESA', '2025-06-20 09:35:40', NULL, 0, 'Class Fees', 0, 9, '2025-06-20 12:35:40'),
(131, 134, 60, 1600.00, 'Cash', '2025-06-20 09:36:01', NULL, 0, 'Class Fees', 0, 9, '2025-06-20 12:36:01'),
(132, 146, 111, 1600.00, 'Cash', '2025-06-20 09:36:24', NULL, 0, 'Class Fees', 0, 9, '2025-06-20 12:36:24'),
(133, 142, 99, 1600.00, 'Cash', '2025-06-20 09:36:47', NULL, 0, 'Class Fees', 0, 9, '2025-06-20 12:36:47'),
(134, 138, 92, 1600.00, 'Cash', '2025-06-20 09:38:33', NULL, 0, 'Class Fees', 0, 9, '2025-06-20 12:38:33'),
(135, 107, 100, 1600.00, 'MPESA', '2025-06-20 09:39:08', NULL, 0, 'Class Fees', 0, 9, '2025-06-20 12:39:08'),
(136, 143, 100, 1600.00, 'MPESA', '2025-06-20 09:39:08', NULL, 0, 'Class Fees', 0, 9, '2025-06-20 12:39:08'),
(137, 139, 94, 1600.00, 'Cash', '2025-06-20 09:39:31', NULL, 0, 'Class Fees', 0, 9, '2025-06-20 12:39:31'),
(138, 135, 61, 1600.00, 'MPESA', '2025-06-20 09:40:05', NULL, 0, 'Class Fees', 0, 9, '2025-06-20 12:40:05'),
(139, 131, 57, 1600.00, 'Cash', '2025-06-20 09:40:22', NULL, 0, 'Class Fees', 0, 9, '2025-06-20 12:40:22'),
(140, 111, 112, 400.00, 'MPESA', '2025-06-20 09:41:10', NULL, 0, 'Class Fees', 0, 9, '2025-06-20 12:41:10'),
(141, 147, 112, 700.00, 'MPESA', '2025-06-20 09:41:10', NULL, 0, 'Class Fees', 0, 9, '2025-06-20 12:41:10'),
(142, 147, 112, 500.00, 'Cash', '2025-06-20 09:41:32', NULL, 0, 'Class Fees', 0, 9, '2025-06-20 12:41:32'),
(143, 130, 56, 1600.00, 'MPESA', '2025-06-20 09:41:57', NULL, 0, 'Class Fees', 0, 9, '2025-06-20 12:41:57'),
(144, 141, 98, 1600.00, 'MPESA', '2025-06-20 09:42:29', NULL, 0, 'Class Fees', 0, 9, '2025-06-20 12:42:29'),
(145, 132, 58, 1600.00, 'MPESA', '2025-06-20 09:44:03', NULL, 0, 'Class Fees', 0, 9, '2025-06-20 12:44:03'),
(146, 145, 110, 1400.00, 'Cash', '2025-06-20 09:44:37', NULL, 0, 'Class Fees', 0, 9, '2025-06-20 12:44:37'),
(147, 108, 109, 500.00, 'Cash', '2025-06-20 09:45:25', NULL, 0, 'Class Fees', 0, 9, '2025-06-20 12:45:25'),
(148, 144, 109, 1500.00, 'Cash', '2025-06-20 09:45:25', NULL, 0, 'Class Fees', 0, 9, '2025-06-20 12:45:25'),
(149, 148, 117, 1600.00, 'MPESA', '2025-06-20 09:46:00', NULL, 0, 'Class Fees', 0, 9, '2025-06-20 12:46:00'),
(150, 98, 62, 1500.00, 'Cash', '2025-06-20 09:46:38', NULL, 0, 'Class Fees', 0, 9, '2025-06-20 12:46:38'),
(151, 136, 62, 100.00, 'Cash', '2025-06-20 09:46:38', NULL, 0, 'Class Fees', 0, 9, '2025-06-20 12:46:38'),
(152, 104, 95, 1500.00, 'MPESA', '2025-06-20 09:47:04', NULL, 0, 'Class Fees', 0, 9, '2025-06-20 12:47:04'),
(153, 118, 113, 500.00, 'MPESA', '2025-06-20 12:36:51', NULL, 0, 'Class Fees', 0, 9, '2025-06-20 15:36:51'),
(154, 154, 113, 1100.00, 'MPESA', '2025-06-20 12:36:51', NULL, 0, 'Class Fees', 0, 9, '2025-06-20 15:36:51'),
(155, 116, 68, 500.00, 'MPESA', '2025-06-20 12:37:54', NULL, 0, 'Class Fees', 0, 9, '2025-06-20 15:37:54'),
(156, 152, 68, 1600.00, 'MPESA', '2025-06-20 12:37:54', NULL, 0, 'Class Fees', 0, 9, '2025-06-20 15:37:54'),
(157, 66, 115, 500.00, 'Cash', '2025-06-20 12:38:25', NULL, 0, 'Class Fees', 0, 9, '2025-06-20 15:38:25'),
(158, 156, 115, 1100.00, 'Cash', '2025-06-20 12:38:25', NULL, 0, 'Class Fees', 0, 9, '2025-06-20 15:38:25'),
(159, 53, 66, 500.00, 'Cash', '2025-06-20 12:39:04', NULL, 0, 'Class Fees', 0, 9, '2025-06-20 15:39:04'),
(160, 114, 66, 700.00, 'Cash', '2025-06-20 12:39:04', NULL, 0, 'Class Fees', 0, 9, '2025-06-20 15:39:04'),
(161, 114, 66, 400.00, 'MPESA', '2025-06-20 12:39:31', NULL, 0, 'Class Fees', 0, 9, '2025-06-20 15:39:31'),
(162, 119, 116, 500.00, 'MPESA', '2025-06-20 12:39:54', NULL, 0, 'Class Fees', 0, 9, '2025-06-20 15:39:54'),
(163, 157, 116, 1600.00, 'MPESA', '2025-06-20 12:39:54', NULL, 0, 'Class Fees', 0, 9, '2025-06-20 15:39:54'),
(164, 159, 122, 1600.00, 'MPESA', '2025-06-20 12:40:44', NULL, 0, 'Class Fees', 0, 9, '2025-06-20 15:40:44'),
(165, 43, 70, 100.00, 'MPESA', '2025-06-20 12:41:13', NULL, 0, 'Class Fees', 0, 9, '2025-06-20 15:41:13'),
(166, 57, 70, 500.00, 'MPESA', '2025-06-20 12:41:13', NULL, 0, 'Class Fees', 0, 9, '2025-06-20 15:41:13'),
(167, 117, 70, 1000.00, 'MPESA', '2025-06-20 12:41:13', NULL, 0, 'Class Fees', 0, 9, '2025-06-20 15:41:13'),
(168, 155, 114, 1600.00, 'MPESA', '2025-06-20 12:41:38', NULL, 0, 'Class Fees', 0, 9, '2025-06-20 15:41:38'),
(169, 151, 67, 1600.00, 'MPESA', '2025-06-20 12:42:00', NULL, 0, 'Class Fees', 0, 9, '2025-06-20 15:42:00'),
(170, 125, 118, 500.00, 'Cash', '2025-06-20 12:42:20', NULL, 0, 'Class Fees', 0, 9, '2025-06-20 15:42:20'),
(171, 158, 118, 1100.00, 'Cash', '2025-06-20 12:42:20', NULL, 0, 'Class Fees', 0, 9, '2025-06-20 15:42:20'),
(172, 169, 94, 1600.00, 'MPESA', '2025-06-20 12:50:58', NULL, 0, 'Class Fees', 0, 9, '2025-06-20 15:50:58'),
(173, 165, 61, 1600.00, 'Cash', '2025-06-20 13:03:18', NULL, 0, 'Class Fees', 0, 9, '2025-06-20 16:03:18'),
(174, 168, 92, 1600.00, 'MPESA', '2025-06-20 13:06:33', NULL, 0, 'Class Fees', 0, 9, '2025-06-20 16:06:33'),
(175, 176, 111, 1600.00, 'Cash', '2025-06-20 13:06:55', NULL, 0, 'Class Fees', 0, 9, '2025-06-20 16:06:55'),
(176, 160, 56, 1600.00, 'MPESA', '2025-06-20 13:56:53', NULL, 0, 'Class Fees', 0, 9, '2025-06-20 16:56:53'),
(177, 164, 60, 1600.00, 'Cash', '2025-06-20 13:57:11', NULL, 0, 'Class Fees', 0, 9, '2025-06-20 16:57:11'),
(178, 179, 125, 1600.00, 'MPESA', '2025-06-20 13:57:49', NULL, 0, 'Class Fees', 0, 9, '2025-06-20 16:57:49'),
(179, 172, 99, 1000.00, 'Cash', '2025-06-20 13:58:11', NULL, 0, 'Class Fees', 0, 9, '2025-06-20 16:58:11'),
(180, 172, 99, 600.00, 'MPESA', '2025-06-20 13:58:28', NULL, 0, 'Class Fees', 0, 9, '2025-06-20 16:58:28'),
(181, 162, 58, 1600.00, 'Cash', '2025-06-20 13:58:44', NULL, 0, 'Class Fees', 0, 9, '2025-06-20 16:58:44'),
(182, 167, 91, 1000.00, 'Cash', '2025-06-20 13:59:00', NULL, 0, 'Class Fees', 0, 9, '2025-06-20 16:59:00'),
(183, 161, 57, 1600.00, 'MPESA', '2025-06-20 13:59:34', NULL, 0, 'Class Fees', 0, 9, '2025-06-20 16:59:34'),
(184, 144, 109, 100.00, 'Cash', '2025-06-20 13:59:58', NULL, 0, 'Class Fees', 0, 9, '2025-06-20 16:59:58'),
(185, 174, 109, 600.00, 'Cash', '2025-06-20 13:59:58', NULL, 0, 'Class Fees', 0, 9, '2025-06-20 16:59:58'),
(186, 174, 109, 1000.00, 'MPESA', '2025-06-20 14:00:19', NULL, 0, 'Class Fees', 0, 9, '2025-06-20 17:00:19'),
(187, 171, 98, 1600.00, 'MPESA', '2025-06-20 14:00:37', NULL, 0, 'Class Fees', 0, 9, '2025-06-20 17:00:37'),
(191, 104, 95, 100.00, 'MPESA', '2025-06-20 14:03:12', NULL, 0, 'Class Fees', 0, 9, '2025-06-20 17:03:12'),
(192, 140, 95, 1600.00, 'MPESA', '2025-06-20 14:03:32', NULL, 0, 'Class Fees', 0, 9, '2025-06-20 17:03:32'),
(193, 178, 117, 1600.00, 'MPESA', '2025-06-20 14:04:28', NULL, 0, 'Class Fees', 0, 9, '2025-06-20 17:04:28'),
(194, 136, 62, 750.00, 'MPESA', '2025-06-20 14:04:51', NULL, 0, 'Class Fees', 0, 9, '2025-06-20 17:04:51'),
(195, 145, 110, 200.00, 'Cash', '2025-06-20 14:05:09', NULL, 0, 'Class Fees', 0, 9, '2025-06-20 17:05:09'),
(196, 175, 110, 1400.00, 'Cash', '2025-06-20 14:05:09', NULL, 0, 'Class Fees', 0, 9, '2025-06-20 17:05:09'),
(197, 147, 112, 400.00, 'Cash', '2025-06-20 14:05:33', NULL, 0, 'Class Fees', 0, 9, '2025-06-20 17:05:33'),
(198, 177, 112, 600.00, 'Cash', '2025-06-20 14:05:33', NULL, 0, 'Class Fees', 0, 9, '2025-06-20 17:05:33'),
(199, 82, 96, 800.00, 'MPESA', '2025-06-20 14:13:27', NULL, 0, 'Class Fees', 0, 9, '2025-06-20 17:13:27'),
(200, 89, 104, 1600.00, 'MPESA', '2025-06-20 14:13:50', NULL, 0, 'Class Fees', 0, 9, '2025-06-20 17:13:50'),
(201, 190, 104, 900.00, 'MPESA', '2025-06-20 14:13:50', NULL, 0, 'Class Fees', 0, 9, '2025-06-20 17:13:50'),
(202, 194, 108, 1600.00, 'Cash', '2025-06-20 14:14:08', NULL, 0, 'Class Fees', 0, 9, '2025-06-20 17:14:08'),
(203, 184, 53, 1600.00, 'MPESA', '2025-06-20 14:14:46', NULL, 0, 'Class Fees', 0, 9, '2025-06-20 17:14:46'),
(204, 185, 55, 1600.00, 'MPESA', '2025-06-20 14:15:07', NULL, 0, 'Class Fees', 0, 9, '2025-06-20 17:15:07'),
(205, 181, 28, 1600.00, 'Cash', '2025-06-20 14:15:25', NULL, 0, 'Class Fees', 0, 9, '2025-06-20 17:15:25'),
(206, 61, 106, 500.00, 'MPESA', '2025-06-20 14:16:11', NULL, 0, 'Class Fees', 0, 9, '2025-06-20 17:16:11'),
(207, 192, 106, 1100.00, 'MPESA', '2025-06-20 14:16:11', NULL, 0, 'Class Fees', 0, 9, '2025-06-20 17:16:11'),
(208, 87, 105, 1100.00, 'Cash', '2025-06-20 14:18:44', NULL, 0, 'Class Fees', 0, 9, '2025-06-20 17:18:44'),
(209, 191, 105, 1400.00, 'Cash', '2025-06-20 14:18:44', NULL, 0, 'Class Fees', 0, 9, '2025-06-20 17:18:44'),
(210, 188, 102, 1600.00, 'MPESA', '2025-06-20 14:59:22', NULL, 0, 'Class Fees', 0, 9, '2025-06-20 17:59:22'),
(211, 189, 103, 1600.00, 'Cash', '2025-06-20 14:59:39', NULL, 0, 'Class Fees', 0, 9, '2025-06-20 17:59:39'),
(212, 182, 51, 1600.00, 'MPESA', '2025-06-20 14:59:55', NULL, 0, 'Class Fees', 0, 9, '2025-06-20 17:59:55'),
(213, 193, 107, 1600.00, 'MPESA', '2025-06-20 15:00:12', NULL, 0, 'Class Fees', 0, 9, '2025-06-20 18:00:12'),
(214, 196, 128, 1600.00, 'MPESA', '2025-06-20 15:00:35', NULL, 0, 'Class Fees', 0, 9, '2025-06-20 18:00:35'),
(215, 187, 97, 1600.00, 'MPESA', '2025-06-20 15:00:53', NULL, 0, 'Class Fees', 0, 9, '2025-06-20 18:00:53'),
(216, 183, 52, 1600.00, 'Cash', '2025-06-20 15:01:08', NULL, 0, 'Class Fees', 0, 9, '2025-06-20 18:01:08'),
(217, NULL, 52, 400.00, 'Cash', '2025-06-20 15:01:27', NULL, 0, 'Class Fees', 1, 9, '2025-06-20 18:01:27'),
(218, 56, 69, 500.00, 'Cash', '2025-06-26 08:20:40', NULL, 0, 'Class Fees', 0, 9, '2025-06-26 11:20:40'),
(219, 217, 69, 1100.00, 'Cash', '2025-06-26 08:20:40', NULL, 0, 'Class Fees', 0, 9, '2025-06-26 11:20:40'),
(220, 156, 115, 500.00, 'Cash', '2025-06-26 08:21:03', NULL, 0, 'Class Fees', 0, 9, '2025-06-26 11:21:03'),
(221, 220, 115, 1500.00, 'Cash', '2025-06-26 08:21:03', NULL, 0, 'Class Fees', 0, 9, '2025-06-26 11:21:03'),
(222, 215, 67, 1600.00, 'Cash', '2025-06-26 08:21:38', NULL, 0, 'Class Fees', 0, 9, '2025-06-26 11:21:38'),
(223, 158, 118, 500.00, 'Cash', '2025-06-26 08:22:00', NULL, 0, 'Class Fees', 0, 9, '2025-06-26 11:22:00'),
(224, 222, 118, 1100.00, 'Cash', '2025-06-26 08:22:00', NULL, 0, 'Class Fees', 0, 9, '2025-06-26 11:22:00'),
(225, 221, 116, 1600.00, 'MPESA', '2025-06-26 08:22:22', NULL, 0, 'Class Fees', 0, 9, '2025-06-26 11:22:22'),
(226, 223, 122, 1600.00, 'MPESA', '2025-06-26 08:22:46', NULL, 0, 'Class Fees', 0, 9, '2025-06-26 11:22:46'),
(227, 51, 64, 500.00, 'MPESA', '2025-06-26 08:23:08', NULL, 0, 'Class Fees', 0, 9, '2025-06-26 11:23:08'),
(228, 213, 64, 1600.00, 'MPESA', '2025-06-26 08:23:08', NULL, 0, 'Class Fees', 0, 9, '2025-06-26 11:23:08'),
(229, 219, 114, 1100.00, 'Cash', '2025-06-26 08:23:29', NULL, 0, 'Class Fees', 0, 9, '2025-06-26 11:23:29'),
(230, 117, 70, 600.00, 'MPESA', '2025-06-26 08:23:58', NULL, 0, 'Class Fees', 0, 9, '2025-06-26 11:23:58'),
(231, 153, 70, 1000.00, 'MPESA', '2025-06-26 08:23:58', NULL, 0, 'Class Fees', 0, 9, '2025-06-26 11:23:58'),
(232, 216, 68, 1600.00, 'MPESA', '2025-06-26 08:24:18', NULL, 0, 'Class Fees', 0, 9, '2025-06-26 11:24:18'),
(233, 170, 95, 1600.00, 'MPESA', '2025-06-26 08:32:38', NULL, 0, 'Class Fees', 0, 9, '2025-06-26 11:32:38'),
(234, 173, 100, 200.00, 'Cash', '2025-06-26 08:32:56', NULL, 0, 'Class Fees', 0, 9, '2025-06-26 11:32:56'),
(235, 175, 110, 200.00, 'Cash', '2025-06-26 08:33:19', NULL, 0, 'Class Fees', 0, 9, '2025-06-26 11:33:19'),
(236, 239, 110, 1400.00, 'Cash', '2025-06-26 08:33:19', NULL, 0, 'Class Fees', 0, 9, '2025-06-26 11:33:19'),
(237, 242, 117, 1600.00, 'MPESA', '2025-06-26 08:33:45', NULL, 0, 'Class Fees', 0, 9, '2025-06-26 11:33:45'),
(238, 225, 57, 1600.00, 'MPESA', '2025-06-26 08:34:09', NULL, 0, 'Class Fees', 0, 9, '2025-06-26 11:34:09'),
(239, 240, 111, 1600.00, 'Cash', '2025-06-26 08:34:27', NULL, 0, 'Class Fees', 0, 9, '2025-06-26 11:34:27'),
(240, 238, 109, 600.00, 'Cash', '2025-06-26 08:34:48', NULL, 0, 'Class Fees', 0, 9, '2025-06-26 11:34:48'),
(241, 238, 109, 1000.00, 'MPESA', '2025-06-26 08:35:03', NULL, 0, 'Class Fees', 0, 9, '2025-06-26 11:35:03'),
(242, 167, 91, 600.00, 'Cash', '2025-06-26 08:35:27', NULL, 0, 'Class Fees', 0, 9, '2025-06-26 11:35:27'),
(243, 231, 91, 1600.00, 'Cash', '2025-06-26 08:35:27', NULL, 0, 'Class Fees', 0, 9, '2025-06-26 11:35:27'),
(244, NULL, 91, 400.00, 'Cash', '2025-06-26 08:35:27', NULL, 0, 'Class Fees', 1, 9, '2025-06-26 11:35:27'),
(245, 233, 94, 1600.00, 'MPESA', '2025-06-26 08:35:46', NULL, 0, 'Class Fees', 0, 9, '2025-06-26 11:35:46'),
(246, 177, 112, 1000.00, 'MPESA', '2025-06-26 08:36:13', NULL, 0, 'Class Fees', 0, 9, '2025-06-26 11:36:13'),
(247, 241, 112, 600.00, 'MPESA', '2025-06-26 08:36:13', NULL, 0, 'Class Fees', 0, 9, '2025-06-26 11:36:13'),
(248, 226, 58, 1600.00, 'MPESA', '2025-06-26 08:36:42', NULL, 0, 'Class Fees', 0, 9, '2025-06-26 11:36:42'),
(249, 232, 92, 1600.00, 'Cash', '2025-06-26 08:37:00', NULL, 0, 'Class Fees', 0, 9, '2025-06-26 11:37:00'),
(250, 228, 60, 1600.00, 'Cash', '2025-06-26 08:37:26', NULL, 0, 'Class Fees', 0, 9, '2025-06-26 11:37:26'),
(251, 136, 62, 750.00, 'MPESA', '2025-06-26 08:37:54', NULL, 0, 'Class Fees', 0, 9, '2025-06-26 11:37:54'),
(252, 166, 62, 100.00, 'MPESA', '2025-06-26 08:37:54', NULL, 0, 'Class Fees', 0, 9, '2025-06-26 11:37:54'),
(253, 166, 62, 800.00, 'Cash', '2025-06-26 08:38:14', NULL, 0, 'Class Fees', 0, 9, '2025-06-26 11:38:14'),
(254, 236, 99, 1600.00, 'Cash', '2025-06-26 08:38:37', NULL, 0, 'Class Fees', 0, 9, '2025-06-26 11:38:37'),
(255, 243, 125, 1600.00, 'MPESA', '2025-06-26 08:39:01', NULL, 0, 'Class Fees', 0, 9, '2025-06-26 11:39:01'),
(256, 137, 63, 50.00, 'Cash', '2025-06-26 08:39:19', NULL, 0, 'Class Fees', 0, 9, '2025-06-26 11:39:19'),
(257, 230, 63, 1600.00, 'Cash', '2025-06-26 08:39:19', NULL, 0, 'Class Fees', 0, 9, '2025-06-26 11:39:19'),
(258, NULL, 63, 50.00, 'Cash', '2025-06-26 08:39:19', NULL, 0, 'Class Fees', 1, 9, '2025-06-26 11:39:19'),
(259, 224, 56, 1000.00, 'MPESA', '2025-06-26 08:39:45', NULL, 0, 'Class Fees', 0, 9, '2025-06-26 11:39:45'),
(260, 163, 59, 1600.00, 'MPESA', '2025-06-26 08:40:08', NULL, 0, 'Class Fees', 0, 9, '2025-06-26 11:40:08'),
(261, 227, 59, 1600.00, 'MPESA', '2025-06-26 08:44:06', NULL, 0, 'Class Fees', 0, 9, '2025-06-26 11:44:06'),
(262, 197, 28, 1600.00, 'Cash', '2025-06-26 09:02:51', NULL, 0, 'Class Fees', 0, 9, '2025-06-26 12:02:51'),
(263, 211, 108, 1600.00, 'Cash', '2025-06-26 09:03:12', NULL, 0, 'Class Fees', 0, 9, '2025-06-26 12:03:12'),
(264, 200, 53, 1600.00, 'MPESA', '2025-06-26 09:03:31', NULL, 0, 'Class Fees', 0, 9, '2025-06-26 12:03:31'),
(265, 202, 55, 1600.00, 'MPESA', '2025-06-26 09:03:51', NULL, 0, 'Class Fees', 0, 9, '2025-06-26 12:03:51'),
(266, 206, 103, 1600.00, 'Cash', '2025-06-26 09:04:11', NULL, 0, 'Class Fees', 0, 9, '2025-06-26 12:04:11'),
(267, 210, 107, 1600.00, 'MPESA', '2025-06-26 09:04:30', NULL, 0, 'Class Fees', 0, 9, '2025-06-26 12:04:30'),
(268, 82, 96, 200.00, 'MPESA', '2025-06-26 09:04:54', NULL, 0, 'Class Fees', 0, 9, '2025-06-26 12:04:54'),
(269, 186, 96, 800.00, 'MPESA', '2025-06-26 09:04:54', NULL, 0, 'Class Fees', 0, 9, '2025-06-26 12:04:54'),
(270, 192, 106, 500.00, 'MPESA', '2025-06-26 09:05:30', NULL, 0, 'Class Fees', 0, 9, '2025-06-26 12:05:30'),
(271, 209, 106, 1100.00, 'MPESA', '2025-06-26 09:05:30', NULL, 0, 'Class Fees', 0, 9, '2025-06-26 12:05:30'),
(272, 205, 102, 1600.00, 'MPESA', '2025-06-26 09:05:58', NULL, 0, 'Class Fees', 0, 9, '2025-06-26 12:05:58'),
(273, 191, 105, 200.00, 'Cash', '2025-06-26 09:06:23', NULL, 0, 'Class Fees', 0, 9, '2025-06-26 12:06:23'),
(274, 208, 105, 600.00, 'Cash', '2025-06-26 09:06:23', NULL, 0, 'Class Fees', 0, 9, '2025-06-26 12:06:23'),
(275, 201, 54, 1600.00, 'Cash', '2025-06-26 09:06:45', NULL, 0, 'Class Fees', 0, 9, '2025-06-26 12:06:45'),
(276, 199, 52, 1600.00, 'MPESA', '2025-06-26 09:08:07', NULL, 0, 'Class Fees', 0, 9, '2025-06-26 12:08:07'),
(277, NULL, 52, 400.00, 'MPESA', '2025-06-26 09:08:07', NULL, 0, 'Class Fees', 1, 9, '2025-06-26 12:08:07'),
(278, 256, 133, 1600.00, 'MPESA', '2025-06-26 10:56:45', NULL, 0, 'Class Fees', 0, 9, '2025-06-26 13:56:45'),
(279, 154, 113, 500.00, 'MPESA', '2025-06-26 10:57:14', NULL, 0, 'Class Fees', 0, 9, '2025-06-26 13:57:14'),
(280, 251, 113, 1100.00, 'MPESA', '2025-06-26 10:57:14', NULL, 0, 'Class Fees', 0, 9, '2025-06-26 13:57:14'),
(281, 247, 68, 1600.00, 'MPESA', '2025-06-26 10:57:59', 'TCT7IWTTJP', 0, 'Class Fees', 0, 9, '2025-06-26 13:57:59'),
(282, 114, 66, 500.00, 'MPESA', '2025-06-26 10:58:45', 'TC8IWW3WYN', 0, 'Class Fees', 0, 9, '2025-06-26 13:58:45'),
(283, 150, 66, 1100.00, 'MPESA', '2025-06-26 10:58:45', 'TC8IWW3WYN', 0, 'Class Fees', 0, 9, '2025-06-26 13:58:45'),
(284, 150, 66, 500.00, 'MPESA', '2025-06-26 10:59:22', 'TCT6IWZ9NY', 0, 'Class Fees', 0, 9, '2025-06-26 13:59:22'),
(285, 214, 66, 1100.00, 'MPESA', '2025-06-26 10:59:22', 'TCT6IWZ9NY', 0, 'Class Fees', 0, 9, '2025-06-26 13:59:22'),
(286, 153, 70, 600.00, 'MPESA', '2025-06-26 11:02:04', 'TCO6VF6YDW', 0, 'Class Fees', 0, 9, '2025-06-26 14:02:04'),
(287, 218, 70, 1600.00, 'MPESA', '2025-06-26 11:02:04', 'TCO6VF6YDW', 0, 'Class Fees', 0, 9, '2025-06-26 14:02:04'),
(288, 249, 70, 1600.00, 'MPESA', '2025-06-26 11:02:04', 'TCO6VF6YDW', 0, 'Class Fees', 0, 9, '2025-06-26 14:02:04'),
(289, NULL, 70, 1200.00, 'MPESA', '2025-06-26 11:02:04', 'TCO6VF6YDW', 0, 'Class Fees', 1, 9, '2025-06-26 14:02:04'),
(290, 244, 64, 1600.00, 'MPESA', '2025-06-26 11:02:53', 'TCT6IWQCKI', 0, 'Class Fees', 0, 9, '2025-06-26 14:02:53'),
(291, 58, 71, 500.00, 'Cash', '2025-06-26 11:03:12', NULL, 0, 'Class Fees', 0, 9, '2025-06-26 14:03:12'),
(292, 250, 71, 1100.00, 'Cash', '2025-06-26 11:03:12', NULL, 0, 'Class Fees', 0, 9, '2025-06-26 14:03:12'),
(293, 217, 69, 500.00, 'Cash', '2025-06-26 11:03:30', NULL, 0, 'Class Fees', 0, 9, '2025-06-26 14:03:30'),
(294, 248, 69, 1600.00, 'Cash', '2025-06-26 11:03:30', NULL, 0, 'Class Fees', 0, 9, '2025-06-26 14:03:30'),
(295, 220, 115, 100.00, 'Cash', '2025-06-26 11:04:01', NULL, 0, 'Class Fees', 0, 9, '2025-06-26 14:04:01'),
(296, 253, 115, 1600.00, 'Cash', '2025-06-26 11:04:01', NULL, 0, 'Class Fees', 0, 9, '2025-06-26 14:04:01'),
(297, 255, 122, 1600.00, 'MPESA', '2025-06-26 11:04:40', 'TCT1JCIF77', 0, 'Class Fees', 0, 9, '2025-06-26 14:04:40'),
(298, 219, 114, 500.00, 'Cash', '2025-06-26 11:04:57', NULL, 0, 'Class Fees', 0, 9, '2025-06-26 14:04:57'),
(299, 252, 114, 1100.00, 'Cash', '2025-06-26 11:04:57', NULL, 0, 'Class Fees', 0, 9, '2025-06-26 14:04:57'),
(300, 246, 67, 1600.00, 'MPESA', '2025-06-26 11:05:15', NULL, 0, 'Class Fees', 0, 9, '2025-06-26 14:05:15'),
(301, 254, 116, 1600.00, 'MPESA', '2025-06-26 11:05:39', NULL, 0, 'Class Fees', 0, 9, '2025-06-26 14:05:39'),
(302, 260, 53, 1600.00, 'MPESA', '2025-06-26 11:14:17', NULL, 0, 'Class Fees', 0, 9, '2025-06-26 14:14:17'),
(303, 257, 28, 1600.00, 'Cash', '2025-06-26 11:14:35', NULL, 0, 'Class Fees', 0, 9, '2025-06-26 14:14:35'),
(304, 270, 108, 1600.00, 'Cash', '2025-06-26 11:14:53', NULL, 0, 'Class Fees', 0, 9, '2025-06-26 14:14:53'),
(305, 190, 104, 700.00, 'Cash', '2025-06-26 11:15:14', NULL, 0, 'Class Fees', 0, 9, '2025-06-26 14:15:14'),
(306, 207, 104, 800.00, 'Cash', '2025-06-26 11:15:14', NULL, 0, 'Class Fees', 0, 9, '2025-06-26 14:15:14'),
(307, 208, 105, 1000.00, 'Cash', '2025-06-26 11:15:34', NULL, 0, 'Class Fees', 0, 9, '2025-06-26 14:15:34'),
(308, 268, 105, 600.00, 'Cash', '2025-06-26 11:15:34', NULL, 0, 'Class Fees', 0, 9, '2025-06-26 14:15:34'),
(309, 272, 128, 1000.00, 'Cash', '2025-06-26 11:15:52', NULL, 0, 'Class Fees', 0, 9, '2025-06-26 14:15:52'),
(310, 262, 55, 1600.00, 'MPESA', '2025-06-26 11:16:10', NULL, 0, 'Class Fees', 0, 9, '2025-06-26 14:16:10'),
(311, 261, 54, 1600.00, 'Cash', '2025-06-26 11:16:29', NULL, 0, 'Class Fees', 0, 9, '2025-06-26 14:16:29'),
(312, 266, 103, 1600.00, 'Cash', '2025-06-26 11:17:53', NULL, 0, 'Class Fees', 0, 9, '2025-06-26 14:17:53'),
(313, 265, 102, 1600.00, 'MPESA', '2025-06-26 11:18:13', NULL, 0, 'Class Fees', 0, 9, '2025-06-26 14:18:13'),
(314, 209, 106, 500.00, 'MPESA', '2025-06-26 11:18:29', NULL, 0, 'Class Fees', 0, 9, '2025-06-26 14:18:29'),
(315, 269, 106, 1100.00, 'MPESA', '2025-06-26 11:18:29', NULL, 0, 'Class Fees', 0, 9, '2025-06-26 14:18:29'),
(316, 204, 97, 1600.00, 'MPESA', '2025-06-26 11:18:48', NULL, 0, 'Class Fees', 0, 9, '2025-06-26 14:18:48'),
(317, 264, 97, 900.00, 'MPESA', '2025-06-26 11:18:48', NULL, 0, 'Class Fees', 0, 9, '2025-06-26 14:18:48'),
(318, 259, 52, 1600.00, 'Cash', '2025-06-26 11:19:16', NULL, 0, 'Class Fees', 0, 9, '2025-06-26 14:19:16'),
(319, NULL, 52, 400.00, 'Cash', '2025-06-26 11:19:16', NULL, 0, 'Class Fees', 1, 9, '2025-06-26 14:19:16'),
(320, 186, 96, 800.00, 'MPESA', '2025-06-26 11:19:37', NULL, 0, 'Class Fees', 0, 9, '2025-06-26 14:19:37'),
(321, 203, 96, 100.00, 'MPESA', '2025-06-26 11:19:37', NULL, 0, 'Class Fees', 0, 9, '2025-06-26 14:19:37'),
(322, 198, 51, 1600.00, 'MPESA', '2025-06-26 11:19:56', NULL, 0, 'Class Fees', 0, 9, '2025-06-26 14:19:56'),
(323, 258, 51, 1600.00, 'MPESA', '2025-06-26 11:19:56', NULL, 0, 'Class Fees', 0, 9, '2025-06-26 14:19:56'),
(324, 234, 95, 1600.00, 'MPESA', '2025-06-26 11:20:22', NULL, 0, 'Class Fees', 0, 9, '2025-06-26 14:20:22'),
(325, 285, 99, 1600.00, 'Cash', '2025-06-26 11:21:19', NULL, 0, 'Class Fees', 0, 9, '2025-06-26 14:21:19'),
(326, 166, 62, 700.00, 'MPESA', '2025-06-26 11:21:39', NULL, 0, 'Class Fees', 0, 9, '2025-06-26 14:21:39'),
(327, 229, 62, 900.00, 'MPESA', '2025-06-26 11:21:39', NULL, 0, 'Class Fees', 0, 9, '2025-06-26 14:21:39'),
(328, 235, 98, 1600.00, 'MPESA', '2025-06-26 11:22:01', NULL, 0, 'Class Fees', 0, 9, '2025-06-26 14:22:01'),
(329, 241, 112, 1000.00, 'MPESA', '2025-06-26 11:22:24', NULL, 0, 'Class Fees', 0, 9, '2025-06-26 14:22:24'),
(330, 290, 112, 200.00, 'MPESA', '2025-06-26 11:22:24', NULL, 0, 'Class Fees', 0, 9, '2025-06-26 14:22:24'),
(331, 291, 117, 1600.00, 'MPESA', '2025-06-26 11:22:42', NULL, 0, 'Class Fees', 0, 9, '2025-06-26 14:22:42'),
(332, 282, 94, 1600.00, 'Cash', '2025-06-26 11:22:56', NULL, 0, 'Class Fees', 0, 9, '2025-06-26 14:22:56'),
(333, 289, 111, 1600.00, 'MPESA', '2025-06-26 11:23:21', NULL, 0, 'Class Fees', 0, 9, '2025-06-26 14:23:21'),
(334, 292, 125, 1600.00, 'MPESA', '2025-06-26 11:23:36', NULL, 0, 'Class Fees', 0, 9, '2025-06-26 14:23:36'),
(335, 239, 110, 200.00, 'Cash', '2025-06-26 11:24:17', NULL, 0, 'Class Fees', 0, 9, '2025-06-26 14:24:17'),
(336, 288, 110, 800.00, 'Cash', '2025-06-26 11:24:17', NULL, 0, 'Class Fees', 0, 9, '2025-06-26 14:24:17'),
(337, 277, 60, 1600.00, 'Cash', '2025-06-26 11:24:31', NULL, 0, 'Class Fees', 0, 9, '2025-06-26 14:24:31'),
(338, 224, 56, 600.00, 'MPESA', '2025-06-26 11:24:57', NULL, 0, 'Class Fees', 0, 9, '2025-06-26 14:24:57'),
(339, 273, 56, 1600.00, 'MPESA', '2025-06-26 11:24:57', NULL, 0, 'Class Fees', 0, 9, '2025-06-26 14:24:57'),
(340, 287, 109, 1600.00, 'MPESA', '2025-06-26 11:25:12', NULL, 0, 'Class Fees', 0, 9, '2025-06-26 14:25:12'),
(341, 274, 57, 1600.00, 'Cash', '2025-06-26 11:25:41', NULL, 0, 'Class Fees', 0, 9, '2025-06-26 14:25:41'),
(342, 281, 92, 1600.00, 'Cash', '2025-06-26 11:25:54', NULL, 0, 'Class Fees', 0, 9, '2025-06-26 14:25:54'),
(343, 275, 58, 1600.00, 'Cash', '2025-06-26 11:26:06', NULL, 0, 'Class Fees', 0, 9, '2025-06-26 14:26:06'),
(344, 278, 61, 1600.00, 'Cash', '2025-06-26 11:26:21', NULL, 0, 'Class Fees', 0, 9, '2025-06-26 14:26:21'),
(345, 276, 59, 1600.00, 'MPESA', '2025-06-26 11:26:38', NULL, 0, 'Class Fees', 0, 9, '2025-06-26 14:26:38'),
(346, 280, 63, 1000.00, 'Cash', '2025-06-26 11:30:00', NULL, 0, 'Class Fees', 0, 9, '2025-06-26 14:30:00'),
(347, 303, 116, 1000.00, 'Cash', '2025-06-26 11:34:11', NULL, 0, 'Class Fees', 0, 9, '2025-06-26 14:34:11'),
(348, 303, 116, 600.00, 'MPESA', '2025-06-26 11:34:28', NULL, 0, 'Class Fees', 0, 9, '2025-06-26 14:34:28'),
(349, 297, 69, 1600.00, 'Cash', '2025-06-26 11:35:27', NULL, 0, 'Class Fees', 0, 9, '2025-06-26 14:35:27'),
(350, 128, 123, 500.00, 'MPESA', '2025-06-26 11:35:48', NULL, 0, 'Class Fees', 0, 9, '2025-06-26 14:35:48'),
(351, 304, 123, 1600.00, 'MPESA', '2025-06-26 11:35:48', NULL, 0, 'Class Fees', 0, 9, '2025-06-26 14:35:48'),
(352, 214, 66, 500.00, 'Cash', '2025-06-26 11:36:08', NULL, 0, 'Class Fees', 0, 9, '2025-06-26 14:36:08'),
(353, 245, 66, 600.00, 'Cash', '2025-06-26 11:36:08', NULL, 0, 'Class Fees', 0, 9, '2025-06-26 14:36:08'),
(354, 295, 67, 600.00, 'MPESA', '2025-06-26 11:36:26', NULL, 0, 'Class Fees', 0, 9, '2025-06-26 14:36:26'),
(355, 252, 114, 500.00, 'Cash', '2025-06-26 11:36:48', NULL, 0, 'Class Fees', 0, 9, '2025-06-26 14:36:48'),
(356, 301, 114, 500.00, 'Cash', '2025-06-26 11:36:48', NULL, 0, 'Class Fees', 0, 9, '2025-06-26 14:36:48'),
(357, 302, 115, 1600.00, 'Cash', '2025-06-26 11:37:10', NULL, 0, 'Class Fees', 0, 9, '2025-06-26 14:37:10'),
(358, 251, 113, 500.00, 'MPESA', '2025-06-26 11:37:28', NULL, 0, 'Class Fees', 0, 9, '2025-06-26 14:37:28'),
(359, 300, 113, 1100.00, 'MPESA', '2025-06-26 11:37:28', NULL, 0, 'Class Fees', 0, 9, '2025-06-26 14:37:28'),
(360, 250, 71, 500.00, 'Cash', '2025-06-26 11:37:55', NULL, 0, 'Class Fees', 0, 9, '2025-06-26 14:37:55'),
(361, 299, 71, 1100.00, 'Cash', '2025-06-26 11:37:55', NULL, 0, 'Class Fees', 0, 9, '2025-06-26 14:37:55'),
(362, 293, 64, 1600.00, 'MPESA', '2025-06-26 11:38:12', NULL, 0, 'Class Fees', 0, 9, '2025-06-26 14:38:12'),
(363, 296, 68, 1600.00, 'MPESA', '2025-06-26 11:38:38', NULL, 0, 'Class Fees', 0, 9, '2025-06-26 14:38:38'),
(365, NULL, 70, 1600.00, 'Cash', '2025-06-26 11:39:51', NULL, 1, 'Class Fees', 0, 9, '2025-06-26 14:39:51'),
(366, 283, 95, 1600.00, 'MPESA', '2025-06-26 11:51:12', NULL, 0, 'Class Fees', 0, 9, '2025-06-26 14:51:12'),
(367, 290, 112, 1000.00, 'MPESA', '2025-06-26 11:51:31', NULL, 0, 'Class Fees', 0, 9, '2025-06-26 14:51:31'),
(368, 290, 112, 400.00, 'Cash', '2025-06-26 11:51:47', NULL, 0, 'Class Fees', 0, 9, '2025-06-26 14:51:47'),
(369, 323, 112, 200.00, 'Cash', '2025-06-26 11:51:47', NULL, 0, 'Class Fees', 0, 9, '2025-06-26 14:51:47'),
(370, 307, 58, 1600.00, 'Cash', '2025-06-26 11:52:09', NULL, 0, 'Class Fees', 0, 9, '2025-06-26 14:52:09'),
(371, 305, 56, 1600.00, 'MPESA', '2025-06-26 11:52:36', NULL, 0, 'Class Fees', 0, 9, '2025-06-26 14:52:36'),
(372, 318, 99, 1600.00, 'MPESA', '2025-06-26 11:53:01', NULL, 0, 'Class Fees', 0, 9, '2025-06-26 14:53:01'),
(373, 325, 125, 1600.00, 'MPESA', '2025-06-26 11:53:26', NULL, 0, 'Class Fees', 0, 9, '2025-06-26 14:53:26'),
(374, 102, 93, 500.00, 'MPESA', '2025-06-26 11:53:47', NULL, 0, 'Class Fees', 0, 9, '2025-06-26 14:53:47'),
(375, 315, 93, 1600.00, 'MPESA', '2025-06-26 11:53:47', NULL, 0, 'Class Fees', 0, 9, '2025-06-26 14:53:47'),
(376, 322, 111, 800.00, 'MPESA', '2025-06-26 11:54:08', NULL, 0, 'Class Fees', 0, 9, '2025-06-26 14:54:08'),
(377, 229, 62, 700.00, 'MPESA', '2025-06-26 11:54:32', NULL, 0, 'Class Fees', 0, 9, '2025-06-26 14:54:32'),
(378, 279, 62, 900.00, 'MPESA', '2025-06-26 11:54:32', NULL, 0, 'Class Fees', 0, 9, '2025-06-26 14:54:32'),
(379, 310, 61, 1600.00, 'Cash', '2025-06-26 11:54:54', NULL, 0, 'Class Fees', 0, 9, '2025-06-26 14:54:54'),
(380, 280, 63, 600.00, 'Cash', '2025-06-26 11:55:16', NULL, 0, 'Class Fees', 0, 9, '2025-06-26 14:55:16'),
(381, 312, 63, 950.00, 'Cash', '2025-06-26 11:55:16', NULL, 0, 'Class Fees', 0, 9, '2025-06-26 14:55:16'),
(382, 308, 59, 1600.00, 'MPESA', '2025-06-26 11:55:40', NULL, 0, 'Class Fees', 0, 9, '2025-06-26 14:55:40'),
(383, 320, 109, 1000.00, 'Cash', '2025-06-26 11:56:07', NULL, 0, 'Class Fees', 0, 9, '2025-06-26 14:56:07'),
(384, 320, 109, 600.00, 'MPESA', '2025-06-26 11:56:21', NULL, 0, 'Class Fees', 0, 9, '2025-06-26 14:56:21'),
(385, 306, 57, 1600.00, 'Cash', '2025-06-26 11:56:36', NULL, 0, 'Class Fees', 0, 9, '2025-06-26 14:56:36'),
(386, 324, 117, 1600.00, 'MPESA', '2025-06-26 11:57:00', NULL, 0, 'Class Fees', 0, 9, '2025-06-26 14:57:00'),
(387, 309, 60, 1600.00, 'Cash', '2025-06-26 11:57:15', NULL, 0, 'Class Fees', 0, 9, '2025-06-26 14:57:15'),
(388, 316, 94, 1600.00, 'Cash', '2025-06-26 11:57:30', NULL, 0, 'Class Fees', 0, 9, '2025-06-26 14:57:30'),
(389, 333, 102, 1600.00, 'MPESA', '2025-06-26 12:02:09', NULL, 0, 'Class Fees', 0, 9, '2025-06-26 15:02:09'),
(390, 329, 53, 1600.00, 'MPESA', '2025-06-26 12:02:23', NULL, 0, 'Class Fees', 0, 9, '2025-06-26 15:02:23'),
(391, 327, 51, 1600.00, 'MPESA', '2025-06-26 12:02:41', NULL, 0, 'Class Fees', 0, 9, '2025-06-26 15:02:41'),
(392, 331, 55, 1600.00, 'MPESA', '2025-06-26 12:03:02', NULL, 0, 'Class Fees', 0, 9, '2025-06-26 15:03:02'),
(393, 269, 106, 500.00, 'MPESA', '2025-06-26 12:03:17', NULL, 0, 'Class Fees', 0, 9, '2025-06-26 15:03:17'),
(394, 337, 106, 1100.00, 'MPESA', '2025-06-26 12:03:17', NULL, 0, 'Class Fees', 0, 9, '2025-06-26 15:03:17'),
(395, 264, 97, 700.00, 'MPESA', '2025-06-26 12:03:49', NULL, 0, 'Class Fees', 0, 9, '2025-06-26 15:03:49'),
(396, 332, 97, 900.00, 'MPESA', '2025-06-26 12:03:49', NULL, 0, 'Class Fees', 0, 9, '2025-06-26 15:03:49'),
(397, 334, 103, 1600.00, 'Cash', '2025-06-26 12:04:12', NULL, 0, 'Class Fees', 0, 9, '2025-06-26 15:04:12'),
(398, 268, 105, 1000.00, 'Cash', '2025-06-26 12:04:30', NULL, 0, 'Class Fees', 0, 9, '2025-06-26 15:04:30'),
(399, 336, 105, 600.00, 'Cash', '2025-06-26 12:04:30', NULL, 0, 'Class Fees', 0, 9, '2025-06-26 15:04:30'),
(402, 330, 54, 1600.00, 'Cash', '2025-06-26 12:07:00', NULL, 0, 'Class Fees', 0, 9, '2025-06-26 15:07:00'),
(403, 326, 28, 1600.00, 'Cash', '2025-06-26 12:08:03', NULL, 0, 'Class Fees', 0, 9, '2025-06-26 15:08:03'),
(404, 339, 108, 1600.00, 'Cash', '2025-06-26 12:08:19', NULL, 0, 'Class Fees', 0, 9, '2025-06-26 15:08:19'),
(405, 337, 106, 500.00, 'MPESA', '2025-06-26 12:13:09', NULL, 0, 'Class Fees', 0, 9, '2025-06-26 15:13:09'),
(406, 353, 106, 1100.00, 'MPESA', '2025-06-26 12:13:09', NULL, 0, 'Class Fees', 0, 9, '2025-06-26 15:13:09'),
(407, 328, 52, 1600.00, 'MPESA', '2025-06-26 12:13:35', NULL, 0, 'Class Fees', 0, 9, '2025-06-26 15:13:35'),
(408, 342, 51, 1600.00, 'MPESA', '2025-06-26 12:23:47', NULL, 0, 'Class Fees', 0, 9, '2025-06-26 15:23:47'),
(409, 203, 96, 1500.00, 'MPESA', '2025-06-26 12:24:06', NULL, 0, 'Class Fees', 0, 9, '2025-06-26 15:24:06'),
(410, 263, 96, 100.00, 'MPESA', '2025-06-26 12:24:06', NULL, 0, 'Class Fees', 0, 9, '2025-06-26 15:24:06'),
(411, 349, 102, 1600.00, 'MPESA', '2025-06-26 12:24:23', NULL, 0, 'Class Fees', 0, 9, '2025-06-26 15:24:23'),
(412, 336, 105, 1000.00, 'Cash', '2025-06-26 12:24:44', NULL, 0, 'Class Fees', 0, 9, '2025-06-26 15:24:44'),
(413, 352, 105, 600.00, 'Cash', '2025-06-26 12:24:44', NULL, 0, 'Class Fees', 0, 9, '2025-06-26 15:24:44'),
(414, 338, 107, 1600.00, 'MPESA', '2025-06-26 12:25:03', NULL, 0, 'Class Fees', 0, 9, '2025-06-26 15:25:03'),
(415, 332, 97, 700.00, 'MPESA', '2025-06-26 12:25:23', NULL, 0, 'Class Fees', 0, 9, '2025-06-26 15:25:23'),
(416, 348, 97, 900.00, 'MPESA', '2025-06-26 12:25:23', NULL, 0, 'Class Fees', 0, 9, '2025-06-26 15:25:23'),
(417, 207, 104, 800.00, 'MPESA', '2025-06-26 12:25:46', NULL, 0, 'Class Fees', 0, 9, '2025-06-26 15:25:46'),
(418, 267, 104, 800.00, 'MPESA', '2025-06-26 12:25:46', NULL, 0, 'Class Fees', 0, 9, '2025-06-26 15:25:46'),
(419, 344, 53, 1600.00, 'MPESA', '2025-06-26 12:26:00', NULL, 0, 'Class Fees', 0, 9, '2025-06-26 15:26:00'),
(420, 345, 54, 1600.00, 'MPESA', '2025-06-26 12:26:17', NULL, 0, 'Class Fees', 0, 9, '2025-06-26 15:26:17'),
(421, 341, 28, 1600.00, 'Cash', '2025-06-26 12:26:34', NULL, 0, 'Class Fees', 0, 9, '2025-06-26 15:26:34'),
(422, 355, 108, 1600.00, 'Cash', '2025-06-26 12:26:49', NULL, 0, 'Class Fees', 0, 9, '2025-06-26 15:26:49'),
(423, 346, 55, 1600.00, 'MPESA', '2025-06-26 12:27:03', NULL, 0, 'Class Fees', 0, 9, '2025-06-26 15:27:03'),
(424, 314, 92, 1600.00, 'Cash', '2025-06-26 12:39:12', NULL, 0, 'Class Fees', 0, 9, '2025-06-26 15:39:12'),
(425, 352, 105, 1000.00, 'Cash', '2025-06-26 12:43:48', NULL, 0, 'Class Fees', 0, 9, '2025-06-26 15:43:48'),
(429, NULL, 70, 1600.00, 'Cash', '2025-06-26 13:05:44', NULL, 1, 'Class Fees', 0, 9, '2025-06-26 16:05:44'),
(430, 301, 114, 500.00, 'MPESA', '2025-07-04 08:57:54', NULL, 0, 'Class Fees', 0, 9, '2025-07-04 11:57:54'),
(431, 357, 64, 1600.00, 'MPESA', '2025-07-04 08:58:36', 'TFL4QAYAK4', 0, 'Class Fees', 0, 9, '2025-07-04 11:58:36'),
(432, 245, 66, 1000.00, 'MPESA', '2025-07-04 08:59:12', NULL, 0, 'Class Fees', 0, 9, '2025-07-04 11:59:12'),
(433, 294, 66, 1600.00, 'MPESA', '2025-07-04 08:59:12', NULL, 0, 'Class Fees', 0, 9, '2025-07-04 11:59:12'),
(434, 358, 66, 1600.00, 'MPESA', '2025-07-04 08:59:12', NULL, 0, 'Class Fees', 0, 9, '2025-07-04 11:59:12'),
(435, NULL, 66, 800.00, 'MPESA', '2025-07-04 08:59:12', NULL, 0, 'Class Fees', 1, 9, '2025-07-04 11:59:12'),
(436, 299, 71, 500.00, 'Cash', '2025-07-04 08:59:47', NULL, 0, 'Class Fees', 0, 9, '2025-07-04 11:59:47'),
(437, 362, 71, 1100.00, 'Cash', '2025-07-04 08:59:47', NULL, 0, 'Class Fees', 0, 9, '2025-07-04 11:59:47'),
(438, 365, 115, 1600.00, 'Cash', '2025-07-04 09:00:04', NULL, 0, 'Class Fees', 0, 9, '2025-07-04 12:00:04'),
(439, 295, 67, 1000.00, 'MPESA', '2025-07-04 09:01:04', NULL, 0, 'Class Fees', 0, 9, '2025-07-04 12:01:04'),
(440, 359, 67, 1100.00, 'MPESA', '2025-07-04 09:01:04', NULL, 0, 'Class Fees', 0, 9, '2025-07-04 12:01:04'),
(441, 300, 113, 500.00, 'MPESA', '2025-07-04 09:01:31', NULL, 0, 'Class Fees', 0, 9, '2025-07-04 12:01:31'),
(442, 363, 113, 1100.00, 'MPESA', '2025-07-04 09:01:31', NULL, 0, 'Class Fees', 0, 9, '2025-07-04 12:01:31'),
(443, 360, 69, 1600.00, 'Cash', '2025-07-04 09:02:21', NULL, 0, 'Class Fees', 0, 9, '2025-07-04 12:02:21'),
(444, 366, 116, 1600.00, 'MPESA', '2025-07-04 09:02:52', NULL, 0, 'Class Fees', 0, 9, '2025-07-04 12:02:52'),
(445, 371, 60, 1600.00, 'Cash', '2025-07-04 09:04:10', NULL, 0, 'Class Fees', 0, 9, '2025-07-04 12:04:10'),
(446, 312, 63, 650.00, 'Cash', '2025-07-04 09:04:30', NULL, 0, 'Class Fees', 0, 9, '2025-07-04 12:04:30'),
(447, 374, 63, 950.00, 'Cash', '2025-07-04 09:04:30', NULL, 0, 'Class Fees', 0, 9, '2025-07-04 12:04:30'),
(448, 370, 59, 1600.00, 'MPESA', '2025-07-04 09:05:05', NULL, 0, 'Class Fees', 0, 9, '2025-07-04 12:05:05'),
(449, 387, 117, 1600.00, 'MPESA', '2025-07-04 09:06:49', NULL, 0, 'Class Fees', 0, 9, '2025-07-04 12:06:49'),
(450, 376, 92, 1600.00, 'MPESA', '2025-07-04 09:07:10', NULL, 0, 'Class Fees', 0, 9, '2025-07-04 12:07:10'),
(451, 381, 99, 1600.00, 'Cash', '2025-07-04 09:07:36', NULL, 0, 'Class Fees', 0, 9, '2025-07-04 12:07:36'),
(452, 322, 111, 600.00, 'MPESA', '2025-07-04 09:08:07', NULL, 0, 'Class Fees', 0, 9, '2025-07-04 12:08:07'),
(453, 369, 58, 1600.00, 'Cash', '2025-07-04 09:08:27', NULL, 0, 'Class Fees', 0, 9, '2025-07-04 12:08:27'),
(454, 388, 125, 1600.00, 'MPESA', '2025-07-04 09:08:44', NULL, 0, 'Class Fees', 0, 9, '2025-07-04 12:08:44'),
(455, 288, 110, 500.00, 'Cash', '2025-07-04 09:09:11', NULL, 0, 'Class Fees', 0, 9, '2025-07-04 12:09:11'),
(456, 279, 62, 700.00, 'MPESA', '2025-07-04 09:09:36', NULL, 0, 'Class Fees', 0, 9, '2025-07-04 12:09:36'),
(457, 311, 62, 1600.00, 'MPESA', '2025-07-04 09:09:36', NULL, 0, 'Class Fees', 0, 9, '2025-07-04 12:09:36'),
(458, 373, 62, 300.00, 'MPESA', '2025-07-04 09:09:36', NULL, 0, 'Class Fees', 0, 9, '2025-07-04 12:09:36'),
(459, 383, 109, 1600.00, 'Cash', '2025-07-04 09:10:01', NULL, 0, 'Class Fees', 0, 9, '2025-07-04 12:10:01'),
(460, 372, 61, 1600.00, 'Cash', '2025-07-04 09:10:20', NULL, 0, 'Class Fees', 0, 9, '2025-07-04 12:10:20'),
(461, 368, 57, 1600.00, 'MPESA', '2025-07-04 09:10:41', NULL, 0, 'Class Fees', 0, 9, '2025-07-04 12:10:41'),
(462, 377, 93, 1600.00, 'Cash', '2025-07-04 09:10:58', NULL, 0, 'Class Fees', 0, 9, '2025-07-04 12:10:58'),
(463, 378, 94, 1600.00, 'MPESA', '2025-07-04 09:11:18', NULL, 0, 'Class Fees', 0, 9, '2025-07-04 12:11:18'),
(464, 323, 112, 1400.00, 'MPESA', '2025-07-04 09:11:47', NULL, 0, 'Class Fees', 0, 9, '2025-07-04 12:11:47'),
(465, 386, 112, 400.00, 'MPESA', '2025-07-04 09:11:47', NULL, 0, 'Class Fees', 0, 9, '2025-07-04 12:11:47'),
(466, 173, 100, 500.00, 'Cash', '2025-07-04 09:12:10', NULL, 0, 'Class Fees', 0, 9, '2025-07-04 12:12:10'),
(467, 284, 98, 1600.00, 'MPESA', '2025-07-04 09:12:31', NULL, 0, 'Class Fees', 0, 9, '2025-07-04 12:12:31'),
(468, 380, 98, 1600.00, 'MPESA', '2025-07-04 09:12:31', NULL, 0, 'Class Fees', 0, 9, '2025-07-04 12:12:31'),
(469, 392, 53, 1600.00, 'MPESA', '2025-07-04 09:17:42', NULL, 0, 'Class Fees', 0, 9, '2025-07-04 12:17:42'),
(470, 389, 28, 1600.00, 'Cash', '2025-07-04 09:17:57', NULL, 0, 'Class Fees', 0, 9, '2025-07-04 12:17:57'),
(471, 400, 105, 1600.00, 'Cash', '2025-07-04 09:18:15', NULL, 0, 'Class Fees', 0, 9, '2025-07-04 12:18:15'),
(472, 403, 108, 1600.00, 'Cash', '2025-07-04 09:18:30', NULL, 0, 'Class Fees', 0, 9, '2025-07-04 12:18:30'),
(473, 354, 107, 1600.00, 'MPESA', '2025-07-04 09:18:50', NULL, 0, 'Class Fees', 0, 9, '2025-07-04 12:18:50'),
(474, 350, 103, 1600.00, 'Cash', '2025-07-04 09:19:10', NULL, 0, 'Class Fees', 0, 9, '2025-07-04 12:19:10'),
(475, 398, 103, 1600.00, 'Cash', '2025-07-04 09:19:10', NULL, 0, 'Class Fees', 0, 9, '2025-07-04 12:19:10'),
(476, 393, 54, 1600.00, 'MPESA', '2025-07-04 09:19:35', NULL, 0, 'Class Fees', 0, 9, '2025-07-04 12:19:35'),
(477, 394, 55, 1600.00, 'MPESA', '2025-07-04 09:20:01', NULL, 0, 'Class Fees', 0, 9, '2025-07-04 12:20:01'),
(478, 397, 102, 1600.00, 'MPESA', '2025-07-04 09:20:29', NULL, 0, 'Class Fees', 0, 9, '2025-07-04 12:20:29'),
(479, 353, 106, 500.00, 'MPESA', '2025-07-04 09:20:47', NULL, 0, 'Class Fees', 0, 9, '2025-07-04 12:20:47'),
(480, 401, 106, 1100.00, 'MPESA', '2025-07-04 09:20:47', NULL, 0, 'Class Fees', 0, 9, '2025-07-04 12:20:47'),
(481, 343, 52, 1600.00, 'MPESA', '2025-07-04 09:21:16', NULL, 0, 'Class Fees', 0, 9, '2025-07-04 12:21:16');

--
-- Triggers `payments`
--
DELIMITER $$
CREATE TRIGGER `update_debts_after_payment` AFTER INSERT ON `payments` FOR EACH ROW BEGIN
    DECLARE total_due DECIMAL(10,2);
    DECLARE total_paid DECIMAL(10,2);
    IF NEW.invoice_id IS NOT NULL THEN
        SELECT amount_due INTO total_due FROM invoices WHERE id = NEW.invoice_id;
        SELECT COALESCE(SUM(amount_paid), 0) INTO total_paid FROM payments WHERE invoice_id = NEW.invoice_id;
        
        INSERT INTO debts (student_id, invoice_id, amount_due, amount_paid, debt_date, cleared, cleared_date)
        VALUES (NEW.student_id, NEW.invoice_id, total_due, total_paid, CURDATE(), total_paid >= total_due, IF(total_paid >= total_due, CURDATE(), NULL))
        ON DUPLICATE KEY UPDATE 
            amount_paid = total_paid,
            cleared = (total_paid >= total_due),
            cleared_date = IF(total_paid >= total_due, CURDATE(), NULL);
    END IF;
END
$$
DELIMITER ;

-- --------------------------------------------------------

--
-- Table structure for table `previous_completions`
--

CREATE TABLE `previous_completions` (
  `id` int(11) NOT NULL,
  `student_id` int(11) DEFAULT NULL,
  `center_name` varchar(100) DEFAULT NULL,
  `period` varchar(50) DEFAULT NULL,
  `completion_date` date DEFAULT NULL,
  `confirmed_by_npbc` tinyint(1) DEFAULT 0,
  `level_id` int(11) DEFAULT NULL
) ENGINE=InnoDB DEFAULT CHARSET=utf8mb4 COLLATE=utf8mb4_general_ci;

-- --------------------------------------------------------

--
-- Table structure for table `programs`
--

CREATE TABLE `programs` (
  `id` int(11) NOT NULL,
  `name` varchar(100) NOT NULL,
  `created_at` timestamp NOT NULL DEFAULT current_timestamp()
) ENGINE=InnoDB DEFAULT CHARSET=utf8mb4 COLLATE=utf8mb4_general_ci;

--
-- Dumping data for table `programs`
--

INSERT INTO `programs` (`id`, `name`, `created_at`) VALUES
(1, 'Diploma in Bible and Theology', '2025-04-28 12:30:58'),
(2, 'Bachelor of Arts in Bible and Theology', '2025-04-28 12:31:48');

-- --------------------------------------------------------

--
-- Table structure for table `receipts`
--

CREATE TABLE `receipts` (
  `id` int(11) NOT NULL,
  `payment_id` int(11) DEFAULT NULL,
  `receipt_number` varchar(50) DEFAULT NULL,
  `balance_bf` decimal(10,2) DEFAULT NULL,
  `balance_cf` decimal(10,2) DEFAULT NULL,
  `issued_at` timestamp NOT NULL DEFAULT current_timestamp()
) ENGINE=InnoDB DEFAULT CHARSET=utf8mb4 COLLATE=utf8mb4_general_ci;

--
-- Dumping data for table `receipts`
--

INSERT INTO `receipts` (`id`, `payment_id`, `receipt_number`, `balance_bf`, `balance_cf`, `issued_at`) VALUES
(37, 55, 'REC-000055', 0.00, -1000.00, '2025-05-11 10:50:50'),
(38, 56, 'REC-000056', 1600.00, 0.00, '2025-06-19 09:11:41'),
(39, 57, 'REC-000057', 1600.00, 0.00, '2025-06-19 09:14:38'),
(40, 58, 'REC-000058', 1600.00, 0.00, '2025-06-19 09:15:43'),
(41, 59, 'REC-000059', 1600.00, 0.00, '2025-06-19 09:16:47'),
(42, 60, 'REC-000060', 1600.00, 0.00, '2025-06-19 09:17:53'),
(43, 61, 'REC-000061', 1600.00, 0.00, '2025-06-19 09:18:35'),
(44, 62, 'REC-000062', 1600.00, 0.00, '2025-06-19 09:19:14'),
(45, 63, 'REC-000063', 0.00, -400.00, '2025-06-19 09:19:14'),
(46, 64, 'REC-000064', 1600.00, 1100.00, '2025-06-19 09:19:55'),
(47, 65, 'REC-000065', 1600.00, 1000.00, '2025-06-19 09:20:27'),
(48, 66, 'REC-000066', 1600.00, 0.00, '2025-06-19 09:22:09'),
(49, 67, 'REC-000067', 1600.00, 0.00, '2025-06-19 10:42:06'),
(50, 68, 'REC-000068', 1600.00, 0.00, '2025-06-19 13:44:52'),
(51, 69, 'REC-000069', 1600.00, 0.00, '2025-06-19 13:46:31'),
(52, 70, 'REC-000070', 1600.00, 0.00, '2025-06-19 13:47:01'),
(53, 71, 'REC-000071', 1600.00, 0.00, '2025-06-19 13:47:22'),
(54, 72, 'REC-000072', 1600.00, 0.00, '2025-06-19 13:55:31'),
(55, 73, 'REC-000073', 2100.00, 1600.00, '2025-06-19 13:56:04'),
(56, 74, 'REC-000074', 1600.00, 1500.00, '2025-06-19 13:56:04'),
(57, 75, 'REC-000075', 1600.00, 0.00, '2025-06-19 13:56:59'),
(58, 76, 'REC-000076', 1600.00, 0.00, '2025-06-19 14:12:23'),
(59, 77, 'REC-000077', 2100.00, 1600.00, '2025-06-19 14:14:41'),
(60, 78, 'REC-000078', 1600.00, 500.00, '2025-06-19 14:14:41'),
(61, 79, 'REC-000079', 1600.00, 0.00, '2025-06-19 14:15:12'),
(62, 80, 'REC-000080', 0.00, -1000.00, '2025-06-19 14:15:12'),
(63, 81, 'REC-000081', 1600.00, 0.00, '2025-06-19 14:15:46'),
(64, 82, 'REC-000082', 1600.00, 0.00, '2025-06-19 14:16:24'),
(65, 83, 'REC-000083', 1600.00, 400.00, '2025-06-19 14:17:41'),
(66, 84, 'REC-000084', 400.00, 0.00, '2025-06-19 14:18:03'),
(67, 85, 'REC-000085', 2100.00, 1600.00, '2025-06-19 14:19:49'),
(68, 86, 'REC-000086', 1600.00, 500.00, '2025-06-19 14:19:49'),
(69, 87, 'REC-000087', 2100.00, 1600.00, '2025-06-19 14:20:34'),
(70, 88, 'REC-000088', 1600.00, 0.00, '2025-06-19 14:20:34'),
(71, 89, 'REC-000089', 0.00, -1100.00, '2025-06-19 14:20:34'),
(72, 90, 'REC-000090', 1600.00, 200.00, '2025-06-19 14:21:17'),
(73, 91, 'REC-000091', 200.00, 0.00, '2025-06-19 14:21:48'),
(74, 92, 'REC-000092', 1600.00, 400.00, '2025-06-19 14:22:40'),
(75, 93, 'REC-000093', 1600.00, 0.00, '2025-06-19 14:23:22'),
(76, 94, 'REC-000094', 1600.00, 0.00, '2025-06-19 14:23:46'),
(77, 95, 'REC-000095', 1100.00, -500.00, '2025-06-20 08:21:41'),
(78, 96, 'REC-000096', 2100.00, 500.00, '2025-06-20 08:23:02'),
(79, 98, 'REC-000098', 2100.00, 500.00, '2025-06-20 08:26:17'),
(80, 99, 'REC-000099', 500.00, 100.00, '2025-06-20 08:26:17'),
(81, 100, 'REC-000100', 100.00, 0.00, '2025-06-20 08:29:32'),
(82, 101, 'REC-000101', 0.00, -100.00, '2025-06-20 08:29:32'),
(83, 102, 'REC-000102', 2100.00, 500.00, '2025-06-20 08:30:48'),
(84, 103, 'REC-000103', 2100.00, 500.00, '2025-06-20 08:31:12'),
(85, 104, 'REC-000104', 2100.00, 500.00, '2025-06-20 08:31:34'),
(86, 105, 'REC-000105', 2100.00, 500.00, '2025-06-20 08:32:06'),
(87, 106, 'REC-000106', 500.00, 0.00, '2025-06-20 08:32:06'),
(88, 107, 'REC-000107', 2100.00, 500.00, '2025-06-20 08:32:39'),
(89, 108, 'REC-000108', 1600.00, 0.00, '2025-06-20 08:48:31'),
(90, 109, 'REC-000109', 2100.00, 1600.00, '2025-06-20 08:49:11'),
(91, 110, 'REC-000110', 1600.00, 500.00, '2025-06-20 08:49:11'),
(92, 111, 'REC-000111', 3700.00, 2200.00, '2025-06-20 09:08:07'),
(93, 112, 'REC-000112', 2100.00, 1600.00, '2025-06-20 09:08:36'),
(94, 113, 'REC-000113', 1600.00, 500.00, '2025-06-20 09:08:36'),
(95, 114, 'REC-000114', 3700.00, 3200.00, '2025-06-20 09:09:38'),
(96, 115, 'REC-000115', 3200.00, 1600.00, '2025-06-20 09:10:05'),
(97, 116, 'REC-000116', 2100.00, 1600.00, '2025-06-20 09:10:33'),
(98, 117, 'REC-000117', 1600.00, 500.00, '2025-06-20 09:10:33'),
(99, 118, 'REC-000118', 2100.00, 1600.00, '2025-06-20 09:11:43'),
(100, 119, 'REC-000119', 1600.00, 500.00, '2025-06-20 09:11:43'),
(101, 121, 'REC-000121', 2100.00, 1600.00, '2025-06-20 09:12:58'),
(102, 122, 'REC-000122', 1600.00, 0.00, '2025-06-20 09:12:58'),
(103, 123, 'REC-000123', 2100.00, 1600.00, '2025-06-20 09:13:40'),
(104, 124, 'REC-000124', 1600.00, 1100.00, '2025-06-20 09:14:19'),
(105, 125, 'REC-000125', 1100.00, 0.00, '2025-06-20 09:14:19'),
(106, 126, 'REC-000126', 2100.00, 1600.00, '2025-06-20 09:14:38'),
(107, 127, 'REC-000127', 1600.00, 1100.00, '2025-06-20 09:14:38'),
(108, 128, 'REC-000128', 1600.00, 50.00, '2025-06-20 09:34:51'),
(109, 129, 'REC-000129', 1600.00, 0.00, '2025-06-20 09:35:11'),
(110, 130, 'REC-000130', 1600.00, 0.00, '2025-06-20 09:35:40'),
(111, 131, 'REC-000131', 1600.00, 0.00, '2025-06-20 09:36:01'),
(112, 132, 'REC-000132', 1600.00, 0.00, '2025-06-20 09:36:24'),
(113, 133, 'REC-000133', 1600.00, 0.00, '2025-06-20 09:36:47'),
(114, 134, 'REC-000134', 1600.00, 0.00, '2025-06-20 09:38:33'),
(115, 135, 'REC-000135', 3200.00, 1600.00, '2025-06-20 09:39:08'),
(116, 136, 'REC-000136', 1600.00, 0.00, '2025-06-20 09:39:08'),
(117, 137, 'REC-000137', 1600.00, 0.00, '2025-06-20 09:39:31'),
(118, 138, 'REC-000138', 1600.00, 0.00, '2025-06-20 09:40:05'),
(119, 139, 'REC-000139', 1600.00, 0.00, '2025-06-20 09:40:22'),
(120, 140, 'REC-000140', 2000.00, 1600.00, '2025-06-20 09:41:10'),
(121, 141, 'REC-000141', 1600.00, 900.00, '2025-06-20 09:41:10'),
(122, 142, 'REC-000142', 900.00, 400.00, '2025-06-20 09:41:32'),
(123, 143, 'REC-000143', 1600.00, 0.00, '2025-06-20 09:41:57'),
(124, 144, 'REC-000144', 1600.00, 0.00, '2025-06-20 09:42:29'),
(125, 145, 'REC-000145', 1600.00, 0.00, '2025-06-20 09:44:03'),
(126, 146, 'REC-000146', 500.00, -900.00, '2025-06-20 09:44:37'),
(127, 147, 'REC-000147', 2100.00, 1600.00, '2025-06-20 09:45:25'),
(128, 148, 'REC-000148', 1600.00, 100.00, '2025-06-20 09:45:25'),
(129, 149, 'REC-000149', 1600.00, 0.00, '2025-06-20 09:46:00'),
(130, 150, 'REC-000150', 3100.00, 1600.00, '2025-06-20 09:46:38'),
(131, 151, 'REC-000151', 1600.00, 1500.00, '2025-06-20 09:46:38'),
(132, 152, 'REC-000152', 3200.00, 1700.00, '2025-06-20 09:47:04'),
(133, 153, 'REC-000153', 2100.00, 1600.00, '2025-06-20 12:36:51'),
(134, 154, 'REC-000154', 1600.00, 500.00, '2025-06-20 12:36:51'),
(135, 155, 'REC-000155', 2100.00, 1600.00, '2025-06-20 12:37:54'),
(136, 156, 'REC-000156', 1600.00, 0.00, '2025-06-20 12:37:54'),
(137, 157, 'REC-000157', 2100.00, 1600.00, '2025-06-20 12:38:25'),
(138, 158, 'REC-000158', 1600.00, 500.00, '2025-06-20 12:38:25'),
(139, 159, 'REC-000159', 3200.00, 2700.00, '2025-06-20 12:39:04'),
(140, 160, 'REC-000160', 2700.00, 2000.00, '2025-06-20 12:39:04'),
(141, 161, 'REC-000161', 2000.00, 1600.00, '2025-06-20 12:39:31'),
(142, 162, 'REC-000162', 2100.00, 1600.00, '2025-06-20 12:39:54'),
(143, 163, 'REC-000163', 1600.00, 0.00, '2025-06-20 12:39:54'),
(144, 164, 'REC-000164', 1600.00, 0.00, '2025-06-20 12:40:44'),
(145, 165, 'REC-000165', 3800.00, 3700.00, '2025-06-20 12:41:13'),
(146, 166, 'REC-000166', 3700.00, 3200.00, '2025-06-20 12:41:13'),
(147, 167, 'REC-000167', 3200.00, 2200.00, '2025-06-20 12:41:13'),
(148, 168, 'REC-000168', 1500.00, -100.00, '2025-06-20 12:41:38'),
(149, 169, 'REC-000169', 1600.00, 0.00, '2025-06-20 12:42:00'),
(150, 170, 'REC-000170', 1600.00, 1100.00, '2025-06-20 12:42:20'),
(151, 171, 'REC-000171', 1100.00, 0.00, '2025-06-20 12:42:20'),
(152, 172, 'REC-000172', 1600.00, 0.00, '2025-06-20 12:50:58'),
(153, 173, 'REC-000173', 1600.00, 0.00, '2025-06-20 13:03:18'),
(154, 174, 'REC-000174', 1600.00, 0.00, '2025-06-20 13:06:33'),
(155, 175, 'REC-000175', 1600.00, 0.00, '2025-06-20 13:06:55'),
(156, 176, 'REC-000176', 1600.00, 0.00, '2025-06-20 13:56:53'),
(157, 177, 'REC-000177', 1600.00, 0.00, '2025-06-20 13:57:11'),
(158, 178, 'REC-000178', 1600.00, 0.00, '2025-06-20 13:57:49'),
(159, 179, 'REC-000179', 1600.00, 600.00, '2025-06-20 13:58:11'),
(160, 180, 'REC-000180', 600.00, 0.00, '2025-06-20 13:58:28'),
(161, 181, 'REC-000181', 1600.00, 0.00, '2025-06-20 13:58:44'),
(162, 182, 'REC-000182', 600.00, -400.00, '2025-06-20 13:59:00'),
(163, 183, 'REC-000183', 1600.00, 0.00, '2025-06-20 13:59:34'),
(164, 184, 'REC-000184', 1700.00, 1600.00, '2025-06-20 13:59:58'),
(165, 185, 'REC-000185', 1600.00, 1000.00, '2025-06-20 13:59:58'),
(166, 186, 'REC-000186', 1000.00, 0.00, '2025-06-20 14:00:19'),
(167, 187, 'REC-000187', 1600.00, 0.00, '2025-06-20 14:00:37'),
(168, 191, 'REC-000191', 3300.00, 3200.00, '2025-06-20 14:03:12'),
(169, 192, 'REC-000192', 3200.00, 1600.00, '2025-06-20 14:03:32'),
(170, 193, 'REC-000193', 1600.00, 0.00, '2025-06-20 14:04:28'),
(171, 194, 'REC-000194', 3100.00, 2350.00, '2025-06-20 14:04:51'),
(172, 195, 'REC-000195', 700.00, 500.00, '2025-06-20 14:05:09'),
(173, 196, 'REC-000196', 500.00, -900.00, '2025-06-20 14:05:09'),
(174, 197, 'REC-000197', 2000.00, 1600.00, '2025-06-20 14:05:33'),
(175, 198, 'REC-000198', 1600.00, 1000.00, '2025-06-20 14:05:33'),
(176, 199, 'REC-000199', 2600.00, 1800.00, '2025-06-20 14:13:27'),
(177, 200, 'REC-000200', 3200.00, 1600.00, '2025-06-20 14:13:50'),
(178, 201, 'REC-000201', 1600.00, 700.00, '2025-06-20 14:13:50'),
(179, 202, 'REC-000202', 1600.00, 0.00, '2025-06-20 14:14:08'),
(180, 203, 'REC-000203', 1600.00, 0.00, '2025-06-20 14:14:46'),
(181, 204, 'REC-000204', 1600.00, 0.00, '2025-06-20 14:15:07'),
(182, 205, 'REC-000205', 1600.00, 0.00, '2025-06-20 14:15:25'),
(183, 206, 'REC-000206', 2100.00, 1600.00, '2025-06-20 14:16:11'),
(184, 207, 'REC-000207', 1600.00, 500.00, '2025-06-20 14:16:11'),
(185, 208, 'REC-000208', 2700.00, 1600.00, '2025-06-20 14:18:44'),
(186, 209, 'REC-000209', 1600.00, 200.00, '2025-06-20 14:18:44'),
(187, 210, 'REC-000210', 1600.00, 0.00, '2025-06-20 14:59:22'),
(188, 211, 'REC-000211', 1600.00, 0.00, '2025-06-20 14:59:39'),
(189, 212, 'REC-000212', 1600.00, 0.00, '2025-06-20 14:59:55'),
(190, 213, 'REC-000213', 1600.00, 0.00, '2025-06-20 15:00:12'),
(191, 214, 'REC-000214', 1600.00, 0.00, '2025-06-20 15:00:35'),
(192, 215, 'REC-000215', 1600.00, 0.00, '2025-06-20 15:00:53'),
(193, 216, 'REC-000216', 1200.00, -400.00, '2025-06-20 15:01:08'),
(194, 217, 'REC-000217', -400.00, -800.00, '2025-06-20 15:01:27'),
(195, 218, 'REC-000218', 2100.00, 1600.00, '2025-06-26 08:20:40'),
(196, 219, 'REC-000219', 1600.00, 500.00, '2025-06-26 08:20:40'),
(197, 220, 'REC-000220', 2100.00, 1600.00, '2025-06-26 08:21:03'),
(198, 221, 'REC-000221', 1600.00, 100.00, '2025-06-26 08:21:03'),
(199, 222, 'REC-000222', 1600.00, 0.00, '2025-06-26 08:21:38'),
(200, 223, 'REC-000223', 1600.00, 1100.00, '2025-06-26 08:22:00'),
(201, 224, 'REC-000224', 1100.00, 0.00, '2025-06-26 08:22:00'),
(202, 225, 'REC-000225', 1600.00, 0.00, '2025-06-26 08:22:22'),
(203, 226, 'REC-000226', 1600.00, 0.00, '2025-06-26 08:22:46'),
(204, 227, 'REC-000227', 1100.00, 600.00, '2025-06-26 08:23:08'),
(205, 228, 'REC-000228', 600.00, -1000.00, '2025-06-26 08:23:08'),
(206, 229, 'REC-000229', 1500.00, 400.00, '2025-06-26 08:23:29'),
(207, 230, 'REC-000230', 3800.00, 3200.00, '2025-06-26 08:23:58'),
(208, 231, 'REC-000231', 3200.00, 2200.00, '2025-06-26 08:23:58'),
(209, 232, 'REC-000232', 1600.00, 0.00, '2025-06-26 08:24:18'),
(210, 233, 'REC-000233', 3200.00, 1600.00, '2025-06-26 08:32:38'),
(211, 234, 'REC-000234', 3200.00, 3000.00, '2025-06-26 08:32:56'),
(212, 235, 'REC-000235', 700.00, 500.00, '2025-06-26 08:33:19'),
(213, 236, 'REC-000236', 500.00, -900.00, '2025-06-26 08:33:19'),
(214, 237, 'REC-000237', 1600.00, 0.00, '2025-06-26 08:33:45'),
(215, 238, 'REC-000238', 1600.00, 0.00, '2025-06-26 08:34:09'),
(216, 239, 'REC-000239', 1600.00, 0.00, '2025-06-26 08:34:27'),
(217, 240, 'REC-000240', 1600.00, 1000.00, '2025-06-26 08:34:48'),
(218, 241, 'REC-000241', 1000.00, 0.00, '2025-06-26 08:35:03'),
(219, 242, 'REC-000242', 1200.00, 600.00, '2025-06-26 08:35:27'),
(220, 243, 'REC-000243', 600.00, -1000.00, '2025-06-26 08:35:27'),
(221, 244, 'REC-000244', -1000.00, -1400.00, '2025-06-26 08:35:27'),
(222, 245, 'REC-000245', 1600.00, 0.00, '2025-06-26 08:35:46'),
(223, 246, 'REC-000246', 2600.00, 1600.00, '2025-06-26 08:36:13'),
(224, 247, 'REC-000247', 1600.00, 1000.00, '2025-06-26 08:36:13'),
(225, 248, 'REC-000248', 1600.00, 0.00, '2025-06-26 08:36:42'),
(226, 249, 'REC-000249', 1600.00, 0.00, '2025-06-26 08:37:00'),
(227, 250, 'REC-000250', 1600.00, 0.00, '2025-06-26 08:37:26'),
(228, 251, 'REC-000251', 3950.00, 3200.00, '2025-06-26 08:37:54'),
(229, 252, 'REC-000252', 3200.00, 3100.00, '2025-06-26 08:37:54'),
(230, 253, 'REC-000253', 3100.00, 2300.00, '2025-06-26 08:38:14'),
(231, 254, 'REC-000254', 1600.00, 0.00, '2025-06-26 08:38:37'),
(232, 255, 'REC-000255', 1600.00, 0.00, '2025-06-26 08:39:01'),
(233, 256, 'REC-000256', 1650.00, 1600.00, '2025-06-26 08:39:19'),
(234, 257, 'REC-000257', 1600.00, 0.00, '2025-06-26 08:39:19'),
(235, 258, 'REC-000258', 0.00, -50.00, '2025-06-26 08:39:19'),
(236, 259, 'REC-000259', 1600.00, 600.00, '2025-06-26 08:39:45'),
(237, 260, 'REC-000260', 3200.00, 1600.00, '2025-06-26 08:40:08'),
(238, 261, 'REC-000261', 1600.00, 0.00, '2025-06-26 08:44:06'),
(239, 262, 'REC-000262', 1600.00, 0.00, '2025-06-26 09:02:51'),
(240, 263, 'REC-000263', 1600.00, 0.00, '2025-06-26 09:03:12'),
(241, 264, 'REC-000264', 1600.00, 0.00, '2025-06-26 09:03:31'),
(242, 265, 'REC-000265', 1600.00, 0.00, '2025-06-26 09:03:51'),
(243, 266, 'REC-000266', 1600.00, 0.00, '2025-06-26 09:04:11'),
(244, 267, 'REC-000267', 1600.00, 0.00, '2025-06-26 09:04:30'),
(245, 268, 'REC-000268', 3400.00, 3200.00, '2025-06-26 09:04:54'),
(246, 269, 'REC-000269', 3200.00, 2400.00, '2025-06-26 09:04:54'),
(247, 270, 'REC-000270', 2100.00, 1600.00, '2025-06-26 09:05:30'),
(248, 271, 'REC-000271', 1600.00, 500.00, '2025-06-26 09:05:30'),
(249, 272, 'REC-000272', 1600.00, 0.00, '2025-06-26 09:05:58'),
(250, 273, 'REC-000273', 1800.00, 1600.00, '2025-06-26 09:06:23'),
(251, 274, 'REC-000274', 1600.00, 1000.00, '2025-06-26 09:06:23'),
(252, 275, 'REC-000275', 1600.00, 0.00, '2025-06-26 09:06:45'),
(253, 276, 'REC-000276', 800.00, -800.00, '2025-06-26 09:08:07'),
(254, 277, 'REC-000277', -800.00, -1200.00, '2025-06-26 09:08:07'),
(255, 278, 'REC-000278', 1600.00, 0.00, '2025-06-26 10:56:45'),
(256, 279, 'REC-000279', 2100.00, 1600.00, '2025-06-26 10:57:14'),
(257, 280, 'REC-000280', 1600.00, 500.00, '2025-06-26 10:57:14'),
(258, 281, 'REC-000281', 1600.00, 0.00, '2025-06-26 10:57:59'),
(259, 282, 'REC-000282', 4800.00, 4300.00, '2025-06-26 10:58:45'),
(260, 283, 'REC-000283', 4300.00, 3200.00, '2025-06-26 10:58:45'),
(261, 284, 'REC-000284', 3200.00, 2700.00, '2025-06-26 10:59:22'),
(262, 285, 'REC-000285', 2700.00, 1600.00, '2025-06-26 10:59:22'),
(263, 286, 'REC-000286', 3800.00, 3200.00, '2025-06-26 11:02:04'),
(264, 287, 'REC-000287', 3200.00, 1600.00, '2025-06-26 11:02:04'),
(265, 288, 'REC-000288', 1600.00, 0.00, '2025-06-26 11:02:04'),
(266, 289, 'REC-000289', 0.00, -1200.00, '2025-06-26 11:02:04'),
(267, 290, 'REC-000290', 600.00, -1000.00, '2025-06-26 11:02:53'),
(268, 291, 'REC-000291', 2100.00, 1600.00, '2025-06-26 11:03:12'),
(269, 292, 'REC-000292', 1600.00, 500.00, '2025-06-26 11:03:12'),
(270, 293, 'REC-000293', 2100.00, 1600.00, '2025-06-26 11:03:30'),
(271, 294, 'REC-000294', 1600.00, 0.00, '2025-06-26 11:03:30'),
(272, 295, 'REC-000295', 1700.00, 1600.00, '2025-06-26 11:04:01'),
(273, 296, 'REC-000296', 1600.00, 0.00, '2025-06-26 11:04:01'),
(274, 297, 'REC-000297', 1600.00, 0.00, '2025-06-26 11:04:40'),
(275, 298, 'REC-000298', 2000.00, 1500.00, '2025-06-26 11:04:57'),
(276, 299, 'REC-000299', 1500.00, 400.00, '2025-06-26 11:04:57'),
(277, 300, 'REC-000300', 1600.00, 0.00, '2025-06-26 11:05:15'),
(278, 301, 'REC-000301', 1600.00, 0.00, '2025-06-26 11:05:39'),
(279, 302, 'REC-000302', 1600.00, 0.00, '2025-06-26 11:14:17'),
(280, 303, 'REC-000303', 1600.00, 0.00, '2025-06-26 11:14:35'),
(281, 304, 'REC-000304', 1600.00, 0.00, '2025-06-26 11:14:53'),
(282, 305, 'REC-000305', 3900.00, 3200.00, '2025-06-26 11:15:14'),
(283, 306, 'REC-000306', 3200.00, 2400.00, '2025-06-26 11:15:14'),
(284, 307, 'REC-000307', 2600.00, 1600.00, '2025-06-26 11:15:34'),
(285, 308, 'REC-000308', 1600.00, 1000.00, '2025-06-26 11:15:34'),
(286, 309, 'REC-000309', 1600.00, 600.00, '2025-06-26 11:15:52'),
(287, 310, 'REC-000310', 1600.00, 0.00, '2025-06-26 11:16:10'),
(288, 311, 'REC-000311', 1600.00, 0.00, '2025-06-26 11:16:29'),
(289, 312, 'REC-000312', 1600.00, 0.00, '2025-06-26 11:17:53'),
(290, 313, 'REC-000313', 1600.00, 0.00, '2025-06-26 11:18:13'),
(291, 314, 'REC-000314', 2100.00, 1600.00, '2025-06-26 11:18:29'),
(292, 315, 'REC-000315', 1600.00, 500.00, '2025-06-26 11:18:29'),
(293, 316, 'REC-000316', 3200.00, 1600.00, '2025-06-26 11:18:48'),
(294, 317, 'REC-000317', 1600.00, 700.00, '2025-06-26 11:18:48'),
(295, 318, 'REC-000318', 400.00, -1200.00, '2025-06-26 11:19:16'),
(296, 319, 'REC-000319', -1200.00, -1600.00, '2025-06-26 11:19:16'),
(297, 320, 'REC-000320', 4000.00, 3200.00, '2025-06-26 11:19:37'),
(298, 321, 'REC-000321', 3200.00, 3100.00, '2025-06-26 11:19:37'),
(299, 322, 'REC-000322', 3200.00, 1600.00, '2025-06-26 11:19:56'),
(300, 323, 'REC-000323', 1600.00, 0.00, '2025-06-26 11:19:56'),
(301, 324, 'REC-000324', 3200.00, 1600.00, '2025-06-26 11:20:22'),
(302, 325, 'REC-000325', 1600.00, 0.00, '2025-06-26 11:21:19'),
(303, 326, 'REC-000326', 3900.00, 3200.00, '2025-06-26 11:21:39'),
(304, 327, 'REC-000327', 3200.00, 2300.00, '2025-06-26 11:21:39'),
(305, 328, 'REC-000328', 3200.00, 1600.00, '2025-06-26 11:22:01'),
(306, 329, 'REC-000329', 2600.00, 1600.00, '2025-06-26 11:22:24'),
(307, 330, 'REC-000330', 1600.00, 1400.00, '2025-06-26 11:22:24'),
(308, 331, 'REC-000331', 1600.00, 0.00, '2025-06-26 11:22:42'),
(309, 332, 'REC-000332', 1600.00, 0.00, '2025-06-26 11:22:56'),
(310, 333, 'REC-000333', 1600.00, 0.00, '2025-06-26 11:23:21'),
(311, 334, 'REC-000334', 1600.00, 0.00, '2025-06-26 11:23:36'),
(312, 335, 'REC-000335', 700.00, 500.00, '2025-06-26 11:24:17'),
(313, 336, 'REC-000336', 500.00, -300.00, '2025-06-26 11:24:17'),
(314, 337, 'REC-000337', 1600.00, 0.00, '2025-06-26 11:24:31'),
(315, 338, 'REC-000338', 2200.00, 1600.00, '2025-06-26 11:24:57'),
(316, 339, 'REC-000339', 1600.00, 0.00, '2025-06-26 11:24:57'),
(317, 340, 'REC-000340', 1600.00, 0.00, '2025-06-26 11:25:12'),
(318, 341, 'REC-000341', 1600.00, 0.00, '2025-06-26 11:25:41'),
(319, 342, 'REC-000342', 1600.00, 0.00, '2025-06-26 11:25:54'),
(320, 343, 'REC-000343', 1600.00, 0.00, '2025-06-26 11:26:06'),
(321, 344, 'REC-000344', 1600.00, 0.00, '2025-06-26 11:26:21'),
(322, 345, 'REC-000345', 1600.00, 0.00, '2025-06-26 11:26:38'),
(323, 346, 'REC-000346', 1550.00, 550.00, '2025-06-26 11:30:00'),
(324, 347, 'REC-000347', 1600.00, 600.00, '2025-06-26 11:34:11'),
(325, 348, 'REC-000348', 600.00, 0.00, '2025-06-26 11:34:28'),
(326, 349, 'REC-000349', 1600.00, 0.00, '2025-06-26 11:35:27'),
(327, 350, 'REC-000350', 2100.00, 1600.00, '2025-06-26 11:35:48'),
(328, 351, 'REC-000351', 1600.00, 0.00, '2025-06-26 11:35:48'),
(329, 352, 'REC-000352', 3200.00, 2700.00, '2025-06-26 11:36:08'),
(330, 353, 'REC-000353', 2700.00, 2100.00, '2025-06-26 11:36:08'),
(331, 354, 'REC-000354', 1600.00, 1000.00, '2025-06-26 11:36:26'),
(332, 355, 'REC-000355', 2000.00, 1500.00, '2025-06-26 11:36:48'),
(333, 356, 'REC-000356', 1500.00, 1000.00, '2025-06-26 11:36:48'),
(334, 357, 'REC-000357', 1600.00, 0.00, '2025-06-26 11:37:10'),
(335, 358, 'REC-000358', 2100.00, 1600.00, '2025-06-26 11:37:28'),
(336, 359, 'REC-000359', 1600.00, 500.00, '2025-06-26 11:37:28'),
(337, 360, 'REC-000360', 2100.00, 1600.00, '2025-06-26 11:37:55'),
(338, 361, 'REC-000361', 1600.00, 500.00, '2025-06-26 11:37:55'),
(339, 362, 'REC-000362', 600.00, -1000.00, '2025-06-26 11:38:12'),
(340, 363, 'REC-000363', 1600.00, 0.00, '2025-06-26 11:38:38'),
(341, 365, 'REC-000365', 400.00, -1200.00, '2025-06-26 11:39:51'),
(342, 366, 'REC-000366', 3200.00, 1600.00, '2025-06-26 11:51:12'),
(343, 367, 'REC-000367', 3000.00, 2000.00, '2025-06-26 11:51:31'),
(344, 368, 'REC-000368', 2000.00, 1600.00, '2025-06-26 11:51:47'),
(345, 369, 'REC-000369', 1600.00, 1400.00, '2025-06-26 11:51:47'),
(346, 370, 'REC-000370', 1600.00, 0.00, '2025-06-26 11:52:09'),
(347, 371, 'REC-000371', 1600.00, 0.00, '2025-06-26 11:52:36'),
(348, 372, 'REC-000372', 1600.00, 0.00, '2025-06-26 11:53:02'),
(349, 373, 'REC-000373', 1600.00, 0.00, '2025-06-26 11:53:26'),
(350, 374, 'REC-000374', 2100.00, 1600.00, '2025-06-26 11:53:47'),
(351, 375, 'REC-000375', 1600.00, 0.00, '2025-06-26 11:53:47'),
(352, 376, 'REC-000376', 1600.00, 800.00, '2025-06-26 11:54:08'),
(353, 377, 'REC-000377', 3900.00, 3200.00, '2025-06-26 11:54:32'),
(354, 378, 'REC-000378', 3200.00, 2300.00, '2025-06-26 11:54:32'),
(355, 379, 'REC-000379', 1600.00, 0.00, '2025-06-26 11:54:54'),
(356, 380, 'REC-000380', 2150.00, 1550.00, '2025-06-26 11:55:16'),
(357, 381, 'REC-000381', 1550.00, 600.00, '2025-06-26 11:55:16'),
(358, 382, 'REC-000382', 1600.00, 0.00, '2025-06-26 11:55:40'),
(359, 383, 'REC-000383', 1600.00, 600.00, '2025-06-26 11:56:07'),
(360, 384, 'REC-000384', 600.00, 0.00, '2025-06-26 11:56:21'),
(361, 385, 'REC-000385', 1600.00, 0.00, '2025-06-26 11:56:36'),
(362, 386, 'REC-000386', 1600.00, 0.00, '2025-06-26 11:57:00'),
(363, 387, 'REC-000387', 1600.00, 0.00, '2025-06-26 11:57:15'),
(364, 388, 'REC-000388', 1600.00, 0.00, '2025-06-26 11:57:30'),
(365, 389, 'REC-000389', 1600.00, 0.00, '2025-06-26 12:02:09'),
(366, 390, 'REC-000390', 1600.00, 0.00, '2025-06-26 12:02:23'),
(367, 391, 'REC-000391', 1600.00, 0.00, '2025-06-26 12:02:41'),
(368, 392, 'REC-000392', 1600.00, 0.00, '2025-06-26 12:03:02'),
(369, 393, 'REC-000393', 2100.00, 1600.00, '2025-06-26 12:03:17'),
(370, 394, 'REC-000394', 1600.00, 500.00, '2025-06-26 12:03:17'),
(371, 395, 'REC-000395', 2300.00, 1600.00, '2025-06-26 12:03:49'),
(372, 396, 'REC-000396', 1600.00, 700.00, '2025-06-26 12:03:49'),
(373, 397, 'REC-000397', 1600.00, 0.00, '2025-06-26 12:04:12'),
(374, 398, 'REC-000398', 2600.00, 1600.00, '2025-06-26 12:04:30'),
(375, 399, 'REC-000399', 1600.00, 1000.00, '2025-06-26 12:04:30'),
(376, 402, 'REC-000402', 1600.00, 0.00, '2025-06-26 12:07:00'),
(377, 403, 'REC-000403', 1600.00, 0.00, '2025-06-26 12:08:03'),
(378, 404, 'REC-000404', 1600.00, 0.00, '2025-06-26 12:08:19'),
(379, 405, 'REC-000405', 2100.00, 1600.00, '2025-06-26 12:13:09'),
(380, 406, 'REC-000406', 1600.00, 500.00, '2025-06-26 12:13:09'),
(381, 407, 'REC-000407', 1600.00, 0.00, '2025-06-26 12:13:35'),
(382, 408, 'REC-000408', 1600.00, 0.00, '2025-06-26 12:23:47'),
(383, 409, 'REC-000409', 4700.00, 3200.00, '2025-06-26 12:24:06'),
(384, 410, 'REC-000410', 3200.00, 3100.00, '2025-06-26 12:24:06'),
(385, 411, 'REC-000411', 1600.00, 0.00, '2025-06-26 12:24:23'),
(386, 412, 'REC-000412', 2600.00, 1600.00, '2025-06-26 12:24:44'),
(387, 413, 'REC-000413', 1600.00, 1000.00, '2025-06-26 12:24:44'),
(388, 414, 'REC-000414', 3200.00, 1600.00, '2025-06-26 12:25:03'),
(389, 415, 'REC-000415', 2300.00, 1600.00, '2025-06-26 12:25:23'),
(390, 416, 'REC-000416', 1600.00, 700.00, '2025-06-26 12:25:23'),
(391, 417, 'REC-000417', 5600.00, 4800.00, '2025-06-26 12:25:46'),
(392, 418, 'REC-000418', 4800.00, 4000.00, '2025-06-26 12:25:46'),
(393, 419, 'REC-000419', 1600.00, 0.00, '2025-06-26 12:26:00'),
(394, 420, 'REC-000420', 1600.00, 0.00, '2025-06-26 12:26:17'),
(395, 421, 'REC-000421', 1600.00, 0.00, '2025-06-26 12:26:34'),
(396, 422, 'REC-000422', 1600.00, 0.00, '2025-06-26 12:26:49'),
(397, 423, 'REC-000423', 1600.00, 0.00, '2025-06-26 12:27:03'),
(398, 424, 'REC-000424', 1600.00, 0.00, '2025-06-26 12:39:12'),
(399, 425, 'REC-000425', 1000.00, 0.00, '2025-06-26 12:43:48'),
(400, 429, 'REC-000429', -1200.00, -2800.00, '2025-06-26 13:05:44'),
(401, 430, 'REC-000430', 2600.00, 2100.00, '2025-07-04 08:57:54'),
(402, 431, 'REC-000431', 600.00, -1000.00, '2025-07-04 08:58:36'),
(403, 432, 'REC-000432', 3700.00, 2700.00, '2025-07-04 08:59:12'),
(404, 433, 'REC-000433', 2700.00, 1100.00, '2025-07-04 08:59:12'),
(405, 434, 'REC-000434', 1100.00, -500.00, '2025-07-04 08:59:12'),
(406, 435, 'REC-000435', -500.00, -1300.00, '2025-07-04 08:59:12'),
(407, 436, 'REC-000436', 2100.00, 1600.00, '2025-07-04 08:59:47'),
(408, 437, 'REC-000437', 1600.00, 500.00, '2025-07-04 08:59:47'),
(409, 438, 'REC-000438', 1600.00, 0.00, '2025-07-04 09:00:04'),
(410, 439, 'REC-000439', 2600.00, 1600.00, '2025-07-04 09:01:04'),
(411, 440, 'REC-000440', 1600.00, 500.00, '2025-07-04 09:01:04'),
(412, 441, 'REC-000441', 2100.00, 1600.00, '2025-07-04 09:01:31'),
(413, 442, 'REC-000442', 1600.00, 500.00, '2025-07-04 09:01:31'),
(414, 443, 'REC-000443', 1600.00, 0.00, '2025-07-04 09:02:21'),
(415, 444, 'REC-000444', 1600.00, 0.00, '2025-07-04 09:02:52'),
(416, 445, 'REC-000445', 1600.00, 0.00, '2025-07-04 09:04:10'),
(417, 446, 'REC-000446', 2200.00, 1550.00, '2025-07-04 09:04:30'),
(418, 447, 'REC-000447', 1550.00, 600.00, '2025-07-04 09:04:30'),
(419, 448, 'REC-000448', 1600.00, 0.00, '2025-07-04 09:05:05'),
(420, 449, 'REC-000449', 1600.00, 0.00, '2025-07-04 09:06:49'),
(421, 450, 'REC-000450', 1600.00, 0.00, '2025-07-04 09:07:10'),
(422, 451, 'REC-000451', 1600.00, 0.00, '2025-07-04 09:07:36'),
(423, 452, 'REC-000452', 2400.00, 1800.00, '2025-07-04 09:08:07'),
(424, 453, 'REC-000453', 1600.00, 0.00, '2025-07-04 09:08:27'),
(425, 454, 'REC-000454', 1600.00, 0.00, '2025-07-04 09:08:44'),
(426, 455, 'REC-000455', 2900.00, 2400.00, '2025-07-04 09:09:11'),
(427, 456, 'REC-000456', 3900.00, 3200.00, '2025-07-04 09:09:36'),
(428, 457, 'REC-000457', 3200.00, 1600.00, '2025-07-04 09:09:36'),
(429, 458, 'REC-000458', 1600.00, 1300.00, '2025-07-04 09:09:36'),
(430, 459, 'REC-000459', 1600.00, 0.00, '2025-07-04 09:10:01'),
(431, 460, 'REC-000460', 1600.00, 0.00, '2025-07-04 09:10:20'),
(432, 461, 'REC-000461', 1600.00, 0.00, '2025-07-04 09:10:41'),
(433, 462, 'REC-000462', 1600.00, 0.00, '2025-07-04 09:10:58'),
(434, 463, 'REC-000463', 1600.00, 0.00, '2025-07-04 09:11:18'),
(435, 464, 'REC-000464', 3000.00, 1600.00, '2025-07-04 09:11:47'),
(436, 465, 'REC-000465', 1600.00, 1200.00, '2025-07-04 09:11:47'),
(437, 466, 'REC-000466', 7800.00, 7300.00, '2025-07-04 09:12:10'),
(438, 467, 'REC-000467', 3200.00, 1600.00, '2025-07-04 09:12:31'),
(439, 468, 'REC-000468', 1600.00, 0.00, '2025-07-04 09:12:31'),
(440, 469, 'REC-000469', 1600.00, 0.00, '2025-07-04 09:17:42'),
(441, 470, 'REC-000470', 1600.00, 0.00, '2025-07-04 09:17:57'),
(442, 471, 'REC-000471', 1600.00, 0.00, '2025-07-04 09:18:15'),
(443, 472, 'REC-000472', 1600.00, 0.00, '2025-07-04 09:18:30'),
(444, 473, 'REC-000473', 3200.00, 1600.00, '2025-07-04 09:18:50'),
(445, 474, 'REC-000474', 3200.00, 1600.00, '2025-07-04 09:19:10'),
(446, 475, 'REC-000475', 1600.00, 0.00, '2025-07-04 09:19:10'),
(447, 476, 'REC-000476', 1600.00, 0.00, '2025-07-04 09:19:35'),
(448, 477, 'REC-000477', 1600.00, 0.00, '2025-07-04 09:20:01'),
(449, 478, 'REC-000478', 1600.00, 0.00, '2025-07-04 09:20:29'),
(450, 479, 'REC-000479', 2100.00, 1600.00, '2025-07-04 09:20:47'),
(451, 480, 'REC-000480', 1600.00, 500.00, '2025-07-04 09:20:47'),
(452, 481, 'REC-000481', 1600.00, 0.00, '2025-07-04 09:21:16');

-- --------------------------------------------------------

--
-- Table structure for table `remittances`
--

CREATE TABLE `remittances` (
  `id` int(11) NOT NULL,
  `remittance_date` date DEFAULT NULL,
  `amount` decimal(10,2) NOT NULL,
  `description` text DEFAULT NULL,
  `mpesa_code` varchar(20) DEFAULT NULL,
  `mpesa_receipt` varchar(255) DEFAULT NULL,
  `created_by` int(11) DEFAULT NULL,
  `created_at` timestamp NOT NULL DEFAULT current_timestamp()
) ENGINE=InnoDB DEFAULT CHARSET=utf8mb4 COLLATE=utf8mb4_general_ci;

-- --------------------------------------------------------

--
-- Table structure for table `remittance_sessions`
--

CREATE TABLE `remittance_sessions` (
  `id` int(11) NOT NULL,
  `remittance_id` int(11) NOT NULL,
  `session_id` int(11) NOT NULL
) ENGINE=InnoDB DEFAULT CHARSET=utf8mb4 COLLATE=utf8mb4_general_ci;

-- --------------------------------------------------------

--
-- Table structure for table `students`
--

CREATE TABLE `students` (
  `id` int(11) NOT NULL,
  `first_name` varchar(50) NOT NULL,
  `other_name` varchar(50) DEFAULT NULL,
  `surname` varchar(50) NOT NULL,
  `phone_number` varchar(12) NOT NULL CHECK (`phone_number` regexp '^[0-9]{4} [0-9]{6}$'),
  `email` varchar(100) DEFAULT NULL,
  `date_of_birth` date DEFAULT NULL,
  `nationality` varchar(50) DEFAULT 'Kenyan',
  `id_type` enum('National ID','Passport') NOT NULL,
  `id_number` varchar(20) NOT NULL,
  `church_name` varchar(100) NOT NULL,
  `church_position` varchar(50) DEFAULT NULL,
  `year_joined` int(11) NOT NULL,
  `username` varchar(50) NOT NULL,
  `password` varchar(255) NOT NULL,
  `reg_number` varchar(50) NOT NULL,
  `is_catchup` tinyint(1) DEFAULT 0,
  `catchup_center` varchar(100) DEFAULT NULL,
  `created_at` timestamp NOT NULL DEFAULT current_timestamp(),
  `created_by` int(11) DEFAULT NULL,
  `updated_at` timestamp NULL DEFAULT NULL,
  `updated_by` int(11) DEFAULT NULL,
  `deleted_at` timestamp NULL DEFAULT NULL,
  `deleted_by` int(11) DEFAULT NULL
) ENGINE=InnoDB DEFAULT CHARSET=utf8mb4 COLLATE=utf8mb4_general_ci;

--
-- Dumping data for table `students`
--

INSERT INTO `students` (`id`, `first_name`, `other_name`, `surname`, `phone_number`, `email`, `date_of_birth`, `nationality`, `id_type`, `id_number`, `church_name`, `church_position`, `year_joined`, `username`, `password`, `reg_number`, `is_catchup`, `catchup_center`, `created_at`, `created_by`, `updated_at`, `updated_by`, `deleted_at`, `deleted_by`) VALUES
(28, 'David', 'Maina', 'Muthogo', '0706 072304', 'dmuthogo@gmail.com', '1969-10-19', 'Kenyan', 'National ID', '11289083', 'World wide gospel church ', 'Front office administrator ', 2023, 'dmuthongo', '$2y$10$Dpjj7XNbKcBr4zYgYorNned2bACd1r9gQHoW8Vt2Sdj687Xkb79Ai', 'NPBC/IGACU/2023/0001', 0, NULL, '2025-05-06 12:32:55', 1, NULL, NULL, NULL, NULL),
(51, 'Johnstone', 'Hezron', 'Okoba', '0726 834243', 'Hezrokoba@gmail.com', '1990-05-15', 'Kenyan', 'National ID', '28605938', 'New Life Foundation Gospel Church', 'Associate Pastor', 2023, 'JohnstoneOkoba', 'Okoba', 'NPBC/IGACU/2023/0002', 0, NULL, '2025-05-06 14:01:40', 1, NULL, NULL, NULL, NULL),
(52, 'Josphat', NULL, 'Masheti', '0726 762735', 'Mashetijosphat1985@gmail.com', '1985-07-20', 'Kenyan', 'National ID', '24477322', 'Pentecostal Assemblies Of God', 'Treasurer General', 2023, 'JosphatMasheti', 'Masheti', 'NPBC/IGACU/2023/0003', 0, NULL, '2025-05-06 14:01:40', 1, NULL, NULL, NULL, NULL),
(53, 'Richard', 'Nyamweya', 'Ntabo', '0720 628359', 'Richardntabo0@gmail.com', '1982-06-06', 'Kenyan', 'National ID', '23186578', 'Deliverance Church', 'Home Church Assistant Pastor.', 2023, 'RichardNtabo', 'Ntabo', 'NPBC/IGACU/2023/0004', 0, NULL, '2025-05-06 14:01:40', 1, NULL, NULL, NULL, NULL),
(54, 'Susan', 'Wairimu', 'Mbugua', '0722 287846', 'Susanmbugua51@gmail.com', '1978-03-08', 'Kenyan', 'National ID', '20402721', 'Anglican', 'Usher', 2023, 'SusanMbugua', 'Mbugua', 'NPBC/IGACU/2023/0005', 0, NULL, '2025-05-06 14:01:40', 1, NULL, NULL, NULL, NULL),
(55, 'Teresiah', 'Waithera', 'Mungai', '0726 913018', 'Teresiahmungai85@gmail.com', '1988-07-31', 'Kenyan', 'National ID', '26465124', 'International Gospel Acts Church', 'Young Professionals Dept. Chair', 2023, 'TeresiahMungai', 'Mungai', 'NPBC/IGACU/2023/0006', 0, NULL, '2025-05-06 14:01:40', 1, NULL, NULL, NULL, NULL),
(56, 'Akosi', 'Makau', 'Bernard', '0726 507703', 'Binahbenah36@gmail.com', '1980-09-15', 'Kenyan', 'National ID', '22631571', 'Global Pentecostal Family Ministry', 'Resident Pastor', 2024, 'AkosiBernard', 'Bernard', 'NPBC/IGACU/2024/0001', 0, NULL, '2025-05-06 14:01:40', 1, NULL, NULL, NULL, NULL),
(57, 'Catherine', 'Koki', 'Sila', '0703 987668', 'Catherinekoki228@gmail.com', '1984-08-15', 'Kenyan', 'National ID', '23730023', 'Shalom Pentecostal Church', 'Preacher', 2024, 'CatherineSila', 'Sila', 'NPBC/IGACU/2024/0002', 0, NULL, '2025-05-06 14:01:40', 1, NULL, NULL, NULL, NULL),
(58, 'Claris', 'Martha', 'Mbochi', '0723 950338', 'Clarisokeyo@gmail.com', '1978-12-15', 'Kenyan', 'National ID', '20905887', 'Friends Fellowship Assembly Hamza Buruburu', 'Pastor', 2024, 'ClarisMbochi', 'Mbochi', 'NPBC/IGACU/2024/0003', 0, NULL, '2025-05-06 14:01:40', 1, NULL, NULL, NULL, NULL),
(59, 'David', 'Kimeri', 'Mwathi', '0722 665397', 'Dmwathi44@gmail.com', '1965-01-01', 'Kenyan', 'National ID', '8336247', 'Zambezi Pentecostal Church', 'Pastor', 2024, 'DavidMwathi', 'Mwathi', 'NPBC/IGACU/2024/0004', 0, NULL, '2025-05-06 14:01:40', 1, NULL, NULL, NULL, NULL),
(60, 'David', 'Sande', 'Asalikha', '0704 406299', 'Davidsande@830gmail.com', '1993-06-15', 'Kenyan', 'National ID', '29986350', 'Pentencostal Assemblies Of God Kenya', 'Church Secretary', 2024, 'DavidAsalikha', 'Asalikha', 'NPBC/IGACU/2024/0005', 0, NULL, '2025-05-06 14:01:40', 1, NULL, NULL, NULL, NULL),
(61, 'Eunice', 'Kanini', 'Ndambuki', '0746 424534', 'Eunicegloria79@gmail.com', '1979-12-25', 'Kenyan', 'National ID', '21904248', 'Jesus Miracle Manifestation Centre', 'Member', 2024, 'EuniceNdambuki', 'Ndambuki', 'NPBC/IGACU/2024/0006', 0, NULL, '2025-05-06 14:01:40', 1, NULL, NULL, NULL, NULL),
(62, 'Patrick', 'Mburu', 'Murugami', '0723 768145', 'Patmburu83@gmail.com', '1983-02-23', 'Kenyan', 'National ID', '22755603', 'P.c.e.a', 'Secretary Men Fellowship', 2025, 'PatrickMurugami', 'Murugami', 'NPBC/IGACU/2024/0007', 0, NULL, '2025-05-06 14:01:40', 1, '2025-05-10 12:03:01', 9, NULL, NULL),
(63, 'Peter', 'Wambugu', 'Kibira', '0723 603884', 'Hefochi@gmail.com', '1968-11-03', 'Kenyan', 'National ID', '9198265', 'Heaven Forever Church', 'Senior Pastor', 2024, 'PeterKibira', 'Kibira', 'NPBC/IGACU/2024/0008', 0, NULL, '2025-05-06 14:01:40', 1, NULL, NULL, NULL, NULL),
(64, 'Douglas', 'Oriko', 'Akula', '0721 869246', 'Akulad19@gmail.com', '1988-10-07', 'Kenyan', 'National ID', '25890803', 'International Gospel Acts Church - Uthiru', 'Patron - Teen Ministry', 2025, 'DouglasAkula', 'Akula', 'NPBC/IGACU/2025/0001', 0, NULL, '2025-05-06 14:01:40', 1, NULL, NULL, NULL, NULL),
(65, 'Evelyn', 'Muthoni', 'Macharia', '0725 375829', 'Evemacharia2013@gmail.com', '1985-09-03', 'Kenyan', 'National ID', '24969449', 'Anglican Church Of Kenya', 'Member', 2025, 'EvelynMacharia', 'Macharia', 'NPBC/IGACU/2025/0002', 0, NULL, '2025-05-06 14:01:40', 1, NULL, NULL, NULL, NULL),
(66, 'James', 'Ngugi', 'Wanjiku', '0722 748511', 'Realbinghi@gmail.com', '1979-05-26', 'Kenyan', 'National ID', '21834863', 'Protestant', 'Elder', 2025, 'JamesWanjiku', 'Wanjiku', 'NPBC/IGACU/2025/0003', 0, NULL, '2025-05-06 14:01:40', 1, NULL, NULL, NULL, NULL),
(67, 'Jerusha', 'Kananu', 'Munoru', '0722 322400', 'Jerushak89@gmail.com', '1989-11-10', 'Kenyan', 'National ID', '27270162', 'World Wide Gospel Church Of Kenya', 'A Deaconess', 2025, 'JerushaMunoru', 'Munoru', 'NPBC/IGACU/2025/0004', 0, NULL, '2025-05-06 14:01:40', 1, NULL, NULL, NULL, NULL),
(68, 'Kipronoh', 'Ishmael', 'Korir', '0713 771093', 'Ishmaelkorir086@gmail.com', '1994-01-01', 'Kenyan', 'National ID', '31161944', 'Pentecostal Fellowship Of Africa', 'Member', 2025, 'KipronohKorir', 'Korir', 'NPBC/IGACU/2025/0005', 0, NULL, '2025-05-06 14:01:40', 1, NULL, NULL, NULL, NULL),
(69, 'Lucy', 'Sibabu', 'Aser', '0722 216833', 'Aserkahenya@gmail.com', '1971-11-02', 'Kenyan', 'National ID', '10863869', 'Ruach Assembly', 'Congrat', 2025, 'LucyAser', 'Aser', 'NPBC/IGACU/2025/0006', 0, NULL, '2025-05-06 14:01:40', 1, NULL, NULL, NULL, NULL),
(70, 'Mudamba', 'Kivayiru', 'Mavine', '0707 985352', 'Midambon2@gmail.com', '1990-05-27', 'Kenyan', 'National ID', '29428201', 'Pag. K.', 'Assistance In Ministry', 2025, 'MudambaMavine', 'Mavine', 'NPBC/IGACU/2025/0007', 0, NULL, '2025-05-06 14:01:40', 1, NULL, NULL, NULL, NULL),
(71, 'Ochando', 'Mosota', 'Fikra', '0727 731988', 'Fikraochando20@gmail.com', '1976-09-01', 'Kisii', 'National ID', '20399679', 'Deliverance', 'Men Patron', 2025, 'OchandoFikra', 'Fikra', 'NPBC/IGACU/2025/0008', 0, NULL, '2025-05-06 14:01:40', 1, NULL, NULL, NULL, NULL),
(72, 'Ochieng', 'Titus', 'Otieno', '0701 672261', 'Otienotitus86@gmail.com', '2000-10-11', 'Kenyan', 'National ID', '40250109', 'Pentecostal Revival Church Of Christ', 'A Member', 2025, 'OchiengOtieno', 'Otieno', 'NPBC/IGACU/2025/0009', 0, NULL, '2025-05-06 14:01:40', 1, '2025-05-26 08:20:00', 9, NULL, NULL),
(91, 'Naciali', 'Calvin', 'Wendo', '0702 627130', 'wendonaciali@gmail.com', '1996-02-26', 'Kenyan', 'National ID', '33165987', 'International gospel Acts Church(Igac)', 'Sunday school teacher', 2024, 'Naciali', '$2y$10$PlaceholderBcryptHashForNaciali', 'NPBC/IGACU/2024/0010', 0, NULL, '2025-05-09 12:53:13', 1, '2025-05-26 06:39:10', 9, NULL, NULL),
(92, 'Phanice', NULL, 'Amor', '0798 667479', 'atphaniceatemo09@gmail.com', '1993-08-05', 'Kenyan', 'National ID', '30972627', 'Bethel shammah ministry', 'Pastor', 2024, 'PhaniceAtemo', '$2y$10$PlaceholderBcryptHashForPhaniceAtemo', 'NPBC/IGACU/2024/0011', 0, NULL, '2025-05-09 12:53:13', 1, NULL, NULL, NULL, NULL),
(93, 'Peter', 'Karimi', 'Kinuthia', '0720 140904', 'peterkkinuthia82@gmail.com', '1982-09-19', 'Kenyan', 'National ID', '23135414', 'Pentacostal evengelistic fellowship of Africa', 'Pastoring', 2025, 'PeterKarimi', '$2y$10$PlaceholderBcryptHashForPeterKarimi', 'NPBC/IGACU/2024/0012', 0, NULL, '2025-05-09 12:53:13', 1, '2025-05-10 11:55:37', 9, NULL, NULL),
(94, 'Raphael', NULL, 'Mute', '0725 303614', 'raphmute66@gmail.com', '1966-04-11', 'Kenyan', 'National ID', '9240042', 'Igac uthiru', 'Pastor', 2024, 'RaphaelThiangau', '$2y$10$PlaceholderBcryptHashForRaphaelThiangau', 'NPBC/IGACU/2024/0013', 0, NULL, '2025-05-09 12:53:13', 1, NULL, NULL, NULL, NULL),
(95, 'Christine', 'Gathoni', 'Gachuhi', '0723 200001', 'galkristinah@gmail.com', '1981-02-21', 'Kenyan', 'National ID', '22018721', 'Kenya assemblies of God', 'Member', 2024, 'ChristineGathoni', '$2y$10$PlaceholderBcryptHashForChristineGathoni', 'NPBC/IGACU/2024/0014', 0, NULL, '2025-05-09 12:53:13', 1, NULL, NULL, NULL, NULL),
(96, 'Ibrahim', NULL, 'Mithika', '0742 811261', 'Mithika Ibrahim@gmail.com', '1986-02-24', 'Kenyan', 'National ID', '25337935', 'Ndumbuini Pentecostal assembly of God', 'Secretary', 2023, 'Ibrahim', '$2y$10$PlaceholderBcryptHashForIbrahim', 'NPBC/IGACU/2023/0009', 0, NULL, '2025-05-09 12:53:13', 1, NULL, NULL, NULL, NULL),
(97, 'Ann', 'Syombua', 'Muthui', '0714 827678', 'muthuiann29@gmail.com', '1991-09-23', 'Kenyan', 'National ID', '31820988', 'IGAC', 'Member', 2023, 'muthuiann29@gmail.com', '$2y$10$fZjuMBn47DM2CCV5TfaXIeOyrfJ2B0o9XqEUOrJ20ZD4K8ipKeMvW', 'NPBC/IGACU/2023/0010', 0, 'N/A', '2025-05-10 10:09:48', 8, NULL, NULL, NULL, NULL),
(98, 'Robinson', 'Ouma', 'Anguba', '0724 349941', 'robinsonsnguba@gmail.com', '1981-06-13', 'Kenyan', 'National ID', '22087165', 'Worldwide mission center city church', 'Apostle', 2024, 'robinsonsnguba@gmail.com', '$2y$10$Kagv.0ScMK5.mWScpiC5leS.uKQgpZv/K1Pq9lHQv7uBRW3CAtIm6', 'NPBC/IGACU/2024/0015', 0, NULL, '2025-05-10 12:19:04', 8, '2025-05-26 07:24:31', 9, NULL, NULL),
(99, 'Peter', 'Muthini', 'Musyoka', '0722 442137', 'musyoka559@gmail.com', '1974-04-04', 'Kenyan', 'National ID', '12955180', 'World Wide Gospel Church', 'Elder', 2024, 'musyoka559@gmail.com', '$2y$10$sPYSlOgwFr/ptJhPCTUfBOFfDYTi6iXpqU0l6OlcmQ839LMR1KEqe', 'NPBC/IGACU/2024/0016', 0, NULL, '2025-05-10 12:21:41', 8, NULL, NULL, NULL, NULL),
(100, 'Eunice', 'Wahito', 'King\'ori', '0716 748717', 'eunicewahito@gmail.com', '1973-06-25', 'Kenyan', 'National ID', '11805590', 'International Gospel Acts Church - Waithaka', 'Elder', 2024, 'eunicewahito@gmail.com', '$2y$10$/IEI0vBVTFQ4ZPtOBxipS.89HBsqxHPpV6R3kNJgEDN.WSHmB.PoO', 'NPBC/IGACU/2024/0017', 0, NULL, '2025-05-10 12:24:52', 8, NULL, NULL, NULL, NULL),
(101, 'Kelvin', 'Karani', 'Nyaga', '0702 383408', 'kelviennyaga100@gmail.com', '1994-01-11', 'Kenyan', 'National ID', '30386068', 'Mount Zion Revelation Church', 'Pastor', 2025, 'KelvinKaraniNyaga', '$2y$10$PlaceholderBcryptHashForKelvinKaraniNyaga', 'NPBC/IGACU/2024/0018', 0, NULL, '2025-05-25 11:40:00', 1, '2025-05-26 06:56:30', 9, NULL, NULL),
(102, 'Wairimu', 'Ngotho', 'Kenneth', '0724 304425', 'kennethnngotho85@gmail.com', '1985-08-09', 'Kenyan', 'National ID', '24315203', 'Faith Centre Ministries International', 'Pastor', 2023, 'Kennethnngotho', '$2y$10$PlaceholderBcryptHashForKennethnngotho', 'NPBC/IGACU/2023/0011', 0, NULL, '2025-05-25 11:40:00', 1, '2025-05-26 06:40:30', 9, NULL, NULL),
(103, 'Makari', 'Mulongo', 'Douglas', '0729 064861', 'makaridouglas@gmail.com', '1987-02-02', 'Kenyan', 'National ID', '25324365', 'Hope In Christ MInistries', 'Pastor', 2023, 'makaridouglas', '$2y$10$PlaceholderBcryptHashFormakaridouglas', 'NPBC/IGACU/2023/0012', 0, NULL, '2025-05-25 11:40:00', 1, '2025-05-26 06:41:19', 9, NULL, NULL),
(104, 'Simiyu', 'Tiaba', 'Samuel', '0111 329412', 'samuelsimiyu129@gmail.com', '2000-02-10', 'Kenyan', 'National ID', '38506041', 'Christ Evangelistic Ministries', 'Associate Pastor', 2023, 'simiyusamuel', '$2y$10$PlaceholderBcryptHashForsimiyusamuel', 'NPBC/IGACU/2023/0013', 0, NULL, '2025-05-25 11:40:00', 1, NULL, NULL, NULL, NULL),
(105, 'Oduma', 'Auma', 'Doreen', '0719 417478', 'doreenoduma1976@gmail.com', '1976-05-01', 'Kenyan', 'National ID', '13879148', 'IGAC- Muthiga', 'Pastor', 2023, 'nyongesadoreen', '$2y$10$PlaceholderBcryptHashFornyongesadoreen', 'NPBC/IGACU/2023/0014', 0, NULL, '2025-05-25 11:40:00', 1, NULL, NULL, NULL, NULL),
(106, 'Muroki', 'Njeri', 'Mary', '0721 499238', 'murokivictors@gmail.com', '1989-01-23', 'Kenyan', 'National ID', '27904499', 'Priesthood Fellowship Church', 'Youth Pastor', 2025, 'murokimary', '$2y$10$PlaceholderBcryptHashFormurokimary', 'NPBC/IGACU/2023/0015', 0, NULL, '2025-05-25 11:40:00', 1, '2025-05-26 06:42:09', 9, NULL, NULL),
(107, 'Anankira', 'Siro', 'Moffat', '0712 569928', 'siromoffat@gmail.com', '1996-06-12', 'Kenyan', 'National ID', '32882540', 'Faith Celebration Centre', 'Member', 2023, 'siromoffat', '$2y$10$PlaceholderBcryptHashForsiromoffat', 'NPBC/IGACU/2023/0016', 0, NULL, '2025-05-25 11:40:00', 1, NULL, NULL, NULL, NULL),
(108, 'Kamau', 'Njeri', 'Jane', '0714 165022', 'janjeri721@gmail.com', '1979-04-13', 'Kenyan', 'National ID', '21606083', 'Mountain of God', 'Pastor', 2023, 'njerijane', '$2y$10$PlaceholderBcryptHashFornjerijane', 'NPBC/IGACU/2023/0017', 0, NULL, '2025-05-25 11:40:00', 1, NULL, NULL, NULL, NULL),
(109, 'Gichiru', 'Wanjiru', 'Alice', '0727 674072', 'alicedavid117@gmail.com', '1980-07-30', 'Kenyan', 'National ID', '23083973', 'Cornerstone Christian Church', 'Member', 2025, 'davidalice', '$2y$10$PlaceholderBcryptHashFordavidalice', 'NPBC/IGACU/2024/0019', 0, NULL, '2025-05-25 11:40:00', 1, '2025-05-26 07:26:20', 9, NULL, NULL),
(110, 'Mercy', 'Kaari', 'Mutahi', '0722 732167', 'mercykmurithi@gmail.com', '1984-05-27', 'Kenyan', 'National ID', '23325409', 'Cornerstone Christian Church', 'Member', 2025, 'mutahik', '$2y$10$PlaceholderBcryptHashFormurithik', 'NPBC/IGACU/2024/0020', 0, NULL, '2025-05-25 11:40:00', 1, '2025-05-26 07:25:53', 9, NULL, NULL),
(111, 'Makau', 'Kioko', 'Peter', '0725 760128', 'makaupeter89@gmail.com', '1983-03-10', 'Kenyan', 'National ID', '24096482', 'Priesthood of Christ Gospel Ministries', 'Pastor', 2024, 'makauP', '$2y$10$PlaceholderBcryptHashFormakauP', 'NPBC/IGACU/2024/0021', 0, NULL, '2025-05-25 11:40:00', 1, NULL, NULL, NULL, NULL),
(112, 'Kinyanjui', 'Wangui', 'Susan', '0721 548561', 'susanwangui2000@gmail.com', '1976-07-16', 'Kenyan', 'National ID', '21199287', 'Firstborn Christian Church', 'Children\'s MInister', 2024, 'wangui susan', '$2y$10$PlaceholderBcryptHashForwangui susan', 'NPBC/IGACU/2024/0022', 0, NULL, '2025-05-25 11:40:00', 1, NULL, NULL, NULL, NULL),
(113, 'Muia', 'Ndolo', 'James', '0710 207437', 'j4095555@gmail.com', '1985-08-28', 'Kenyan', 'National ID', '24425686', 'Pentecostal Gospel Church-Uthiru', 'Evangelist', 2025, 'ndoloj', '$2y$10$PlaceholderBcryptHashForndoloj', 'NPBC/IGACU/2025/0010', 0, NULL, '2025-05-25 11:40:00', 1, NULL, NULL, NULL, NULL),
(114, 'Mutuku', 'Musyimi', 'Boniface', '0748 059492', 'bonifacemutuku@gmail.com', '1988-01-01', 'Kenyan', 'National ID', '27469033', 'Worldwide Gospel Church-Waruku', 'Praise & Worship', 2025, 'musyimiboniface', '$2y$10$PlaceholderBcryptHashFormusyimiboniface', 'NPBC/IGACU/2025/0011', 0, NULL, '2025-05-25 11:40:00', 1, NULL, NULL, NULL, NULL),
(115, 'Muriithi', 'Gakuru', 'Raphael', '0722 359667', 'raphaelgakuru1@gmail.com', '1968-01-01', 'Kenyan', 'National ID', '9411156', 'IGAC-Waithaka', 'Church Elder', 2025, 'Raphaelgakuru', '$2y$10$PlaceholderBcryptHashForRaphaelgakuru', 'NPBC/IGACU/2025/0012', 0, NULL, '2025-05-25 11:40:00', 1, NULL, NULL, NULL, NULL),
(116, 'Kathambi', 'Gitonga', 'June', '0790 011978', 'junegitonga93@gmail.com', '1991-10-13', 'Kenyan', 'National ID', '29313404', 'Kinoo Pentecostal', 'Youth Leader', 2025, 'Junegitonga', '$2y$10$PlaceholderBcryptHashForJunegitonga', 'NPBC/IGACU/2025/0013', 0, NULL, '2025-05-25 11:40:00', 1, NULL, NULL, NULL, NULL),
(117, 'Peter', 'Mbugua', 'Karanja', '0722 513011', 'pelumbugua@gmail.com', '1965-08-26', 'Kenyan', 'National ID', '5454274', 'True Vine Ministry', 'Reverend', 2024, 'petermbugua', '$2y$10$Ilr7tVxYRI3YlIx9WREq2eluVaFnGaAAG9rJ2IAOtxojj06TKSx.m', 'NPBC/IGACU/2024/0023', 0, NULL, '2025-06-19 10:51:40', 9, NULL, NULL, NULL, NULL),
(118, 'Mary', 'Nyambura', 'Kiwiri', '0727 012015', 'igaccatchupnpbc@gmail.com', '1970-01-21', 'Kenyan', 'National ID', '12345678', 'NaN', 'Member', 2025, 'Catchup', '$2y$10$1n17zl8FVHBfdeDlDCqKneJSEvhKaYuBssGd0y0tFgN0JzYheaXj2', 'NPBC/IGACU/2025/0021', 1, NULL, '2025-06-19 11:11:16', 9, NULL, NULL, NULL, NULL),
(121, 'Susan', 'Njeri', ' ', '0726 615810', 'igaccatchupnpbc@gmail.com', '1970-01-21', 'Kenyan', 'National ID', '2345679', 'NaN', 'Member', 2025, 'Catchup3', '$2y$10$6mINQvJj3OIWe8aMa3N.7uhrlq6P8klDkWih8eQO2D79dleeaTzhK', 'NPBC/IGACU/2025/0022', 1, NULL, '2025-06-19 11:15:38', 9, '2025-06-19 11:15:59', 9, NULL, NULL),
(122, 'Jane', 'Kinyua', ' ', '0733 905633', 'igaccatchupnpbc@gmail.com', '1970-01-21', 'Kenyan', 'National ID', '34567812', 'NaN', 'Member', 2025, 'Catchup2', '$2y$10$NKnXgDgWzNd2D12S8Ttef.ArQEmolgDkOOGdEa2nLwGhuR4vnMAxy', 'NPBC/IGACU/2025/0023', 1, NULL, '2025-06-19 11:16:59', 9, NULL, NULL, NULL, NULL),
(123, 'Florence', 'W', 'Macharia', '0722 389698', 'igaccatchupnpbc@gmail.com', '1970-01-21', 'Kenyan', 'National ID', '45678123', 'NaN', 'Member', 2025, 'Catchup4', '$2y$10$j9xhXisS4OAvr4niWxbdq.0x4QvSz5PBuqLQG3dhSmEMheORWw8Bm', 'NPBC/IGACU/2025/0024', 1, NULL, '2025-06-19 11:18:13', 9, NULL, NULL, NULL, NULL),
(124, 'Alice', '  ', 'Muthoni', '0711 426707', 'igaccatchupnpbc@gmail.com', '1970-01-21', 'Kenyan', 'National ID', '56781234', 'NaN', 'Member', 2025, 'Catchup5', '$2y$10$Y1JFB0JJpjRuGfuHdV2E9uuqFw1NP2BRks05V1/xnEE8JqTMDLZ9u', 'NPBC/IGACU/2025/0025', 1, NULL, '2025-06-19 11:19:20', 9, NULL, NULL, NULL, NULL),
(125, 'George', 'Gathua', 'Mukiri', '0721 780599', 'mukirigeorge5@gmail.com', '1980-08-05', 'Kenyan', 'National ID', '22162518', 'Pentecostal Gospel Church', 'Assistant Pastor', 2024, 'georgegathua', '$2y$10$FZX4QBKaNGwnVQHF88RTfuXkajxwHrlFeRtwRDpRAilXhWTs.SeM2', 'NPBC/IGACU/2024/0024', 0, NULL, '2025-06-19 13:41:13', 9, '2025-06-19 14:11:06', 9, NULL, NULL),
(126, 'Wycliff', 'M', 'Dimbu', '0700 100101', 'igaccatchupnpbc@gmail.com', '1970-02-01', 'Kenyan', 'National ID', '18273645', 'NaN', 'Member', 2021, 'Catchup6', '$2y$10$juZVBTROPy6b6L9sCznMx.WWyJO8ji7H0e8Gpv1cW8UvXgxmFK9QC', 'NPBC/IGACU/2023/0018', 0, NULL, '2025-06-20 12:48:39', 9, '2025-06-20 12:49:40', 9, NULL, NULL),
(128, 'Felix', 'Siema', 'N', '0729 071877', 'igaccatchupnpbc@gmail.com', '1970-01-21', 'Kenyan', 'National ID', '21436587', 'NaN', 'Member', 2023, 'Felix', '$2y$10$n4qwEnkyGkSwaWi4DzxEfuSdCMoe3UoBIZaxYNo5/vboCFkQj6z9u', 'NPBC/IGACU/2025/0026', 0, NULL, '2025-06-20 14:11:32', 9, '2025-06-26 10:50:14', 9, NULL, NULL),
(133, 'Lilian', 'W.', 'Njuguna', '0727 399864', 'igaccatchupnpbc@gmail.com', '1996-02-22', 'Kenyan', 'National ID', '45236785', 'NaN', 'Member', 2024, 'Catchup81', '$2y$10$1rf9JFOUaoUjSNNARnvHPeUyJvMoJ6poXa8DYtsJ.mMubGpSCv8GO', 'NPBC/IGACU/2024/0025', 1, 'PEFA K-Road', '2025-06-26 10:54:21', 9, NULL, NULL, NULL, NULL);

-- --------------------------------------------------------

--
-- Table structure for table `units`
--

CREATE TABLE `units` (
  `id` int(11) NOT NULL,
  `code` varchar(7) NOT NULL,
  `level_id` int(11) NOT NULL,
  `name` varchar(100) NOT NULL,
  `start_year` int(11) NOT NULL DEFAULT year(curdate()),
  `end_year` int(11) DEFAULT NULL,
  `created_by` int(11) DEFAULT NULL,
  `updated_by` int(11) DEFAULT NULL,
  `created_at` timestamp NOT NULL DEFAULT current_timestamp(),
  `updated_at` timestamp NOT NULL DEFAULT current_timestamp() ON UPDATE current_timestamp()
) ENGINE=InnoDB DEFAULT CHARSET=utf8mb4 COLLATE=utf8mb4_general_ci;

--
-- Dumping data for table `units`
--

INSERT INTO `units` (`id`, `code`, `level_id`, `name`, `start_year`, `end_year`, `created_by`, `updated_by`, `created_at`, `updated_at`) VALUES
(37, 'GED1141', 1, 'Principles of Study', 2025, NULL, 6, 1, '2025-04-28 12:37:28', '2025-05-09 11:55:30'),
(38, 'BIB1102', 1, 'Introduction to the Old Testament', 2025, NULL, 6, 1, '2025-04-28 12:37:28', '2025-05-09 11:56:04'),
(39, 'THE2142', 1, 'Soteriology', 2025, NULL, 6, 1, '2025-04-28 12:37:28', '2025-05-09 11:56:26'),
(40, 'BIB1262', 1, 'Hermeneutics', 2025, NULL, 6, 1, '2025-04-28 12:37:28', '2025-05-09 11:56:58'),
(41, 'MIN1363', 1, 'Homiletics', 2025, NULL, 6, 1, '2025-04-28 12:37:28', '2025-05-09 11:57:12'),
(42, 'THE1164', 1, 'God and Angels', 2025, NULL, 6, 1, '2025-04-28 12:37:28', '2025-05-09 11:57:33'),
(43, 'MIN2381', 1, 'Christian Counseling', 2025, NULL, 6, 1, '2025-04-28 12:37:28', '2025-05-09 11:57:53'),
(44, 'BIB1243', 1, 'Genesis', 2025, NULL, 6, 1, '2025-04-28 12:37:28', '2025-05-09 11:58:12'),
(45, 'BIB2105', 1, 'Introduction to New Testament', 2025, NULL, 6, 1, '2025-04-28 12:37:28', '2025-05-09 11:58:35'),
(46, 'BIB2345', 1, 'Romans and Galatians', 2025, NULL, 6, 1, '2025-04-28 12:37:28', '2025-05-09 11:58:51'),
(47, 'THE2342', 1, 'Eschatology', 2025, NULL, 6, 1, '2025-04-28 12:37:28', '2025-05-09 11:59:13'),
(48, 'MIN1166', 1, 'Evangelism and Discipleship', 2025, NULL, 6, 1, '2025-04-28 12:37:28', '2025-05-09 11:59:41'),
(49, 'MIN1341', 2, 'Ministry to Children', 2025, NULL, 6, 1, '2025-04-28 12:37:28', '2025-05-09 12:00:08'),
(50, 'GED1342', 2, 'Chrisian Ethics', 2025, NULL, 6, 1, '2025-04-28 12:37:28', '2025-05-09 12:00:36'),
(51, 'GED1261', 2, 'Communication Skills', 2025, NULL, 6, 1, '2025-04-28 12:37:28', '2025-05-09 12:01:01'),
(52, 'THE1344', 2, 'Christology', 2025, NULL, 6, 1, '2025-04-28 12:37:28', '2025-05-09 12:01:17'),
(53, 'MIN3105', 2, 'Missiology', 2025, NULL, 6, 1, '2025-04-28 12:37:28', '2025-05-09 12:01:39'),
(54, 'GED1366', 2, 'Church History 1', 2025, NULL, 6, 1, '2025-04-28 12:37:28', '2025-05-09 12:02:07'),
(55, 'THE1145', 2, 'Bibliology', 2025, NULL, 6, 1, '2025-04-28 12:37:28', '2025-05-09 12:02:23'),
(56, 'THE1244', 2, 'Anthropology and Hamartiology', 2025, NULL, 6, 1, '2025-04-28 12:37:28', '2025-05-09 12:02:48'),
(57, 'THE2246', 2, 'Ecclesiology', 2025, NULL, 6, 1, '2025-04-28 12:37:28', '2025-05-09 12:03:03'),
(58, 'MIN2184', 2, 'Pastoral Care and Ministry', 2025, NULL, 6, 1, '2025-04-28 12:37:28', '2025-05-09 12:03:19'),
(59, 'GED2185', 2, 'Comparative Religions', 2025, NULL, 6, 1, '2025-04-28 12:37:28', '2025-05-09 12:03:36'),
(60, 'GED2166', 2, 'Church History 2', 2025, NULL, 6, 1, '2025-04-28 12:37:28', '2025-05-09 12:03:50'),
(61, 'BIB1246', 3, 'Acts', 2025, NULL, 6, 1, '2025-04-28 12:37:28', '2025-05-09 11:42:00'),
(73, 'MIN2262', 2, 'Christian Marriage and Family', 2025, NULL, 1, 9, '2025-05-09 11:43:42', '2025-06-26 08:26:42'),
(74, 'GED2213', 3, 'Church Leadership, Management & Governance', 2025, NULL, 1, NULL, '2025-05-09 11:44:34', '2025-05-09 11:44:34'),
(75, 'GED1141', 3, 'Principles of Research Methods', 2025, NULL, 1, NULL, '2025-05-09 11:45:06', '2025-05-09 11:45:06'),
(76, 'THE2245', 3, 'Pneumatology', 2025, NULL, 1, NULL, '2025-05-09 11:45:34', '2025-05-09 11:45:34'),
(77, 'GED2246', 3, 'Writing Better English', 2025, NULL, 1, NULL, '2025-05-09 11:46:30', '2025-05-09 11:46:30'),
(78, 'BIB2341', 3, 'Corinthians', 2025, NULL, 1, NULL, '2025-05-09 11:46:54', '2025-05-09 11:46:54'),
(79, 'MIN2383', 3, 'Church Ceremonies and Ordinances', 2025, NULL, 1, NULL, '2025-05-09 11:47:24', '2025-05-09 11:47:24'),
(80, 'BIB2344', 3, 'Wisdom Literature', 2025, NULL, 1, NULL, '2025-05-09 11:47:50', '2025-05-09 11:47:50'),
(81, 'GED2141', 3, 'Principles of Teaching', 2025, NULL, 1, NULL, '2025-05-09 11:48:17', '2025-05-09 11:48:17'),
(82, 'GED2386', 3, 'New Religious Movements', 2025, NULL, 1, NULL, '2025-05-09 11:48:49', '2025-05-09 11:48:49'),
(83, 'CET0001', 1, 'Isaiah', 2025, NULL, 9, NULL, '2025-06-20 12:13:02', '2025-06-20 12:13:02'),
(84, 'DIP0001', 3, 'Occupational Safety and Health', 2025, NULL, 9, NULL, '2025-06-20 14:07:01', '2025-06-20 14:07:01'),
(85, 'DIP0002', 3, 'Digital Literacy', 2025, NULL, 9, NULL, '2025-06-26 07:34:20', '2025-06-26 07:34:20'),
(86, 'DIP0003', 3, 'Workplace Ethics and Practices', 2025, NULL, 9, NULL, '2025-06-26 09:49:49', '2025-06-26 09:49:49'),
(87, 'ADIP000', 2, 'Prison Epistles', 2025, NULL, 9, NULL, '2025-06-26 11:45:54', '2025-06-26 11:45:54'),
(88, 'DIP0004', 3, 'Ecclesiology and Eschatology', 2025, NULL, 9, 9, '2025-06-26 12:09:17', '2025-07-04 09:15:08'),
(89, 'DIP0005', 3, 'General Epistles', 2025, NULL, 9, NULL, '2025-07-04 09:14:51', '2025-07-04 09:14:51');

--
-- Indexes for dumped tables
--

--
-- Indexes for table `administrators`
--
ALTER TABLE `administrators`
  ADD PRIMARY KEY (`id`),
  ADD UNIQUE KEY `id_number` (`id_number`),
  ADD UNIQUE KEY `username` (`username`);

--
-- Indexes for table `assignments`
--
ALTER TABLE `assignments`
  ADD PRIMARY KEY (`id`),
  ADD KEY `student_id` (`student_id`),
  ADD KEY `unit_id` (`unit_id`),
  ADD KEY `assignments_ibfk_3` (`created_by`),
  ADD KEY `assignments_ibfk_4` (`updated_by`),
  ADD KEY `assignments_ibfk_5` (`deleted_by`);

--
-- Indexes for table `attendance`
--
ALTER TABLE `attendance`
  ADD PRIMARY KEY (`id`),
  ADD KEY `session_id` (`session_id`),
  ADD KEY `student_id` (`student_id`);

--
-- Indexes for table `audit_trail`
--
ALTER TABLE `audit_trail`
  ADD PRIMARY KEY (`id`),
  ADD KEY `user_id` (`user_id`);

--
-- Indexes for table `catchups`
--
ALTER TABLE `catchups`
  ADD PRIMARY KEY (`id`),
  ADD KEY `student_id` (`student_id`),
  ADD KEY `unit_id` (`unit_id`),
  ADD KEY `catchups_ibfk_3` (`created_by`),
  ADD KEY `catchups_ibfk_4` (`deleted_by`);

--
-- Indexes for table `class_sessions`
--
ALTER TABLE `class_sessions`
  ADD PRIMARY KEY (`id`),
  ADD KEY `level_id` (`level_id`),
  ADD KEY `unit_id` (`unit_id`),
  ADD KEY `lecturer_id` (`lecturer_id`),
  ADD KEY `program_id` (`program_id`),
  ADD KEY `created_by` (`created_by`),
  ADD KEY `updated_by` (`updated_by`);

--
-- Indexes for table `constants`
--
ALTER TABLE `constants`
  ADD PRIMARY KEY (`id`),
  ADD KEY `created_by` (`created_by`);

--
-- Indexes for table `debts`
--
ALTER TABLE `debts`
  ADD PRIMARY KEY (`id`),
  ADD KEY `invoice_id` (`invoice_id`),
  ADD KEY `idx_debts_student` (`student_id`);

--
-- Indexes for table `enrollments`
--
ALTER TABLE `enrollments`
  ADD PRIMARY KEY (`id`),
  ADD UNIQUE KEY `student_id_academic_year` (`student_id`,`academic_year`),
  ADD KEY `program_id` (`program_id`),
  ADD KEY `level_id` (`level_id`);

--
-- Indexes for table `expenses`
--
ALTER TABLE `expenses`
  ADD PRIMARY KEY (`id`),
  ADD KEY `created_by` (`created_by`),
  ADD KEY `expenses_ibfk_2` (`updated_by`),
  ADD KEY `expenses_ibfk_3` (`deleted_by`);

--
-- Indexes for table `graduation_clearance`
--
ALTER TABLE `graduation_clearance`
  ADD PRIMARY KEY (`id`),
  ADD UNIQUE KEY `unique_clearance` (`student_id`,`level_id`,`graduation_event_id`),
  ADD KEY `level_id` (`level_id`),
  ADD KEY `graduation_event_id` (`graduation_event_id`),
  ADD KEY `cleared_by` (`cleared_by`);

--
-- Indexes for table `graduation_events`
--
ALTER TABLE `graduation_events`
  ADD PRIMARY KEY (`id`),
  ADD KEY `created_by` (`created_by`);

--
-- Indexes for table `invoices`
--
ALTER TABLE `invoices`
  ADD PRIMARY KEY (`id`),
  ADD KEY `session_id` (`session_id`),
  ADD KEY `idx_invoices_student` (`student_id`);

--
-- Indexes for table `lecturers`
--
ALTER TABLE `lecturers`
  ADD PRIMARY KEY (`id`);

--
-- Indexes for table `levels`
--
ALTER TABLE `levels`
  ADD PRIMARY KEY (`id`),
  ADD UNIQUE KEY `program_id` (`program_id`,`name`);

--
-- Indexes for table `marks`
--
ALTER TABLE `marks`
  ADD PRIMARY KEY (`id`),
  ADD UNIQUE KEY `unique_student_unit` (`student_id`,`unit_id`),
  ADD KEY `marks_upload_id` (`marks_upload_id`),
  ADD KEY `unit_id` (`unit_id`),
  ADD KEY `created_by` (`created_by`),
  ADD KEY `updated_by` (`updated_by`),
  ADD KEY `deleted_by` (`deleted_by`);

--
-- Indexes for table `marks_upload`
--
ALTER TABLE `marks_upload`
  ADD PRIMARY KEY (`id`),
  ADD UNIQUE KEY `unique_file_hash` (`file_hash`),
  ADD KEY `uploaded_by` (`uploaded_by`);

--
-- Indexes for table `payments`
--
ALTER TABLE `payments`
  ADD PRIMARY KEY (`id`),
  ADD KEY `invoice_id` (`invoice_id`),
  ADD KEY `student_id` (`student_id`),
  ADD KEY `idx_payments_date` (`payment_date`),
  ADD KEY `fk_payments_created_by` (`created_by`);

--
-- Indexes for table `previous_completions`
--
ALTER TABLE `previous_completions`
  ADD PRIMARY KEY (`id`),
  ADD KEY `student_id` (`student_id`),
  ADD KEY `level_id` (`level_id`);

--
-- Indexes for table `programs`
--
ALTER TABLE `programs`
  ADD PRIMARY KEY (`id`),
  ADD UNIQUE KEY `name` (`name`);

--
-- Indexes for table `receipts`
--
ALTER TABLE `receipts`
  ADD PRIMARY KEY (`id`),
  ADD UNIQUE KEY `receipt_number` (`receipt_number`),
  ADD KEY `payment_id` (`payment_id`);

--
-- Indexes for table `remittances`
--
ALTER TABLE `remittances`
  ADD PRIMARY KEY (`id`),
  ADD KEY `created_by` (`created_by`);

--
-- Indexes for table `remittance_sessions`
--
ALTER TABLE `remittance_sessions`
  ADD PRIMARY KEY (`id`),
  ADD UNIQUE KEY `unique_remittance_session` (`remittance_id`,`session_id`),
  ADD KEY `session_id` (`session_id`);

--
-- Indexes for table `students`
--
ALTER TABLE `students`
  ADD PRIMARY KEY (`id`),
  ADD UNIQUE KEY `id_number` (`id_number`),
  ADD UNIQUE KEY `username` (`username`),
  ADD UNIQUE KEY `reg_number` (`reg_number`),
  ADD KEY `fk_students_deleted_by` (`deleted_by`),
  ADD KEY `fk_students_created_by` (`created_by`),
  ADD KEY `fk_students_updated_by` (`updated_by`);

--
-- Indexes for table `units`
--
ALTER TABLE `units`
  ADD PRIMARY KEY (`id`),
  ADD UNIQUE KEY `unit_version` (`code`,`level_id`,`start_year`),
  ADD KEY `level_id` (`level_id`);

--
-- AUTO_INCREMENT for dumped tables
--

--
-- AUTO_INCREMENT for table `administrators`
--
ALTER TABLE `administrators`
  MODIFY `id` int(11) NOT NULL AUTO_INCREMENT, AUTO_INCREMENT=11;

--
-- AUTO_INCREMENT for table `assignments`
--
ALTER TABLE `assignments`
  MODIFY `id` int(11) NOT NULL AUTO_INCREMENT, AUTO_INCREMENT=21;

--
-- AUTO_INCREMENT for table `attendance`
--
ALTER TABLE `attendance`
  MODIFY `id` int(11) NOT NULL AUTO_INCREMENT, AUTO_INCREMENT=375;

--
-- AUTO_INCREMENT for table `audit_trail`
--
ALTER TABLE `audit_trail`
  MODIFY `id` int(11) NOT NULL AUTO_INCREMENT, AUTO_INCREMENT=1527;

--
-- AUTO_INCREMENT for table `catchups`
--
ALTER TABLE `catchups`
  MODIFY `id` int(11) NOT NULL AUTO_INCREMENT, AUTO_INCREMENT=2;

--
-- AUTO_INCREMENT for table `class_sessions`
--
ALTER TABLE `class_sessions`
  MODIFY `id` int(11) NOT NULL AUTO_INCREMENT, AUTO_INCREMENT=33;

--
-- AUTO_INCREMENT for table `constants`
--
ALTER TABLE `constants`
  MODIFY `id` int(11) NOT NULL AUTO_INCREMENT, AUTO_INCREMENT=5;

--
-- AUTO_INCREMENT for table `debts`
--
ALTER TABLE `debts`
  MODIFY `id` int(11) NOT NULL AUTO_INCREMENT, AUTO_INCREMENT=432;

--
-- AUTO_INCREMENT for table `enrollments`
--
ALTER TABLE `enrollments`
  MODIFY `id` int(11) NOT NULL AUTO_INCREMENT, AUTO_INCREMENT=89;

--
-- AUTO_INCREMENT for table `expenses`
--
ALTER TABLE `expenses`
  MODIFY `id` int(11) NOT NULL AUTO_INCREMENT, AUTO_INCREMENT=5;

--
-- AUTO_INCREMENT for table `graduation_clearance`
--
ALTER TABLE `graduation_clearance`
  MODIFY `id` int(11) NOT NULL AUTO_INCREMENT, AUTO_INCREMENT=3;

--
-- AUTO_INCREMENT for table `graduation_events`
--
ALTER TABLE `graduation_events`
  MODIFY `id` int(11) NOT NULL AUTO_INCREMENT, AUTO_INCREMENT=2;

--
-- AUTO_INCREMENT for table `invoices`
--
ALTER TABLE `invoices`
  MODIFY `id` int(11) NOT NULL AUTO_INCREMENT, AUTO_INCREMENT=405;

--
-- AUTO_INCREMENT for table `lecturers`
--
ALTER TABLE `lecturers`
  MODIFY `id` int(11) NOT NULL AUTO_INCREMENT, AUTO_INCREMENT=24;

--
-- AUTO_INCREMENT for table `levels`
--
ALTER TABLE `levels`
  MODIFY `id` int(11) NOT NULL AUTO_INCREMENT, AUTO_INCREMENT=4;

--
-- AUTO_INCREMENT for table `marks`
--
ALTER TABLE `marks`
  MODIFY `id` int(11) NOT NULL AUTO_INCREMENT, AUTO_INCREMENT=3;

--
-- AUTO_INCREMENT for table `marks_upload`
--
ALTER TABLE `marks_upload`
  MODIFY `id` int(11) NOT NULL AUTO_INCREMENT, AUTO_INCREMENT=5;

--
-- AUTO_INCREMENT for table `payments`
--
ALTER TABLE `payments`
  MODIFY `id` int(11) NOT NULL AUTO_INCREMENT, AUTO_INCREMENT=482;

--
-- AUTO_INCREMENT for table `previous_completions`
--
ALTER TABLE `previous_completions`
  MODIFY `id` int(11) NOT NULL AUTO_INCREMENT;

--
-- AUTO_INCREMENT for table `programs`
--
ALTER TABLE `programs`
  MODIFY `id` int(11) NOT NULL AUTO_INCREMENT, AUTO_INCREMENT=3;

--
-- AUTO_INCREMENT for table `receipts`
--
ALTER TABLE `receipts`
  MODIFY `id` int(11) NOT NULL AUTO_INCREMENT, AUTO_INCREMENT=453;

--
-- AUTO_INCREMENT for table `remittances`
--
ALTER TABLE `remittances`
  MODIFY `id` int(11) NOT NULL AUTO_INCREMENT, AUTO_INCREMENT=2;

--
-- AUTO_INCREMENT for table `remittance_sessions`
--
ALTER TABLE `remittance_sessions`
  MODIFY `id` int(11) NOT NULL AUTO_INCREMENT, AUTO_INCREMENT=2;

--
-- AUTO_INCREMENT for table `students`
--
ALTER TABLE `students`
  MODIFY `id` int(11) NOT NULL AUTO_INCREMENT, AUTO_INCREMENT=134;

--
-- AUTO_INCREMENT for table `units`
--
ALTER TABLE `units`
  MODIFY `id` int(11) NOT NULL AUTO_INCREMENT, AUTO_INCREMENT=90;

--
-- Constraints for dumped tables
--

--
-- Constraints for table `assignments`
--
ALTER TABLE `assignments`
  ADD CONSTRAINT `assignments_ibfk_1` FOREIGN KEY (`student_id`) REFERENCES `students` (`id`),
  ADD CONSTRAINT `assignments_ibfk_2` FOREIGN KEY (`unit_id`) REFERENCES `units` (`id`),
  ADD CONSTRAINT `assignments_ibfk_3` FOREIGN KEY (`created_by`) REFERENCES `administrators` (`id`) ON DELETE SET NULL ON UPDATE CASCADE,
  ADD CONSTRAINT `assignments_ibfk_4` FOREIGN KEY (`updated_by`) REFERENCES `administrators` (`id`) ON DELETE SET NULL ON UPDATE CASCADE,
  ADD CONSTRAINT `assignments_ibfk_5` FOREIGN KEY (`deleted_by`) REFERENCES `administrators` (`id`) ON DELETE SET NULL ON UPDATE CASCADE;

--
-- Constraints for table `attendance`
--
ALTER TABLE `attendance`
  ADD CONSTRAINT `attendance_ibfk_1` FOREIGN KEY (`session_id`) REFERENCES `class_sessions` (`id`),
  ADD CONSTRAINT `attendance_ibfk_2` FOREIGN KEY (`student_id`) REFERENCES `students` (`id`);

--
-- Constraints for table `audit_trail`
--
ALTER TABLE `audit_trail`
  ADD CONSTRAINT `audit_trail_ibfk_1` FOREIGN KEY (`user_id`) REFERENCES `administrators` (`id`);

--
-- Constraints for table `catchups`
--
ALTER TABLE `catchups`
  ADD CONSTRAINT `catchups_ibfk_1` FOREIGN KEY (`student_id`) REFERENCES `students` (`id`),
  ADD CONSTRAINT `catchups_ibfk_2` FOREIGN KEY (`unit_id`) REFERENCES `units` (`id`),
  ADD CONSTRAINT `catchups_ibfk_3` FOREIGN KEY (`created_by`) REFERENCES `administrators` (`id`),
  ADD CONSTRAINT `catchups_ibfk_4` FOREIGN KEY (`deleted_by`) REFERENCES `administrators` (`id`);

--
-- Constraints for table `class_sessions`
--
ALTER TABLE `class_sessions`
  ADD CONSTRAINT `class_sessions_ibfk_1` FOREIGN KEY (`level_id`) REFERENCES `levels` (`id`),
  ADD CONSTRAINT `class_sessions_ibfk_2` FOREIGN KEY (`unit_id`) REFERENCES `units` (`id`),
  ADD CONSTRAINT `class_sessions_ibfk_3` FOREIGN KEY (`lecturer_id`) REFERENCES `lecturers` (`id`),
  ADD CONSTRAINT `class_sessions_ibfk_4` FOREIGN KEY (`program_id`) REFERENCES `programs` (`id`),
  ADD CONSTRAINT `class_sessions_ibfk_5` FOREIGN KEY (`created_by`) REFERENCES `administrators` (`id`),
  ADD CONSTRAINT `class_sessions_ibfk_6` FOREIGN KEY (`updated_by`) REFERENCES `administrators` (`id`);

--
-- Constraints for table `constants`
--
ALTER TABLE `constants`
  ADD CONSTRAINT `constants_ibfk_1` FOREIGN KEY (`created_by`) REFERENCES `administrators` (`id`);

--
-- Constraints for table `debts`
--
ALTER TABLE `debts`
  ADD CONSTRAINT `debts_ibfk_1` FOREIGN KEY (`student_id`) REFERENCES `students` (`id`),
  ADD CONSTRAINT `debts_ibfk_2` FOREIGN KEY (`invoice_id`) REFERENCES `invoices` (`id`);

--
-- Constraints for table `enrollments`
--
ALTER TABLE `enrollments`
  ADD CONSTRAINT `enrollments_ibfk_1` FOREIGN KEY (`student_id`) REFERENCES `students` (`id`),
  ADD CONSTRAINT `enrollments_ibfk_2` FOREIGN KEY (`program_id`) REFERENCES `programs` (`id`),
  ADD CONSTRAINT `enrollments_ibfk_3` FOREIGN KEY (`level_id`) REFERENCES `levels` (`id`);

--
-- Constraints for table `expenses`
--
ALTER TABLE `expenses`
  ADD CONSTRAINT `expenses_ibfk_1` FOREIGN KEY (`created_by`) REFERENCES `administrators` (`id`),
  ADD CONSTRAINT `expenses_ibfk_2` FOREIGN KEY (`updated_by`) REFERENCES `administrators` (`id`),
  ADD CONSTRAINT `expenses_ibfk_3` FOREIGN KEY (`deleted_by`) REFERENCES `administrators` (`id`);

--
-- Constraints for table `graduation_clearance`
--
ALTER TABLE `graduation_clearance`
  ADD CONSTRAINT `graduation_clearance_ibfk_1` FOREIGN KEY (`student_id`) REFERENCES `students` (`id`) ON DELETE CASCADE,
  ADD CONSTRAINT `graduation_clearance_ibfk_2` FOREIGN KEY (`level_id`) REFERENCES `levels` (`id`) ON DELETE CASCADE,
  ADD CONSTRAINT `graduation_clearance_ibfk_3` FOREIGN KEY (`graduation_event_id`) REFERENCES `graduation_events` (`id`) ON DELETE CASCADE,
  ADD CONSTRAINT `graduation_clearance_ibfk_4` FOREIGN KEY (`cleared_by`) REFERENCES `administrators` (`id`) ON DELETE SET NULL;

--
-- Constraints for table `graduation_events`
--
ALTER TABLE `graduation_events`
  ADD CONSTRAINT `graduation_events_ibfk_1` FOREIGN KEY (`created_by`) REFERENCES `administrators` (`id`) ON DELETE SET NULL;

--
-- Constraints for table `invoices`
--
ALTER TABLE `invoices`
  ADD CONSTRAINT `invoices_ibfk_1` FOREIGN KEY (`student_id`) REFERENCES `students` (`id`),
  ADD CONSTRAINT `invoices_ibfk_2` FOREIGN KEY (`session_id`) REFERENCES `class_sessions` (`id`);

--
-- Constraints for table `levels`
--
ALTER TABLE `levels`
  ADD CONSTRAINT `levels_ibfk_1` FOREIGN KEY (`program_id`) REFERENCES `programs` (`id`);

--
-- Constraints for table `marks`
--
ALTER TABLE `marks`
  ADD CONSTRAINT `marks_ibfk_1` FOREIGN KEY (`marks_upload_id`) REFERENCES `marks_upload` (`id`) ON DELETE SET NULL,
  ADD CONSTRAINT `marks_ibfk_2` FOREIGN KEY (`student_id`) REFERENCES `students` (`id`) ON DELETE CASCADE,
  ADD CONSTRAINT `marks_ibfk_3` FOREIGN KEY (`unit_id`) REFERENCES `units` (`id`) ON DELETE CASCADE,
  ADD CONSTRAINT `marks_ibfk_4` FOREIGN KEY (`created_by`) REFERENCES `administrators` (`id`) ON DELETE SET NULL,
  ADD CONSTRAINT `marks_ibfk_5` FOREIGN KEY (`updated_by`) REFERENCES `administrators` (`id`) ON DELETE SET NULL,
  ADD CONSTRAINT `marks_ibfk_6` FOREIGN KEY (`deleted_by`) REFERENCES `administrators` (`id`) ON DELETE SET NULL;

--
-- Constraints for table `marks_upload`
--
ALTER TABLE `marks_upload`
  ADD CONSTRAINT `marks_upload_ibfk_1` FOREIGN KEY (`uploaded_by`) REFERENCES `administrators` (`id`) ON DELETE CASCADE;

--
-- Constraints for table `payments`
--
ALTER TABLE `payments`
  ADD CONSTRAINT `fk_payments_created_by` FOREIGN KEY (`created_by`) REFERENCES `administrators` (`id`),
  ADD CONSTRAINT `payments_ibfk_1` FOREIGN KEY (`invoice_id`) REFERENCES `invoices` (`id`),
  ADD CONSTRAINT `payments_ibfk_2` FOREIGN KEY (`student_id`) REFERENCES `students` (`id`);

--
-- Constraints for table `previous_completions`
--
ALTER TABLE `previous_completions`
  ADD CONSTRAINT `previous_completions_ibfk_1` FOREIGN KEY (`student_id`) REFERENCES `students` (`id`),
  ADD CONSTRAINT `previous_completions_ibfk_2` FOREIGN KEY (`level_id`) REFERENCES `levels` (`id`);

--
-- Constraints for table `receipts`
--
ALTER TABLE `receipts`
  ADD CONSTRAINT `receipts_ibfk_1` FOREIGN KEY (`payment_id`) REFERENCES `payments` (`id`);

--
-- Constraints for table `remittances`
--
ALTER TABLE `remittances`
  ADD CONSTRAINT `remittances_ibfk_1` FOREIGN KEY (`created_by`) REFERENCES `administrators` (`id`);

--
-- Constraints for table `remittance_sessions`
--
ALTER TABLE `remittance_sessions`
  ADD CONSTRAINT `remittance_sessions_ibfk_1` FOREIGN KEY (`remittance_id`) REFERENCES `remittances` (`id`),
  ADD CONSTRAINT `remittance_sessions_ibfk_2` FOREIGN KEY (`session_id`) REFERENCES `class_sessions` (`id`);

--
-- Constraints for table `students`
--
ALTER TABLE `students`
  ADD CONSTRAINT `fk_students_created_by` FOREIGN KEY (`created_by`) REFERENCES `administrators` (`id`) ON DELETE SET NULL ON UPDATE CASCADE,
  ADD CONSTRAINT `fk_students_deleted_by` FOREIGN KEY (`deleted_by`) REFERENCES `administrators` (`id`) ON DELETE SET NULL ON UPDATE CASCADE,
  ADD CONSTRAINT `fk_students_updated_by` FOREIGN KEY (`updated_by`) REFERENCES `administrators` (`id`) ON DELETE SET NULL ON UPDATE CASCADE;

--
-- Constraints for table `units`
--
ALTER TABLE `units`
  ADD CONSTRAINT `units_ibfk_1` FOREIGN KEY (`level_id`) REFERENCES `levels` (`id`);
COMMIT;

/*!40101 SET CHARACTER_SET_CLIENT=@OLD_CHARACTER_SET_CLIENT */;
/*!40101 SET CHARACTER_SET_RESULTS=@OLD_CHARACTER_SET_RESULTS */;
/*!40101 SET COLLATION_CONNECTION=@OLD_COLLATION_CONNECTION */;
